id,quantity,name,set_code,set_name,collector_number,foil,rarity,language,purchase_price,purchase_price_currency,scryfall_id,type_line,mana_cost,cmc,colors,color_identity,oracle_text,released_at
1448,1,A Little Chat,SNC,Streets of New Capenna,47,normal,uncommon,en,0.3,EUR,4d7424b6-b56a-47b7-8204-294d3dca925f,Instant,{1}{U},2.0,"[""U""]","[""U""]","Casualty 1 (As you cast this spell, you may sacrifice a creature with power 1 or greater. When you do, copy this spell.)
Look at the top two cards of your library. Put one of them into your hand and the other on the bottom of your library.",2022-04-29
2284,1,Aang's Iceberg,TLA,Avatar: The Last Airbender,5,normal,rare,en,0.85,EUR,720fbd87-b1c1-4b3b-97a1-46b943b115e3,Enchantment,{2}{W},3.0,"[""W""]","[""W""]","Flash
When this enchantment enters, exile up to one other target nonland permanent until this enchantment leaves the battlefield.
Waterbend {3}: Sacrifice this enchantment. If you do, scry 2. (While paying a waterbend cost, you can tap your artifacts and creatures to help. Each one pays for {1}.)",2025-11-21
2277,1,Aang's Journey,TLA,Avatar: The Last Airbender,1,normal,common,en,0.3,EUR,5e51f727-5a9b-4bc7-83a9-dbcf1c933e15,Sorcery — Lesson,{2},2.0,[],[],"Kicker {2} (You may pay an additional {2} as you cast this spell.)
Search your library for a basic land card. If this spell was kicked, instead search your library for a basic land card and a Shrine card. Reveal those cards, put them into your hand, then shuffle.
You gain 2 life.",2025-11-21
1,1,Abundant Maw,EMN,Eldritch Moon,1,normal,uncommon,en,0.3,EUR,8a4e7ef7-7958-4d7c-b319-4d3db7955002,Creature — Eldrazi Leech,{8},8.0,[],"[""B""]","Emerge {6}{B} (You may cast this spell by sacrificing a creature and paying the emerge cost reduced by that creature's mana value.)
When you cast this spell, target opponent loses 3 life and you gain 3 life.",2016-07-22
286,1,Abyssal Gorestalker,LCI,The Lost Caverns of Ixalan,87,normal,uncommon,en,0.3,EUR,a559f77f-1f10-475b-9361-7f297d50f254,Creature — Horror,{4}{B}{B},6.0,"[""B""]","[""B""]","When this creature enters, each player sacrifices two creatures of their choice.",2023-11-17
2509,1,Abzan Devotee,TDM,Tarkir: Dragonstorm,68,normal,common,en,0.3,EUR,66555946-e747-46fa-b1ac-b103a8edcd93,,,,,,,
1449,1,Academy Journeymage,DOM,Dominaria,41,normal,common,en,0.3,EUR,a46a65e0-66a3-4896-8acc-0ad5e9927c40,Creature — Human Wizard,{4}{U},5.0,"[""U""]","[""U""]","This spell costs {1} less to cast if you control a Wizard.
When this creature enters, return target creature an opponent controls to its owner's hand.",2018-04-27
2332,1,Accumulate Wisdom,TLA,Avatar: The Last Airbender,44,normal,uncommon,en,1.11,EUR,a6335319-6c92-40d4-ab2d-c06c79049c30,Instant — Lesson,{1}{U},2.0,"[""U""]","[""U""]",Look at the top three cards of your library. Put one of those cards into your hand and the rest on the bottom of your library in any order. Put each of those cards into your hand instead if there are three or more Lesson cards in your graveyard.,2025-11-21
287,5,Accursed Spirit,M15,Magic 2015,85,normal,common,en,0.3,EUR,2513fe72-4e20-49e6-9970-839f1c635792,Creature — Spirit,{3}{B},4.0,"[""B""]","[""B""]",Intimidate (This creature can't be blocked except by artifact creatures and/or creatures that share a color with it.),2014-07-18
1818,1,Acolyte's Reward,BNG,Born of the Gods,1,normal,uncommon,en,0.3,EUR,cd8980af-c3fa-4027-917a-4a3d441c0a75,Instant,{1}{W},2.0,"[""W""]","[""W""]","Prevent the next X damage that would be dealt to target creature this turn, where X is your devotion to white. If damage is prevented this way, Acolyte's Reward deals that much damage to any target. (Each {W} in the mana costs of permanents you control counts toward your devotion to white.)",2014-02-07
1450,1,Acquisition Octopus,NEO,Kamigawa: Neon Dynasty,44,normal,uncommon,en,0.3,EUR,8e971a72-31db-4b7e-b9b9-9f45e8c3f87e,Artifact Creature — Equipment Octopus,{2}{U},3.0,"[""U""]","[""U""]","Whenever this creature or equipped creature deals combat damage to a player, draw a card.
Reconfigure {2} ({2}: Attach to target creature you control; or unattach from a creature. Reconfigure only as a sorcery. While attached, this isn't a creature.)",2022-02-18
1819,1,Acrobatic Cheerleader,DSK,Duskmourn: House of Horror,1,normal,common,en,0.3,EUR,6f1a7590-3eee-4803-b192-d4fb771e6a86,Creature — Human Survivor,{1}{W},2.0,"[""W""]","[""W""]","Survival — At the beginning of your second main phase, if this creature is tapped, put a flying counter on it. This ability triggers only once.",2024-09-27
1820,1,Acrobatic Leap,LCI,The Lost Caverns of Ixalan,2,normal,common,en,0.3,EUR,47f82d84-03ad-42dd-80ce-f0ac5e353e46,Instant,{W},1.0,"[""W""]","[""W""]",Target creature gets +1/+3 and gains flying until end of turn. Untap it.,2023-11-17
1034,2,Act of Treason,M20,Core Set 2020,124,normal,common,en,0.3,EUR,20234668-53ce-4cc8-892f-30ee3ecfc34c,Sorcery,{2}{R},3.0,"[""R""]","[""R""]",Gain control of target creature until end of turn. Untap that creature. It gains haste until end of turn. (It can attack and {T} this turn.),2019-07-12
1035,1,Act on Impulse,M15,Magic 2015,126,normal,uncommon,en,0.3,EUR,bfe513d1-2509-4051-ba85-49a19479fa5c,Sorcery,{2}{R},3.0,"[""R""]","[""R""]","Exile the top three cards of your library. Until end of turn, you may play those cards. (If you cast a spell this way, you still pay its costs. You can play a land this way only if you have an available land play remaining.)",2014-07-18
2590,2,Action News Crew,TMT,Teenage Mutant Ninja Turtles,1,normal,common,en,0.3,EUR,bc0f5ca8-47bd-4451-8fd1-a312ff7d31ec,,,,,,,
1821,1,Adamant Will,DOM,Dominaria,2,normal,common,en,0.3,EUR,3dfb8817-ca3c-44ba-92f2-e9d6294cd25d,Instant,{1}{W},2.0,"[""W""]","[""W""]","Target creature gets +2/+2 and gains indestructible until end of turn. (Damage and effects that say ""destroy"" don't destroy it.)",2018-04-27
1036,1,Adder-Staff Boggart,LRW,Lorwyn,148,normal,common,en,0.3,EUR,d116839f-6a3a-4a2e-a3ab-ea177c012746,Creature — Goblin Warrior,{1}{R},2.0,"[""R""]","[""R""]","When this creature enters, clash with an opponent. If you win, put a +1/+1 counter on this creature. (Each clashing player reveals the top card of their library, then puts that card on their choice of the top or bottom. A player wins if their card had a greater mana value.)",2007-10-12
1822,1,Adelbert Steiner,FIN,Final Fantasy,422,normal,uncommon,en,0.85,EUR,817ffbb6-5e7c-4498-af65-9e3d0cc5bcd6,Legendary Creature — Human Knight,{1}{W},2.0,"[""W""]","[""W""]","Lifelink
Adelbert Steiner gets +1/+1 for each Equipment you control.",2025-06-13
647,2,Adventurous Impulse,DOM,Dominaria,153,normal,common,en,0.3,EUR,f426c92c-6e71-49f0-9a91-0d529bf8c17d,Sorcery,{G},1.0,"[""G""]","[""G""]",Look at the top three cards of your library. You may reveal a creature or land card from among them and put it into your hand. Put the rest on the bottom of your library in any order.,2018-04-27
1823,1,Aegis Angel,E01,Archenemy: Nicol Bolas,1,normal,rare,en,0.85,EUR,3d27e65f-6d55-420e-a843-16097b50f7a2,Creature — Angel,{4}{W}{W},6.0,"[""W""]","[""W""]","Flying (This creature can't be blocked except by creatures with flying or reach.)
When this creature enters, another target permanent gains indestructible for as long as you control this creature. (Effects that say ""destroy"" don't destroy it. A creature with indestructible can't be destroyed by damage.)",2017-06-16
648,1,Aerial Volley,ORI,Magic Origins,168,normal,common,en,0.3,EUR,c5178301-f766-48d3-af07-6bd6f822c725,Instant,{G},1.0,"[""G""]","[""G""]","Aerial Volley deals 3 damage divided as you choose among one, two, or three target creatures with flying.",2015-07-17
1824,1,Aeronaut Admiral,AER,Aether Revolt,2,normal,uncommon,en,0.3,EUR,ff15c06c-160d-4960-92d5-6f8e7b33f051,Creature — Human Pilot,{3}{W},4.0,"[""W""]","[""W""]","Flying
Vehicles you control have flying.",2017-01-20
1825,1,Aeronaut Cavalry,BRO,The Brothers' War,1,normal,common,en,0.3,EUR,38a62bb2-bc33-44d4-9a7e-92c9ea7d3c2c,Creature — Human Soldier,{4}{W},5.0,"[""W""]","[""W""]","Flying
When this creature enters, put a +1/+1 counter on another target Soldier you control.",2022-11-18
1451,5,Aeronaut Tinkerer,PURL,URL/Convention Promos,8,foil,common,en,0.3,EUR,21c3a636-962f-46e0-9c9e-48523547acd0,Creature — Human Artificer,{2}{U},3.0,"[""U""]","[""U""]",This creature has flying as long as you control an artifact. (It can't be blocked except by creatures with flying or reach.),2015-01-23
2,1,Aeronaut's Wings,BRO,The Brothers' War,231,normal,common,en,0.3,EUR,fcc65821-e4e7-471c-941c-9d3e25ae8bb9,Artifact — Equipment,{2},2.0,[],[],"Equipped creature gets +1/+0 and has flying.
Equip {2} ({2}: Attach to target creature you control. Equip only as a sorcery.)",2022-11-18
3,1,Aesthir Glider,DOM,Dominaria,209,normal,common,en,0.3,EUR,25afd4a7-4253-4a4e-a105-e92f64460faa,Artifact Creature — Bird Construct,{3},3.0,[],[],"Flying
This creature can't block.",2018-04-27
1452,1,Aether Figment,DDM,Duel Decks: Jace vs. Vraska,5,normal,uncommon,en,0.3,EUR,15fd5ce4-335f-409c-a09e-e17a41c2da71,Creature — Illusion,{1}{U},2.0,"[""U""]","[""U""]","Kicker {3} (You may pay an additional {3} as you cast this spell.)
If this creature was kicked, it enters with two +1/+1 counters on it.
This creature can't be blocked.",2014-03-14
1826,1,Aether Inspector,AER,Aether Revolt,3,normal,common,en,0.3,EUR,f5dcbe97-d582-464e-98e7-dd06d8652606,Creature — Dwarf Artificer,{3}{W},4.0,"[""W""]","[""W""]","Vigilance
When this creature enters, you get {E}{E} (two energy counters).
Whenever this creature attacks, you may pay {E}{E}. If you do, create a 1/1 colorless Servo artifact creature token.",2017-01-20
1453,1,Aether Theorist,KLD,Kaladesh,37,normal,common,en,0.3,EUR,882b5580-ee23-4d65-a2b3-82475d6faf8e,Creature — Vedalken Rogue,{1}{U},2.0,"[""U""]","[""U""]","When this creature enters, you get {E}{E}{E} (three energy counters).
{T}, Pay {E}: Scry 1. (Look at the top card of your library. You may put that card on the bottom.)",2016-09-30
1454,1,Aether Tradewinds,KLD,Kaladesh,38,normal,common,en,0.3,EUR,26fe4768-fe18-4698-885d-86f5ad150125,Instant,{2}{U},3.0,"[""U""]","[""U""]",Return target permanent you control and target permanent you don't control to their owners' hands.,2016-09-30
1455,1,Aetherspouts,M15,Magic 2015,44,normal,rare,en,1.97,EUR,46f1b48f-6528-46bd-a384-2358af25e500,Instant,{3}{U}{U},5.0,"[""U""]","[""U""]","For each attacking creature, its owner puts it on their choice of the top or bottom of their library.",2014-07-18
649,1,Agatha's Champion,WOE,Wilds of Eldraine,160,normal,uncommon,en,0.3,EUR,92652c41-1239-4299-a486-11fe1a96e912,Creature — Human Knight,{4}{G},5.0,"[""G""]","[""G""]","Bargain (You may sacrifice an artifact, enchantment, or token as you cast this spell.)
Trample
When this creature enters, if it was bargained, it fights up to one target creature you don't control. (Each deals damage equal to its power to the other.)",2023-09-08
1456,1,Agency Outfitter,MKM,Murders at Karlov Manor,38,normal,uncommon,en,0.3,EUR,8112f133-535e-4264-8357-9cbf97957710,Creature — Sphinx Detective,{4}{U}{U},6.0,"[""U""]","[""U""]","Flying
When this creature enters, you may search your graveyard, hand and/or library for a card named Magnifying Glass and/or a card named Thinking Cap and put them onto the battlefield. If you search your library this way, shuffle.",2024-02-09
2544,1,Agent of Kotis,TDM,Tarkir: Dragonstorm,36,normal,common,en,0.3,EUR,812d0462-0158-467f-951d-a7a121188a10,,,,,,,
650,1,Aim High,BBD,Battlebond,189,normal,uncommon,en,0.3,EUR,f7eda02d-ef3e-43e9-a557-8760221ee49a,Instant,{1}{G},2.0,"[""G""]","[""G""]",Untap target creature. It gets +2/+2 and gains reach until end of turn.,2018-06-08
1827,1,Airlift Chaplain,BRO,The Brothers' War,2,normal,common,en,0.3,EUR,7ad55575-6053-43b1-9496-bcb1ea25e2a1,Creature — Human Cleric,{2}{W},3.0,"[""W""]","[""W""]","Flying
When this creature enters, mill three cards. You may put a Plains card or a creature card with mana value 3 or less from among the cards milled this way into your hand. If you don't, put a +1/+1 counter on this creature. (To mill a card, put the top card of your library into your graveyard.)",2022-11-18
1828,1,Ajani's Presence,JOU,Journey into Nyx,2,normal,common,en,0.3,EUR,e77e2fd5-5c46-4f6b-ac43-ec23fab57a1a,Instant,{W},1.0,"[""W""]","[""W""]","Strive — This spell costs {2}{W} more to cast for each target beyond the first.
Any number of target creatures each get +1/+1 and gain indestructible until end of turn. (Damage and effects that say ""destroy"" don't destroy them.)",2014-05-02
1829,1,Ajani's Pridemate,WAR,War of the Spark,4,normal,uncommon,en,0.3,EUR,b3656310-093d-4724-a399-7f7010843b1f,Creature — Cat Soldier,{1}{W},2.0,"[""W""]","[""W""]","Whenever you gain life, put a +1/+1 counter on this creature.",2019-05-03
1037,1,Akki Drillmaster,SOK,Saviors of Kamigawa,92,normal,common,en,0.3,EUR,7fb63254-5786-43fb-8ccd-132095a55e64,Creature — Goblin Shaman,{2}{R},3.0,"[""R""]","[""R""]",{T}: Target creature gains haste until end of turn.,2005-06-03
1038,1,Akki Ember-Keeper,NEO,Kamigawa: Neon Dynasty,130,normal,common,en,0.3,EUR,4d83e837-fcd1-4833-9117-e6f1bb53caad,Enchantment Creature — Goblin Warrior,{1}{R},2.0,"[""R""]","[""R""]","Whenever a nontoken modified creature you control dies, create a 1/1 colorless Spirit creature token. (Equipment, Auras you control, and counters are modifications.)",2022-02-18
1039,1,Akki Rockspeaker,CHK,Champions of Kamigawa,154,normal,common,en,0.3,EUR,9c8b6685-2c74-4026-aef0-73ca7bc43306,Creature — Goblin Shaman,{1}{R},2.0,"[""R""]","[""R""]","When this creature enters, add {R}.",2004-10-01
2249,2,Akki Ronin,NEO,Kamigawa: Neon Dynasty,131,normal,common,en,0.3,EUR,96f15754-1ca6-45b0-a7de-2fe507df2a1a,Creature — Goblin Samurai,{1}{R},2.0,"[""R""]","[""R""]","Whenever a Samurai or Warrior you control attacks alone, you may discard a card. If you do, draw a card.",2022-02-18
1040,1,Akki Underling,SOK,Saviors of Kamigawa,93,normal,common,en,0.3,EUR,106382db-56aa-4061-9d1e-17821937f1de,Creature — Goblin Warrior,{1}{R},2.0,"[""R""]","[""R""]","As long as you have seven or more cards in hand, this creature gets +2/+1 and has first strike.",2005-06-03
1041,1,Akki War Paint,NEO,Kamigawa: Neon Dynasty,132,normal,common,en,0.3,EUR,f110698e-a343-4eff-ba23-ed7ac5a3f87b,Enchantment — Aura,{R},1.0,"[""R""]","[""R""]","Enchant artifact or creature
As long as enchanted permanent is a creature, it gets +2/+1.",2022-02-18
1830,1,Akrasan Squire,ALA,Shards of Alara,1,normal,common,en,0.68,EUR,59fdc045-b938-4321-aec3-51685cbbaa52,Creature — Human Soldier,{W},1.0,"[""W""]","[""W""]","Exalted (Whenever a creature you control attacks alone, that creature gets +1/+1 until end of turn.)",2008-10-03
1438,1,Akroan Hoplite,CN2,Conspiracy: Take the Crown,197,normal,uncommon,en,0.3,EUR,04aa9d4f-37cc-4fc8-877a-6190f96eb509,Creature — Human Soldier,{R}{W},2.0,"[""R"",""W""]","[""R"",""W""]","Whenever this creature attacks, it gets +X/+0 until end of turn, where X is the number of attacking creatures you control.",2016-08-26
1831,1,Akroan Jailer,ORI,Magic Origins,1,normal,common,en,0.3,EUR,8d96bc2b-2e31-4654-b192-c3f023d9fde6,Creature — Human Soldier,{W},1.0,"[""W""]","[""W""]","{2}{W}, {T}: Tap target creature.",2015-07-17
1832,1,Akroan Phalanx,BNG,Born of the Gods,2,normal,uncommon,en,0.3,EUR,fe23019a-e432-4a27-8acb-b17728a1e8b0,Creature — Human Soldier,{3}{W},4.0,"[""W""]","[""R"",""W""]","Vigilance
{2}{R}: Creatures you control get +1/+0 until end of turn.",2014-02-07
1042,1,Akroan Sergeant,ORI,Magic Origins,130,normal,common,en,0.3,EUR,31913547-460c-45b3-be23-89f0e3a43325,Creature — Human Soldier,{2}{R},3.0,"[""R""]","[""R""]","First strike (This creature deals combat damage before creatures without first strike.)
Renown 1 (When this creature deals combat damage to a player, if it isn't renowned, put a +1/+1 counter on it and it becomes renowned.)",2015-07-17
1833,2,Akroan Skyguard,BNG,Born of the Gods,3,normal,common,en,0.3,EUR,d55e85c3-234e-49c4-a307-96fb4497eea8,Creature — Human Soldier,{1}{W},2.0,"[""W""]","[""W""]","Flying
Heroic — Whenever you cast a spell that targets this creature, put a +1/+1 counter on this creature.",2014-02-07
288,3,Al Bhed Salvagers,FIN,Final Fantasy,88,normal,uncommon,en,0.3,EUR,58ccdcfc-a669-480f-bded-4273cfaf2045,Creature — Human Artificer Warrior,{2}{B},3.0,"[""B""]","[""B""]","Whenever this creature or another creature or artifact you control dies, target opponent loses 1 life and you gain 1 life.",2025-06-13
4,1,Alchemist's Vial,ORI,Magic Origins,220,normal,common,en,0.3,EUR,251f89c5-d4da-4754-83fa-218c8864ef41,Artifact,{2},2.0,[],[],"When this artifact enters, draw a card.
{1}, {T}, Sacrifice this artifact: Target creature can't attack or block this turn.",2015-07-17
1043,2,Altac Bloodseeker,M15,Magic 2015,128,normal,uncommon,en,0.3,EUR,f5dacedc-f532-43b3-a783-e1dc7ccea53b,Creature — Human Berserker,{1}{R},2.0,"[""R""]","[""R""]","Whenever a creature an opponent controls dies, this creature gets +2/+0 and gains first strike and haste until end of turn. (It deals combat damage before creatures without first strike, and it can attack and {T} as soon as it comes under your control.)",2014-07-18
289,2,Altar's Reap,CMA,Commander Anthology,45,normal,common,en,0.42,EUR,1db55625-25a5-46eb-9d9c-9b3ed219359f,Instant,{1}{B},2.0,"[""B""]","[""B""]","As an additional cost to cast this spell, sacrifice a creature.
Draw two cards.",2017-06-09
1834,1,Ambush Paratrooper,BRO,The Brothers' War,3,normal,common,en,0.3,EUR,cfa00c0e-163d-4f59-b8b9-3ee9143d27bb,Creature — Human Soldier,{1}{W},2.0,"[""W""]","[""W""]","Flash
Flying
{5}: Creatures you control get +1/+1 until end of turn.",2022-11-18
1457,4,Amphin Pathmage,M15,Magic 2015,45,normal,common,en,0.3,EUR,eafd2e27-01d0-4894-886e-2b8776904ab9,Creature — Salamander Wizard,{3}{U},4.0,"[""U""]","[""U""]",{2}{U}: Target creature can't be blocked this turn.,2014-07-18
1835,1,Ancestral Blade,M20,Core Set 2020,3,normal,uncommon,en,0.3,EUR,2ba18114-af6c-48cd-82c9-eb6541d566bf,Artifact — Equipment,{1}{W},2.0,"[""W""]","[""W""]","When this Equipment enters, create a 1/1 white Soldier creature token, then attach this Equipment to it.
Equipped creature gets +1/+1.
Equip {1} ({1}: Attach to target creature you control. Equip only as a sorcery.)",2019-07-12
1836,2,Ancestral Katana,NEO,Kamigawa: Neon Dynasty,1,normal,common,en,0.3,EUR,d9b1ed43-ee6c-43a2-ba94-5bf71c63e070,Artifact — Equipment,{1}{W},2.0,"[""W""]","[""W""]","Whenever a Samurai or Warrior you control attacks alone, you may pay {1}. When you do, attach this Equipment to it.
Equipped creature gets +2/+1.
Equip {3} ({3}: Attach to target creature you control. Equip only as a sorcery.)",2022-02-18
1458,4,Anchor to Reality,NEO,Kamigawa: Neon Dynasty,45,normal,uncommon,en,0.3,EUR,58141ad0-32ea-4e07-a133-ff7812d58c0e,Sorcery,{2}{U}{U},4.0,"[""U""]","[""U""]","As an additional cost to cast this spell, sacrifice an artifact or creature.
Search your library for an Equipment or Vehicle card, put that card onto the battlefield, then shuffle. If it has mana value less than the sacrificed permanent's mana value, scry 2.",2022-02-18
2239,2,Ancient Silverback,M15,Magic 2015,168,normal,uncommon,en,0.3,EUR,7b24ea58-0690-45d7-a84b-265b6277b59a,Creature — Ape,{4}{G}{G},6.0,"[""G""]","[""G""]","{G}: Regenerate this creature. (The next time this creature would be destroyed this turn, instead tap it, remove it from combat, and heal all damage on it.)",2014-07-18
1837,2,Angel of Flight Alabaster,ISD,Innistrad,2,normal,rare,en,0.42,EUR,8dfe629f-485c-4619-9713-32d2ae406e63,Creature — Angel,{4}{W},5.0,"[""W""]","[""W""]","Flying
At the beginning of your upkeep, return target Spirit card from your graveyard to your hand.",2011-09-30
1838,1,Angel of Glory's Rise,PAVR,Avacyn Restored Promos,A9,foil,rare,en,0.59,EUR,00e27348-54c7-4b48-bd04-884938c84728,Creature — Angel,{5}{W}{W},7.0,"[""W""]","[""W""]","Flying
When this creature enters, exile all Zombies, then return all Human creature cards from your graveyard to the battlefield.",2013-02-01
1839,1,Angel of Salvation,DDF,Duel Decks: Elspeth vs. Tezzeret,20,normal,rare,en,0.42,EUR,1dbe2835-62fe-4a9a-aea4-04983377a4b9,Creature — Angel,{6}{W}{W},8.0,"[""W""]","[""W""]","Flash; convoke (Your creatures can help cast this spell. Each creature you tap while casting this spell pays for {1} or one mana of that creature's color.)
Flying
When this creature enters, prevent the next 5 damage that would be dealt this turn to any number of targets, divided as you choose.",2010-09-03
1840,1,Angel of Serenity,CM2,Commander Anthology Volume II,16,normal,mythic,en,1.28,EUR,85858fe0-dba3-49f7-9467-0aa68797bac4,Creature — Angel,{4}{W}{W}{W},7.0,"[""W""]","[""W""]","Flying
When this creature enters, you may exile up to three other target creatures from the battlefield and/or creature cards from graveyards.
When this creature leaves the battlefield, return the exiled cards to their owners' hands.",2018-06-08
5,1,Angel's Tomb,ORI,Magic Origins,222,normal,uncommon,en,0.3,EUR,fffaa737-ce46-4f35-aa8c-bd9bb77ed9f6,Artifact,{3},3.0,[],[],"Whenever a creature you control enters, you may have this artifact become a 3/3 white Angel artifact creature with flying until end of turn.",2015-07-17
1841,1,Angelic Arbiter,CMA,Commander Anthology,4,normal,rare,en,4.29,EUR,6f2833f5-283d-4e86-8caf-f4f97432622e,Creature — Angel,{5}{W}{W},7.0,"[""W""]","[""W""]","Flying
Each opponent who cast a spell this turn can't attack with creatures.
Each opponent who attacked with a creature this turn can't cast spells.",2017-06-09
1842,1,Angelic Gift,M20,Core Set 2020,5,normal,common,en,0.3,EUR,35100197-7914-450e-9205-57cb4fc345d6,Enchantment — Aura,{1}{W},2.0,"[""W""]","[""W""]","Enchant creature
When this Aura enters, draw a card.
Enchanted creature has flying.",2019-07-12
1843,1,Angelic Observer,SNC,Streets of New Capenna,1,normal,uncommon,en,0.3,EUR,e6cce4d3-e6d8-4c6f-9d9c-c0a8a607a42f,Creature — Angel Advisor,{5}{W},6.0,"[""W""]","[""W""]","Affinity for Citizens (This spell costs {1} less to cast for each Citizen you control.)
Flying",2022-04-29
1844,3,Angelsong,DVD,Duel Decks Anthology: Divine vs. Demonic,15,normal,common,en,0.85,EUR,dfdf70c7-49e2-4f6a-99e2-075aa826de60,Instant,{1}{W},2.0,"[""W""]","[""W""]","Prevent all combat damage that would be dealt this turn.
Cycling {2} ({2}, Discard this card: Draw a card.)",2014-12-05
1845,1,Anointer of Valor,CMR,Commander Legends,8,normal,common,en,0.3,EUR,d66fcbb8-0fa5-48a9-b40c-d5a12f09a858,Creature — Angel,{5}{W},6.0,"[""W""]","[""W""]","Flying
Whenever a creature attacks, you may pay {3}. When you do, put a +1/+1 counter on that creature.",2020-11-20
1044,1,Antagonize,SNC,Streets of New Capenna,100,normal,common,en,0.3,EUR,8bac1d2a-99dd-40b3-8823-ce9225efcdcf,Instant,{1}{R},2.0,"[""R""]","[""R""]",Target creature gets +4/+3 until end of turn.,2022-04-29
1459,5,Anticipate,M20,Core Set 2020,45,normal,common,en,0.3,EUR,2080556a-6c76-4819-9eb2-c4dd4c9dbd67,Instant,{1}{U},2.0,"[""U""]","[""U""]",Look at the top three cards of your library. Put one of them into your hand and the rest on the bottom of your library in any order.,2019-07-12
6,1,Anvilwrought Raptor,M20,Core Set 2020,221,normal,common,en,0.3,EUR,aa6d7bbe-0418-4a58-a97b-13b50eb0b642,Artifact Creature — Bird,{4},4.0,[],[],"Flying
First strike (This creature deals combat damage before creatures without first strike.)",2019-07-12
1846,1,Apothecary Geist,SOI,Shadows over Innistrad,4,normal,common,en,0.3,EUR,37e2358c-211e-4d79-8120-88bb9e656cba,Creature — Spirit,{3}{W},4.0,"[""W""]","[""W""]","Flying
When this creature enters, if you control another Spirit, you gain 3 life.",2016-04-08
1021,1,Appeal // Authority,HOU,Hour of Devastation,152,normal,uncommon,en,0.3,EUR,2c25b8ef-6331-49df-9457-b8b4e44da2c9,Sorcery // Sorcery,{G} // {1}{W},3.0,"[""G"",""W""]","[""G"",""W""]",,2017-07-14
2363,1,Appeal to Eirdu,ECL,Lorwyn Eclipsed,5,normal,common,en,0.3,EUR,68ce9752-21f9-48e9-bf48-7f76f1cecbc5,Instant,{3}{W},4.0,"[""W""]","[""W""]","Convoke (Your creatures can help cast this spell. Each creature you tap while casting this spell pays for {1} or one mana of that creature's color.)
One or two target creatures each get +2/+1 until end of turn.",2026-01-23
2447,1,Appeal to Eirdu,ECL,Lorwyn Eclipsed,5,normal,common,en,0.3,EUR,68ce9752-21f9-48e9-bf48-7f76f1cecbc5,Instant,{3}{W},4.0,"[""W""]","[""W""]","Convoke (Your creatures can help cast this spell. Each creature you tap while casting this spell pays for {1} or one mana of that creature's color.)
One or two target creatures each get +2/+1 until end of turn.",2026-01-23
290,1,Appendage Amalgam,DSK,Duskmourn: House of Horror,83,normal,common,en,0.3,EUR,d16b3cf3-7b85-4153-b25a-e6b5fce725cf,Enchantment Creature — Horror,{2}{B},3.0,"[""B""]","[""B""]","Flash
Whenever this creature attacks, surveil 1. (Look at the top card of your library. You may put it into your graveyard.)",2024-09-27
651,2,Appetite for the Unnatural,KLD,Kaladesh,141,normal,common,en,0.3,EUR,b8aa8840-31f8-4263-b992-40584e31595a,Instant,{2}{G},3.0,"[""G""]","[""G""]",Destroy target artifact or enchantment. You gain 2 life.,2016-09-30
1010,1,Applied Biomancy,RNA,Ravnica Allegiance,153,normal,common,en,0.3,EUR,f91ed618-7b0b-4a70-95ad-d9ed46e28692,Instant,{G}{U},2.0,"[""G"",""U""]","[""G"",""U""]","Choose one or both —
• Target creature gets +1/+1 until end of turn.
• Return target creature to its owner's hand.",2019-01-25
2528,1,Apprentice Wizard,2XM,Double Masters,40,normal,common,en,0.3,EUR,e13026a8-7e3c-45b2-9838-080f14ae4b29,,,,,,,
2409,1,Aquitect's Defenses,ECL,Lorwyn Eclipsed,44,normal,common,en,0.3,EUR,9af9a907-fd2e-4ae0-ac7b-529074b79a14,Enchantment — Aura,{1}{U},2.0,"[""U""]","[""U""]","Flash
Enchant creature you control
When this Aura enters, enchanted creature gains hexproof until end of turn. (It can't be the target of spells or abilities your opponents control.)
Enchanted creature gets +1/+2.",2026-01-23
1847,2,Araba Mothrider,SOK,Saviors of Kamigawa,2,normal,common,en,0.3,EUR,f6e4a170-1075-47e4-abe6-996b161573c1,Creature — Human Samurai,{1}{W},2.0,"[""W""]","[""W""]","Flying
Bushido 1 (Whenever this creature blocks or becomes blocked, it gets +1/+1 until end of turn.)",2005-06-03
1022,1,"Aragorn and Arwen, Wed",LTR,The Lord of the Rings: Tales of Middle-earth,394,normal,mythic,en,34.37,EUR,31540016-1896-47f7-9c4d-f07598c75421,Legendary Creature — Human Elf Noble,{4}{G}{W},6.0,"[""G"",""W""]","[""G"",""W""]","Vigilance
Whenever Aragorn and Arwen enters or attacks, put a +1/+1 counter on each other creature you control. You gain 1 life for each other creature you control.",2023-06-23
990,1,Arbalest Engineers,BRO,The Brothers' War,206,normal,uncommon,en,0.3,EUR,df343bf9-f535-42c7-a2d0-8adfd068b354,Creature — Human Artificer,{1}{R}{G},3.0,"[""G"",""R""]","[""G"",""R""]","When this creature enters, choose one —
• This creature deals 1 damage to any target.
• Put a +1/+1 counter on target creature. It gains trample and haste until end of turn.
• Create a tapped Powerstone token. (It's an artifact with ""{T}: Add {C}. This mana can't be spent to cast a nonartifact spell."")",2022-11-18
652,2,Arbor Armament,DOM,Dominaria,155,normal,common,en,0.3,EUR,bceb365c-5de6-47ae-b42d-7fbce7781f8e,Instant,{G},1.0,"[""G""]","[""G""]",Put a +1/+1 counter on target creature. That creature gains reach until end of turn. (It can block creatures with flying.),2018-04-27
653,1,Arborback Stomper,KLD,Kaladesh,142,normal,uncommon,en,0.3,EUR,788b9d55-6679-4fcc-a3af-11d31e477421,Creature — Beast,{3}{G}{G},5.0,"[""G""]","[""G""]","Trample
When this creature enters, you gain 5 life.",2016-09-30
1460,1,Arcane Flight,DOM,Dominaria,43,normal,common,en,0.3,EUR,09fbb1c0-ba57-4a5a-8ad6-77fbc6aeeec9,Enchantment — Aura,{U},1.0,"[""U""]","[""U""]","Enchant creature
Enchanted creature gets +1/+1 and has flying.",2018-04-27
291,3,Archon of Cruelty,MH2,Modern Horizons 2,75,normal,mythic,en,6.87,EUR,1be9d9a4-d7ee-4854-abc2-85cabf993ec9,Creature — Archon,{6}{B}{B},8.0,"[""B""]","[""B""]","Flying
Whenever this creature enters or attacks, target opponent sacrifices a creature or planeswalker of their choice, discards a card, and loses 3 life. You draw a card and gain 3 life.",2021-06-18
7,1,Argivian Avenger,BRO,The Brothers' War,232,normal,uncommon,en,0.3,EUR,28e3bf5a-0a90-46d3-bcfe-9a47df41b72b,Artifact Creature — Shapeshifter,{6},6.0,[],[],"{1}: Until end of turn, this creature gets -1/-1 and gains your choice of flying, vigilance, deathtouch, or haste.",2022-11-18
1461,1,Armguard Familiar,NEO,Kamigawa: Neon Dynasty,46,normal,common,en,0.3,EUR,7497f147-146d-4a76-b670-bd84e07352b3,Artifact Creature — Equipment Beast,{1}{U},2.0,"[""U""]","[""U""]","Ward {2} (Whenever this permanent becomes the target of a spell or ability an opponent controls, counter it unless that player pays {2}.)
Equipped creature gets +2/+1 and has ward {2}.
Reconfigure {4} ({4}: Attach to target creature you control; or unattach from a creature. Reconfigure only as a sorcery. While attached, this isn't a creature.)",2022-02-18
654,1,Armorcraft Judge,KLD,Kaladesh,144,normal,uncommon,en,0.3,EUR,76b54854-c21f-47d3-99b2-72829fc66071,Creature — Elf Artificer,{3}{G},4.0,"[""G""]","[""G""]","When this creature enters, draw a card for each creature you control with a +1/+1 counter on it.",2016-09-30
1045,1,Arms Race,BRO,The Brothers' War,126,normal,uncommon,en,0.3,EUR,cd83b2c3-bb06-42db-83bf-8903a126512c,Enchantment,{3}{R},4.0,"[""R""]","[""R""]",{3}{R}: You may put an artifact card from your hand onto the battlefield. That artifact gains haste. Sacrifice it at the beginning of the next end step.,2022-11-18
1848,1,Arrester's Zeal,RNA,Ravnica Allegiance,4,normal,common,en,0.3,EUR,b075a6f2-5196-45e9-b062-f131f7b1a347,Instant,{W},1.0,"[""W""]","[""W""]","Target creature gets +2/+2 until end of turn.
Addendum — If you cast this spell during your main phase, that creature gains flying until end of turn.",2019-01-25
1849,2,Artful Maneuver,DTK,Dragons of Tarkir,4,normal,common,en,0.3,EUR,7fcaf67e-ba97-4af9-8c47-dbca703cba35,Instant,{1}{W},2.0,"[""W""]","[""W""]","Target creature gets +2/+2 until end of turn.
Rebound (If you cast this spell from your hand, exile it as it resolves. At the beginning of your next upkeep, you may cast this card from exile without paying its mana cost.)",2015-03-27
1462,1,Artificer's Assistant,DOM,Dominaria,44,normal,common,en,0.3,EUR,deadf867-b999-49b2-88d8-91da975a3cc5,Creature — Bird,{U},1.0,"[""U""]","[""U""]","Flying
Whenever you cast a historic spell, scry 1. (Artifacts, legendaries, and Sagas are historic. To scry 1, look at the top card of your library, then you may put that card on the bottom.)",2018-04-27
655,1,Artisan's Sorrow,THS,Theros,151,normal,uncommon,en,0.3,EUR,b4f38f7e-2369-48c9-9121-4b13c29ea869,Instant,{3}{G},4.0,"[""G""]","[""G""]","Destroy target artifact or enchantment. Scry 2. (Look at the top two cards of your library, then put any number of them on the bottom and the rest on top in any order.)",2013-09-27
2259,2,Asari Captain,NEO,Kamigawa: Neon Dynasty,215,normal,uncommon,en,0.3,EUR,834b4e6a-1812-4399-8fe4-bb1686ba49ef,Creature — Human Samurai,{3}{R}{W},5.0,"[""R"",""W""]","[""R"",""W""]","Haste
Whenever a Samurai or Warrior you control attacks alone, it gets +1/+0 until end of turn for each Samurai or Warrior you control.",2022-02-18
292,1,Ashen-Skin Zubera,CHK,Champions of Kamigawa,101,normal,common,en,0.3,EUR,40cee88d-849d-4715-ad88-7cdb855a3088,Creature — Zubera Spirit,{1}{B},2.0,"[""B""]","[""B""]","When this creature dies, target opponent discards a card for each Zubera that died this turn.",2004-10-01
293,1,Ashiok's Reaper,WOE,Wilds of Eldraine,79,normal,uncommon,en,0.3,EUR,83957fe0-6500-420c-9b7a-2448a1c1d3b3,Creature — Nightmare,{3}{B},4.0,"[""B""]","[""B""]","Whenever an enchantment you control is put into a graveyard from the battlefield, draw a card.",2023-09-08
623,1,"Ashiok, Sculptor of Fears",THB,Theros Beyond Death,274,normal,mythic,en,4.29,EUR,36a5fc37-e7bd-41a9-88ac-74a3f14fea8b,Legendary Planeswalker — Ashiok,{4}{U}{B},6.0,"[""B"",""U""]","[""B"",""U""]","+2: Draw a card. Each player mills two cards.
−5: Put target creature card from a graveyard onto the battlefield under your control.
−11: Gain control of all creatures target opponent controls.",2020-01-24
2451,1,"Ashling, Rekindled // Ashling, Rimebound",ECL,Lorwyn Eclipsed,124,normal,rare,en,2.96,EUR,7d7faefe-9c0d-45b6-8ea4-5fa666762a2c,Legendary Creature — Elemental Sorcerer // Legendary Creature — Elemental Wizard,,2.0,,"[""R"",""U""]","Whenever this creature enters or transforms into Ashling, Rekindled, you may discard a card. If you do, draw a card.
At the beginning of your first main phase, you may pay {U}. If you do, transform Ashling. // Whenever this creature transforms into Ashling, Rimebound and at the beginning of your first main phase, add two mana of any one color. Spend this mana only to cast spells with mana value 4 or greater.
At the beginning of your first main phase, you may pay {R}. If you do, transform Ashling.",2026-01-23
294,2,Ashnod's Intervention,BRO,The Brothers' War,85,normal,common,en,0.3,EUR,bcf491db-d12b-4c58-9c05-085cac34a73e,Instant,{B},1.0,"[""B""]","[""B""]","Until end of turn, target creature gets +2/+0 and gains ""When this creature dies or is put into exile from the battlefield, return it to its owner's hand.""",2022-11-18
656,3,Aspect of Hydra,BNG,Born of the Gods,117,normal,common,en,0.3,EUR,19353629-07be-47e2-a7d5-3a5e5e1120c8,Instant,{G},1.0,"[""G""]","[""G""]","Target creature gets +X/+X until end of turn, where X is your devotion to green. (Each {G} in the mana costs of permanents you control counts toward your devotion to green.)",2014-02-07
295,1,Asphyxiate,BNG,Born of the Gods,60,normal,common,en,0.3,EUR,894f3f5f-586d-45e4-9af7-4de80e44dfae,Sorcery,{1}{B}{B},3.0,"[""B""]","[""B""]",Destroy target untapped creature.,2014-02-07
2393,1,Assert Perfection,ECL,Lorwyn Eclipsed,164,normal,common,en,0.3,EUR,6995b308-5582-4ca1-ab10-a536d5ca0a6d,Sorcery,{1}{G},2.0,"[""G""]","[""G""]",Target creature you control gets +1/+0 until end of turn. It deals damage equal to its power to up to one target creature an opponent controls.,2026-01-23
610,2,"Atraxa, Grand Unifier",ONE,Phyrexia: All Will Be One,196,normal,mythic,en,17.18,EUR,4a1f905f-1d55-4d02-9d24-e58070793d3f,Legendary Creature — Phyrexian Angel,{3}{G}{W}{U}{B},7.0,"[""B"",""G"",""U"",""W""]","[""B"",""G"",""U"",""W""]","Flying, vigilance, deathtouch, lifelink
When Atraxa enters, reveal the top ten cards of your library. For each card type, you may put a card of that type from among the revealed cards into your hand. Put the rest on the bottom of your library in a random order. (Artifact, battle, creature, enchantment, instant, land, planeswalker, and sorcery are card types.)",2023-02-10
657,2,Attended Socialite,SNC,Streets of New Capenna,133,normal,common,en,0.3,EUR,8bccccf9-3ee5-4485-ae01-4dcbad989d18,Creature — Elf Druid,{1}{G},2.0,"[""G""]","[""G""]","Alliance — Whenever another creature you control enters, this creature gets +1/+1 until end of turn.",2022-04-29
1850,1,Aunt May,SPM,Marvel's Spider-Man,3,normal,uncommon,en,0.3,EUR,ad96343b-baac-428c-8270-fcffbbbe9fb8,Legendary Creature — Human Citizen,{W},1.0,"[""W""]","[""W""]","Whenever another creature you control enters, you gain 1 life. If it's a Spider, put a +1/+1 counter on it.",2025-09-26
2414,1,Auntie's Sentence,ECL,Lorwyn Eclipsed,85,normal,common,en,0.3,EUR,e64bfe16-7362-4982-9136-1f4e0d335441,Sorcery,{1}{B},2.0,"[""B""]","[""B""]","Choose one —
• Target opponent reveals their hand. You choose a nonland permanent card from it. That player discards that card.
• Target creature gets -2/-2 until end of turn.",2026-01-23
2416,1,Auntie's Sentence,ECL,Lorwyn Eclipsed,85,foil,common,en,0.42,EUR,e64bfe16-7362-4982-9136-1f4e0d335441,Sorcery,{1}{B},2.0,"[""B""]","[""B""]","Choose one —
• Target opponent reveals their hand. You choose a nonland permanent card from it. That player discards that card.
• Target creature gets -2/-2 until end of turn.",2026-01-23
1851,3,Auramancer,A25,Masters 25,6,normal,common,en,0.3,EUR,3f05fde4-a866-459c-9a24-2884116ab647,Creature — Human Wizard,{2}{W},3.0,"[""W""]","[""W""]","When this creature enters, you may return target enchantment card from your graveyard to your hand.",2018-03-16
2482,1,Aurora Awakener,ECL,Lorwyn Eclipsed,165,normal,mythic,en,2.96,EUR,913977c2-73f9-466b-bd01-827c1736e070,Creature — Giant Druid,{6}{G},7.0,"[""G""]","[""G""]","Trample
Vivid — When this creature enters, reveal cards from the top of your library until you reveal X permanent cards, where X is the number of colors among permanents you control. Put any number of those permanent cards onto the battlefield, then put the rest of the revealed cards on the bottom of your library in a random order.",2026-01-23
8,1,Automated Artificer,NEO,Kamigawa: Neon Dynasty,239,normal,common,en,0.3,EUR,b8c30ffb-b4f5-40b0-87b8-800a42bded2b,Artifact Creature — Artificer,{2},2.0,[],[],{T}: Add {C}. Spend this mana only to activate an ability or cast an artifact spell.,2022-02-18
1852,1,"Avacyn, Guardian Angel",M15,Magic 2015,3,normal,rare,en,0.68,EUR,a79662d5-3b6f-4c5a-8540-63c201027b66,Legendary Creature — Angel,{2}{W}{W}{W},5.0,"[""W""]","[""W""]","Flying, vigilance
{1}{W}: Prevent all damage that would be dealt to another target creature this turn by sources of the color of your choice.
{5}{W}{W}: Prevent all damage that would be dealt to target player or planeswalker this turn by sources of the color of your choice.",2014-07-18
9,1,Avarice Amulet,M15,Magic 2015,212,normal,rare,en,0.59,EUR,ec56727f-6280-4625-96b9-9b599af0dada,Artifact — Equipment,{4},4.0,[],[],"Equipped creature gets +2/+0 and has vigilance and ""At the beginning of your upkeep, draw a card.""
Whenever equipped creature dies, target opponent gains control of this Equipment.
Equip {2} ({2}: Attach to target creature you control. Equip only as a sorcery.)",2014-07-18
1463,2,Aven Wind Mage,M19,Core Set 2019,45,normal,common,en,0.3,EUR,1b12dfc1-81f2-44b2-baa2-73cc21363978,Creature — Bird Wizard,{2}{U},3.0,"[""U""]","[""U""]","Flying
Whenever you cast an instant or sorcery spell, this creature gets +1/+1 until end of turn.",2018-07-13
1853,1,Avenging Arrow,RTR,Return to Ravnica,4,normal,common,en,0.3,EUR,696678ff-44dc-4fe4-bf17-024e86cd0220,Instant,{2}{W},3.0,"[""W""]","[""W""]",Destroy target creature that dealt damage this turn.,2012-10-05
1464,1,Aviation Pioneer,M19,Core Set 2019,46,normal,common,en,0.3,EUR,e6966738-b4fc-4854-81b0-09de305854f2,Creature — Human Artificer,{2}{U},3.0,"[""U""]","[""U""]","When this creature enters, create a 1/1 colorless Thopter artifact creature token with flying.",2018-07-13
1465,1,Awakened Awareness,NEO,Kamigawa: Neon Dynasty,47,normal,uncommon,en,0.3,EUR,51378e10-2f17-445b-97e9-5c373234ba52,Enchantment — Aura,{X}{U}{U},2.0,"[""U""]","[""U""]","Enchant artifact or creature
When this Aura enters, put X +1/+1 counters on enchanted permanent.
As long as enchanted permanent is a creature, it has base power and toughness 1/1.",2022-02-18
1046,1,Axegrinder Giant,PS11,Salvat 2011,91,normal,common,en,0.0,EUR,e55619f2-5951-4e2f-962b-8f40afff1d41,Creature — Giant Warrior,{4}{R}{R},6.0,"[""R""]","[""R""]",,2011-01-01
1854,1,Azorius Arrester,RTR,Return to Ravnica,5,normal,common,en,0.3,EUR,199f7563-563e-483c-8317-5380a83db955,Creature — Human Soldier,{1}{W},2.0,"[""W""]","[""W""]","When this creature enters, detain target creature an opponent controls. (Until your next turn, that creature can't attack or block and its activated abilities can't be activated.)",2012-10-05
1806,1,Azorius Charm,GK2,RNA Guild Kit,8,normal,uncommon,en,0.34,EUR,a0653bda-a9de-4d4d-ab95-21458b31c652,Instant,{W}{U},2.0,"[""U"",""W""]","[""U"",""W""]","Choose one —
• Creatures you control gain lifelink until end of turn.
• Draw a card.
• Put target attacking or blocking creature on top of its owner's library.",2019-02-15
1047,1,Azra Bladeseeker,BBD,Battlebond,55,normal,common,en,0.3,EUR,dc5ade73-12bc-46da-8dd4-3d4468858934,Creature — Azra Warrior,{2}{R},3.0,"[""R""]","[""R""]","When this creature enters, each player on your team may discard a card, then each player who discarded a card this way draws a card.",2018-06-08
2314,1,Azula Always Lies,TLA,Avatar: The Last Airbender,84,normal,common,en,0.3,EUR,416b9207-a2af-44d1-9b87-4943f6e46d42,Instant — Lesson,{1}{B},2.0,"[""B""]","[""B""]","Choose one or both —
• Target creature gets -1/-1 until end of turn.
• Put a +1/+1 counter on target creature.",2025-11-21
1466,2,Backstreet Bruiser,SNC,Streets of New Capenna,35,normal,common,en,0.3,EUR,8d3a94c8-a7eb-4f05-8d48-d42e5129b09a,Creature — Octopus Rogue,{1}{U},2.0,"[""U""]","[""U""]","Defender
As long as there are two or more counters among creatures you control, this creature can attack as though it didn't have defender.",2022-04-29
1855,2,Backup Agent,SNC,Streets of New Capenna,2,normal,common,en,0.3,EUR,2a46af75-3880-4141-b26e-19834d67e7a8,Creature — Human Citizen,{1}{W},2.0,"[""W""]","[""W""]","When this creature enters, put a +1/+1 counter on target creature.",2022-04-29
658,1,Backwoods Survivalists,EMN,Eldritch Moon,150,normal,common,en,0.3,EUR,4a3a65be-0ca1-437f-aafe-d96e8fe428ad,Creature — Human Warrior,{3}{G},4.0,"[""G""]","[""G""]",Delirium — This creature gets +1/+1 and has trample as long as there are four or more card types among cards in your graveyard.,2016-07-22
659,2,Bag End Porter,LTR,The Lord of the Rings: Tales of Middle-earth,153,normal,common,en,0.3,EUR,b7557170-39a2-49df-823e-958c3eb34801,Creature — Dwarf,{3}{G},4.0,"[""G""]","[""G""]","Whenever this creature attacks, it gets +X/+X until end of turn, where X is the number of legendary creatures you control.",2023-06-23
296,1,Baleful Eidolon,THS,Theros,78,normal,common,en,0.3,EUR,853a89c6-63f9-4b12-8a5b-2c382e22b226,Enchantment Creature — Spirit,{1}{B},2.0,"[""B""]","[""B""]","Bestow {4}{B} (If you cast this card for its bestow cost, it's an Aura spell with enchant creature. It becomes a creature again if it's not attached.)
Deathtouch (Any amount of damage this deals to a creature is enough to destroy it.)
Enchanted creature gets +1/+1 and has deathtouch.",2013-09-27
10,1,Ballistic Boulder,TLTR,Tales of Middle-earth Tokens,8,normal,common,en,0.3,EUR,b9d70342-9d3c-44cb-9026-db5e5941b9fc,Token Artifact Creature — Construct,,0.0,[],[],Flying,2023-06-23
1856,1,Ballroom Brawlers,SNC,Streets of New Capenna,3,normal,uncommon,en,0.3,EUR,bf5615a2-03a2-41f4-ab3b-de5e60d1504e,Creature — Human Warrior,{3}{W}{W},5.0,"[""W""]","[""W""]","Whenever this creature attacks, this creature and up to one other target creature you control both gain your choice of first strike or lifelink until end of turn.",2022-04-29
660,1,Baloth Gorger,DOM,Dominaria,156,normal,common,en,0.3,EUR,504090bb-d183-4833-aea5-d4193b5c57a1,Creature — Beast,{2}{G}{G},4.0,"[""G""]","[""G""]","Kicker {4} (You may pay an additional {4} as you cast this spell.)
If this creature was kicked, it enters with three +1/+1 counters on it.",2018-04-27
661,2,Bamboo Grove Archer,NEO,Kamigawa: Neon Dynasty,173,normal,common,en,0.3,EUR,8b43bb9f-1b84-41cc-a4f9-5875ae6d207c,Enchantment Creature — Snake Archer,{1}{G},2.0,"[""G""]","[""G""]","Defender, reach
Channel — {4}{G}, Discard this card: Destroy target creature with flying.",2022-02-18
297,1,Banewasp Affliction,PS11,Salvat 2011,63,normal,common,en,0.0,EUR,ca513a31-7e47-4239-adfc-74def9cf17ec,Enchantment — Aura,{1}{B},2.0,"[""B""]","[""B""]","Enchant creature
When enchanted creature dies, that creature's controller loses life equal to its toughness.",2011-01-01
298,1,Banewhip Punisher,HOU,Hour of Devastation,59,normal,uncommon,en,0.34,EUR,005a19e2-c334-4b87-bc8b-55f62fc9abd9,Creature — Human Warrior,{2}{B},3.0,"[""B""]","[""B""]","When this creature enters, you may put a -1/-1 counter on target creature.
{B}, Sacrifice this creature: Destroy target creature that has a -1/-1 counter on it.",2017-07-14
1857,1,Banisher Priest,DDO,Duel Decks: Elspeth vs. Kiora,2,normal,uncommon,en,0.3,EUR,1e764652-b7c7-4a40-a61d-388e9dd2ce0b,Creature — Human Cleric,{1}{W}{W},3.0,"[""W""]","[""W""]","When this creature enters, exile target creature an opponent controls until this creature leaves the battlefield.",2015-02-27
2263,3,Banishing Light,CM2,Commander Anthology Volume II,18,normal,uncommon,en,0.3,EUR,e45da7c2-d869-4b51-956c-287d0b0d2df4,Enchantment,{2}{W},3.0,"[""W""]","[""W""]","When this enchantment enters, exile target nonland permanent an opponent controls until this enchantment leaves the battlefield.",2018-06-08
2418,1,Barbed Bloodletter,ECL,Lorwyn Eclipsed,86,normal,common,en,0.3,EUR,8ff1a13c-e338-42e9-8eb3-b303fabd67de,Artifact — Equipment,{1}{B},2.0,"[""B""]","[""B""]","Flash
When this Equipment enters, attach it to target creature you control. That creature gains wither until end of turn. (It deals damage to creatures in the form of -1/-1 counters.)
Equipped creature gets +1/+2.
Equip {2}",2026-01-23
1048,2,Barrel Down Sokenzan,SOK,Saviors of Kamigawa,94,normal,common,en,0.3,EUR,02c52e00-ad17-42aa-9f5f-38fb52dad5ea,Instant — Arcane,{2}{R},3.0,"[""R""]","[""R""]",Sweep — Return any number of Mountains you control to their owner's hand. Barrel Down Sokenzan deals damage to target creature equal to twice the number of Mountains returned this way.,2005-06-03
1049,1,Barret Wallace,FIN,Final Fantasy,129,normal,uncommon,en,0.3,EUR,1a504dff-5857-4a61-ab99-616d5df7cf5a,Legendary Creature — Human Rebel,{3}{R},4.0,"[""R""]","[""R""]","Reach
Whenever Barret Wallace attacks, it deals damage equal to the number of equipped creatures you control to defending player.",2025-06-13
1858,1,Bastion Enforcer,M20,Core Set 2020,303,normal,common,en,0.3,EUR,7cbf17a0-2dbc-4e79-9cfa-ea49b1605105,Creature — Dwarf Soldier,{2}{W},3.0,"[""W""]","[""W""]",,2019-07-12
11,1,Bastion Mastodon,KLD,Kaladesh,197,normal,common,en,0.3,EUR,c3ea690f-fd4e-4d05-b815-22d97736e894,Artifact Creature — Elephant,{5},5.0,[],"[""W""]",{W}: This creature gains vigilance until end of turn.,2016-09-30
1050,1,Batterhorn,RTR,Return to Ravnica,87,normal,common,en,0.3,EUR,a7b40f74-893f-4bfc-87b2-7f8df4c912d8,Creature — Beast,{4}{R},5.0,"[""R""]","[""R""]","When this creature enters, you may destroy target artifact.",2012-10-05
662,2,Battering Krasis,DGM,Dragon's Maze,41,normal,common,en,0.3,EUR,5d9aa740-9adf-412a-b6ec-0b9bb1b4618b,Creature — Shark Beast,{2}{G},3.0,"[""G""]","[""G""]","Trample
Evolve (Whenever a creature you control enters, if that creature has greater power or toughness than this creature, put a +1/+1 counter on this creature.)",2013-05-03
1011,1,Battery Bearer,BRO,The Brothers' War,207,normal,uncommon,en,0.3,EUR,bb5306d6-0f08-429a-8590-1b8136f953a9,Creature — Human Artificer,{2}{G}{U},4.0,"[""G"",""U""]","[""G"",""U""]","Creatures you control have ""{T}: Add {C}. This mana can't be spent to cast a nonartifact spell.""
Whenever you cast an artifact spell with mana value 6 or greater, draw a card.",2022-11-18
1859,1,Battle Mastery,BBD,Battlebond,89,normal,uncommon,en,0.3,EUR,5266595d-5320-4dea-8e4a-dd6c1a032871,Enchantment — Aura,{2}{W},3.0,"[""W""]","[""W""]","Enchant creature
Enchanted creature has double strike. (It deals both first-strike and regular combat damage.)",2018-06-08
299,1,Battlefield Butcher,BRO,The Brothers' War,86,normal,uncommon,en,0.3,EUR,90c47e31-d4f6-46f3-94b7-1726c4a4a8eb,Creature — Human Soldier,{2}{B},3.0,"[""B""]","[""B""]","{5}, {T}: Each opponent loses 2 life. This ability costs {1} less to activate for each creature card in your graveyard.",2022-11-18
1860,1,Battlewise Valor,THS,Theros,1,normal,common,en,0.3,EUR,7d967a4c-2323-4361-a907-5ca9140d8793,Instant,{1}{W},2.0,"[""W""]","[""W""]",Target creature gets +2/+2 until end of turn. Scry 1. (Look at the top card of your library. You may put that card on the bottom.),2013-09-27
2515,1,Baxter Stockman,TMT,Teenage Mutant Ninja Turtles,139,normal,uncommon,en,0.3,EUR,117b1341-2cf0-466e-b3a8-7e1afa42cd4c,,,,,,,
663,2,Bearer of Memory,NEO,Kamigawa: Neon Dynasty,174,normal,common,en,0.3,EUR,540ba70a-bea8-4512-83ba-92dab6d25b52,Enchantment Creature — Human Monk,{2}{G},3.0,"[""G""]","[""G""]",{5}{G}: Put a +1/+1 counter on target enchantment creature. It gains trample until end of turn.,2022-02-18
664,1,Beast,TC19,Commander 2019 Tokens,13,normal,common,en,0.59,EUR,564ed3be-ef91-42eb-90ff-452bc23463b5,Token Creature — Beast,,0.0,"[""G""]","[""G""]",,2019-08-01
2240,2,Beast,TC19,Commander 2019 Tokens,14,normal,common,en,0.68,EUR,99f37b65-06ec-47dc-a299-6e65d1254995,Token Creature — Beast,,0.0,"[""G""]","[""G""]",,2019-08-01
665,1,Beastrider Vanguard,DFT,Aetherdrift,154,normal,common,en,0.3,EUR,f4b99a61-49f1-46a2-9eb7-b6c88c236215,Creature — Human Knight,{1}{G},2.0,"[""G""]","[""G""]",{4}{G}: Look at the top three cards of your library. You may reveal a permanent card from among them and put it into your hand. Put the rest on the bottom of your library in any order.,2025-02-14
1861,1,"Beatrix, Loyal General",FIN,Final Fantasy,554,normal,rare,en,1.54,EUR,9da83b07-4978-4af7-be51-8aa8f35ec0bb,Legendary Creature — Human Soldier,{4}{W}{W},6.0,"[""W""]","[""W""]","Vigilance (Attacking doesn't cause this creature to tap.)
At the beginning of combat on your turn, you may attach any number of Equipment you control to target creature you control.",2025-06-13
2550,1,Bebop & Rocksteady,TMT,Teenage Mutant Ninja Turtles,204,normal,rare,en,1.72,EUR,da099bf3-786c-4c49-9a7f-3603df9c6cbc,,,,,,,
2514,1,"Bebop, Warthog Warrior",TMT,Teenage Mutant Ninja Turtles,59,normal,common,en,0.3,EUR,371ba16d-73f7-450c-8b1f-c05012a4ca93,,,,,,,
1051,1,Bedhead Beastie,DSK,Duskmourn: House of Horror,125,normal,common,en,0.3,EUR,77c72b5b-dd81-4eb4-80d9-a0124e27e1dc,Creature — Beast,{4}{R}{R},6.0,"[""R""]","[""R""]","Menace (This creature can't be blocked except by two or more creatures.)
Mountaincycling {2} ({2}, Discard this card: Search your library for a Mountain card, reveal it, put it into your hand, then shuffle.)",2024-09-27
2315,1,Beetle-Headed Merchants,TLA,Avatar: The Last Airbender,86,normal,common,en,0.3,EUR,c2eed79f-38c1-4aac-9525-d54cb114f17f,Creature — Human Citizen,{4}{B},5.0,"[""B""]","[""B""]","Whenever this creature attacks, you may sacrifice another creature or artifact. If you do, draw a card and put a +1/+1 counter on this creature.",2025-11-21
300,1,Befoul,CHK,Champions of Kamigawa,102,normal,common,en,0.3,EUR,2dfff5d3-1433-4a24-83e6-6361a446b974,Sorcery,{2}{B}{B},4.0,"[""B""]","[""B""]",Destroy target land or nonblack creature. It can't be regenerated.,2004-10-01
1862,2,Befriending the Moths // Imperial Moth,NEO,Kamigawa: Neon Dynasty,4,normal,common,en,0.3,EUR,8ad44884-ae0d-40ae-87a9-bad043d4e9ad,Enchantment — Saga // Enchantment Creature — Insect,,4.0,,"[""W""]",,2022-02-18
1467,6,Befuddle,M20,Core Set 2020,47,normal,common,en,0.3,EUR,1414939c-7f15-4eb3-abeb-6e75c52d2b52,Instant,{2}{U},3.0,"[""U""]","[""U""]","Target creature gets -4/-0 until end of turn.
Draw a card.",2019-07-12
1053,2,Belligerent Sliver,M15,Magic 2015,129,normal,uncommon,en,0.68,EUR,b78b8268-b090-4012-a3ba-5daab491f78d,Creature — Sliver,{2}{R},3.0,"[""R""]","[""R""]",Sliver creatures you control have menace. (They can't be blocked except by two or more creatures.),2014-07-18
1054,1,Belligerent Whiptail,BFZ,Battle for Zendikar,141,normal,common,en,0.3,EUR,a5b5b7d2-acb8-4aca-b9e7-67e59aeb384b,Creature — Wurm,{3}{R},4.0,"[""R""]","[""R""]","Landfall — Whenever a land you control enters, this creature gains first strike until end of turn.",2015-10-02
1055,1,Belligerent Yearling,LCI,The Lost Caverns of Ixalan,133,normal,uncommon,en,0.3,EUR,0b2debca-8535-4cf6-a461-c268faaacaae,Creature — Dinosaur,{1}{R},2.0,"[""R""]","[""R""]","Trample
Whenever another Dinosaur you control enters, you may have this creature's base power become equal to that creature's power until end of turn.",2023-11-17
1052,1,Belligerent of the Ball,WOE,Wilds of Eldraine,120,normal,uncommon,en,0.3,EUR,6658398a-46a5-4f41-9b1b-4a47f2822cf8,Creature — Ogre Warrior,{2}{R},3.0,"[""R""]","[""R""]","Celebration — At the beginning of combat on your turn, if two or more nonland permanents entered the battlefield under your control this turn, target creature you control gets +1/+0 and gains menace until end of turn. (It can't be blocked except by two or more creatures.)",2023-09-08
1056,1,Bellows Lizard,ORI,Magic Origins,132,normal,common,en,0.3,EUR,285d2e99-13f1-4ce8-9a54-139de193c1b3,Creature — Lizard,{R},1.0,"[""R""]","[""R""]",{1}{R}: This creature gets +1/+0 until end of turn.,2015-07-17
1863,1,Benediction of Moons,GPT,Guildpact,3,normal,common,en,0.3,EUR,d8ea99d1-9e88-4b14-b0b3-39bcd8191eab,Sorcery,{W},1.0,"[""W""]","[""W""]","You gain 1 life for each player.
Haunt (When this spell card is put into a graveyard after resolving, exile it haunting target creature.)
When the creature this card haunts dies, you gain 1 life for each player.",2006-02-03
1864,1,Benevolent Blessing,CMR,Commander Legends,13,normal,common,en,0.3,EUR,0d5c2401-da2c-46f9-b850-f37edcbb85cd,Enchantment — Aura,{1}{W},2.0,"[""W""]","[""W""]","Flash
Enchant creature
As this Aura enters, choose a color.
Enchanted creature has protection from the chosen color. This effect doesn't remove Auras and Equipment you control that are already attached to it.",2020-11-20
2272,1,Benevolent River Spirit,TLA,Avatar: The Last Airbender,45,normal,uncommon,en,0.3,EUR,7ffb79cd-d170-4047-89c8-6e85188f30da,Creature — Spirit,{U}{U},2.0,"[""U""]","[""U""]","As an additional cost to cast this spell, waterbend {5}. (While paying a waterbend cost, you can tap your artifacts and creatures to help. Each one pays for {1}.)
Flying, ward {2} (Whenever this creature becomes the target of a spell or ability an opponent controls, counter it unless that player pays {2}.)
When this creature enters, scry 2.",2025-11-21
1468,1,Benthic Giant,BBD,Battlebond,113,normal,common,en,0.3,EUR,1ff8671d-4da4-4dc2-a8c4-d695ff1aca0f,Creature — Giant,{5}{U},6.0,"[""U""]","[""U""]",Hexproof (This creature can't be the target of spells or abilities your opponents control.),2018-06-08
12,1,Benthic Infiltrator,BFZ,Battle for Zendikar,55,normal,common,en,0.3,EUR,f380ae58-08cc-42df-ac74-3c6890a62463,Creature — Eldrazi Drone,{2}{U},3.0,[],"[""U""]","Devoid (This card has no color.)
Ingest (Whenever this creature deals combat damage to a player, that player exiles the top card of their library.)
This creature can't be blocked.",2015-10-02
1865,1,Besotted Knight // Betroth the Beast,WOE,Wilds of Eldraine,4,normal,common,en,0.3,EUR,5980a930-c7f8-45e1-a18a-87734d9ed09e,Creature — Human Knight // Sorcery — Adventure,{3}{W} // {W},4.0,"[""W""]","[""W""]",,2023-09-08
2587,2,Bespoke Bō,TMT,Teenage Mutant Ninja Turtles,31,normal,uncommon,en,0.3,EUR,6c517308-831b-4e41-a82c-02ddf6383a0c,,,,,,,
13,1,Bilbo's Ring,LTR,The Lord of the Rings: Tales of Middle-earth,397,normal,rare,en,17.18,EUR,47a2bc8e-79cf-471e-8d9f-0e34703f1808,Legendary Artifact — Equipment,{3},3.0,[],[],"During your turn, equipped creature has hexproof and can't be blocked.
Whenever equipped creature attacks alone, you draw a card and you lose 1 life.
Equip Halfling {1} ({1}: Attach to target Halfling you control. Equip only as a sorcery.)
Equip {4} ({4}: Attach to target creature you control. Equip only as a sorcery.)",2023-06-23
301,3,Bile Blight,BNG,Born of the Gods,61,normal,uncommon,en,0.3,EUR,3ca11057-e50a-4817-924a-5bb504d0780f,Instant,{B}{B},2.0,"[""B""]","[""B""]",Target creature and all other creatures with the same name as that creature get -3/-3 until end of turn.,2014-02-07
2422,1,Bile-Vial Boggart,ECL,Lorwyn Eclipsed,87,normal,common,en,0.3,EUR,2c0fcf98-1f3c-4cff-9234-7f3d0c8b22e9,Creature — Goblin Assassin,{B},1.0,"[""B""]","[""B""]","When this creature dies, put a -1/-1 counter on up to one target creature.",2026-01-23
2262,5,Bird,TC19,Commander 2019 Tokens,2,normal,common,en,0.3,EUR,5988dc9e-724f-4645-8769-b94c5ef631b9,Token Creature — Bird,,0.0,"[""W""]","[""W""]",Flying,2019-08-01
2227,2,Bitter Revelation,KTK,Khans of Tarkir,65,normal,common,en,0.3,EUR,e42f5aa9-2a47-47c3-ab87-dc25735b0e54,Sorcery,{3}{B},4.0,"[""B""]","[""B""]",Look at the top four cards of your library. Put two of them into your hand and the rest into your graveyard. You lose 2 life.,2014-09-26
302,5,Black Cat,M15,Magic 2015,86,normal,common,en,0.3,EUR,32efcfad-818c-4485-9022-cf94403f370b,Creature — Zombie Cat,{1}{B},2.0,"[""B""]","[""B""]","When this creature dies, target opponent discards a card at random.",2014-07-18
2226,2,Bladebrand,M20,Core Set 2020,86,normal,common,en,0.3,EUR,af78f76e-30cd-4939-9577-5a4bd1f93e63,Instant,{1}{B},2.0,"[""B""]","[""B""]","Target creature gains deathtouch until end of turn.
Draw a card.",2019-07-12
1057,1,Blades of Velis Vel,MM2,Modern Masters 2015,105,normal,common,en,0.34,EUR,83b17fb1-4a33-454f-9222-c6d5671c7e2f,Kindred Instant — Shapeshifter,{1}{R},2.0,"[""R""]","[""R""]","Changeling (This card is every creature type.)
Up to two target creatures each get +2/+0 and gain all creature types until end of turn.",2015-05-22
1058,2,Bladetusk Boar,JOU,Journey into Nyx,90,normal,common,en,0.3,EUR,5f157fb0-81ac-4108-aafc-7ee81df965a9,Creature — Boar,{3}{R},4.0,"[""R""]","[""R""]",Intimidate (This creature can't be blocked except by artifact creatures and/or creatures that share a color with it.),2014-05-02
666,1,Blanchwood Armor,M19,Core Set 2019,169,normal,uncommon,en,0.3,EUR,1b01d243-9f68-47c7-980b-1418e5f2f3e9,Enchantment — Aura,{2}{G},3.0,"[""G""]","[""G""]","Enchant creature
Enchanted creature gets +1/+1 for each Forest you control.",2018-07-13
1059,4,Blastfire Bolt,M15,Magic 2015,130,normal,common,en,0.3,EUR,34774f01-5976-4ed1-b0f4-71dc7a679999,Instant,{5}{R},6.0,"[""R""]","[""R""]",Blastfire Bolt deals 5 damage to target creature. Destroy all Equipment attached to that creature.,2014-07-18
611,1,Blazing Hellhound,ORI,Magic Origins,210,normal,uncommon,en,0.3,EUR,332769b1-1eb5-4c77-8317-27addc28650b,Creature — Elemental Dog,{2}{B}{R},4.0,"[""B"",""R""]","[""B"",""R""]","{1}, Sacrifice another creature: This creature deals 1 damage to any target.",2015-07-17
1060,1,Blazing Rootwalla,MH2,Modern Horizons 2,404,normal,uncommon,en,0.3,EUR,45121709-9f0e-4f60-8dd7-ebc31acdb124,Creature — Lizard,{R},1.0,"[""R""]","[""R""]","{R}: This creature gets +2/+0 until end of turn. Activate only once each turn.
Madness {0} (If you discard this card, discard it into exile. When you do, cast it for its madness cost or put it into your graveyard.)",2021-06-18
1866,1,Blessed Light,DOM,Dominaria,7,normal,common,en,0.3,EUR,4cf3eb65-0f52-49c1-8243-14ce05de9f3b,Instant,{4}{W},5.0,"[""W""]","[""W""]",Exile target creature or enchantment.,2018-04-27
303,2,Blessing of Belzenlok,DOM,Dominaria,77,normal,common,en,0.3,EUR,d224940c-d87c-4317-9ca3-b704ef894a7b,Instant,{B},1.0,"[""B""]","[""B""]","Target creature gets +2/+1 until end of turn. If it's legendary, it also gains lifelink until end of turn.",2018-04-27
2415,2,Blight Rot,ECL,Lorwyn Eclipsed,89,normal,common,en,0.3,EUR,5201bdeb-ba47-459b-ac0d-603367914578,Instant,{2}{B},3.0,"[""B""]","[""B""]",Put four -1/-1 counters on target creature.,2026-01-23
304,1,Blightcaster,ORI,Magic Origins,85,normal,uncommon,en,0.3,EUR,b8986163-6362-4c70-8ece-22ae22da5031,Creature — Human Wizard,{3}{B},4.0,"[""B""]","[""B""]","Whenever you cast an enchantment spell, you may have target creature get -2/-2 until end of turn.",2015-07-17
2479,1,Blighted Blackthorn,ECL,Lorwyn Eclipsed,90,normal,common,en,0.3,EUR,3515531a-45d6-4fe0-96a3-7ca1ce545068,Creature — Treefolk Warlock,{4}{B},5.0,"[""B""]","[""B""]","Whenever this creature enters or attacks, you may blight 2. If you do, you draw a card and lose 1 life. (To blight 2, put two -1/-1 counters on a creature you control.)",2026-01-23
1061,1,Blind-Spot Giant,MMA,Modern Masters,105,normal,common,en,0.3,EUR,87d76ed9-7a2c-466f-be39-1f7880744c33,Creature — Giant Warrior,{2}{R},3.0,"[""R""]","[""R""]",This creature can't attack or block unless you control another Giant.,2013-06-07
305,1,Blister Beetle,ALA,Shards of Alara,66,normal,common,en,0.3,EUR,7f42bdeb-5a51-4303-96d8-9722f95d2905,Creature — Insect,{1}{B},2.0,"[""B""]","[""B""]","When this creature enters, target creature gets -1/-1 until end of turn.",2008-10-03
14,1,Blisterpod,BFZ,Battle for Zendikar,163,normal,common,en,0.3,EUR,e16f1803-634a-41b0-ae21-484d6f914a0d,Creature — Eldrazi Drone,{G},1.0,[],"[""G""]","Devoid (This card has no color.)
When this creature dies, create a 1/1 colorless Eldrazi Scion creature token. It has ""Sacrifice this token: Add {C}.""",2015-10-02
306,2,Blood Host,M15,Magic 2015,87,normal,uncommon,en,0.3,EUR,1454a83d-f018-446c-89fb-21460924e589,Creature — Vampire,{3}{B}{B},5.0,"[""B""]","[""B""]","{1}{B}, Sacrifice another creature: Put a +1/+1 counter on this creature and you gain 2 life.",2014-07-18
638,1,Blood-Cursed Knight,ORI,Magic Origins,211,normal,uncommon,en,0.3,EUR,644bb558-113e-4e49-a395-7e0036c3419c,Creature — Vampire Knight,{1}{W}{B},3.0,"[""B"",""W""]","[""B"",""W""]","As long as you control an enchantment, this creature gets +1/+1 and has lifelink. (Damage dealt by this creature also causes you to gain that much life.)",2015-07-17
307,2,Blood-Toll Harpy,CN2,Conspiracy: Take the Crown,129,normal,common,en,0.3,EUR,c081f3e2-e4e6-4ef5-9969-64aca9c11413,Creature — Harpy,{2}{B},3.0,"[""B""]","[""B""]","Flying
When this creature enters, each player loses 1 life.",2016-08-26
667,1,Bloodbriar,EMN,Eldritch Moon,151,normal,common,en,0.3,EUR,d9f1d82e-876f-48a6-8153-f02a44cf90a8,Creature — Plant Elemental,{2}{G},3.0,"[""G""]","[""G""]","Whenever you sacrifice another permanent, put a +1/+1 counter on this creature.",2016-07-22
308,1,Bloodcrazed Hoplite,JOU,Journey into Nyx,61,normal,common,en,0.3,EUR,f2a6556b-a4f1-4ff5-8e6e-a47618c8c66e,Creature — Human Soldier,{1}{B},2.0,"[""B""]","[""B""]","Heroic — Whenever you cast a spell that targets this creature, put a +1/+1 counter on it.
Whenever a +1/+1 counter is put on this creature, remove a +1/+1 counter from target creature an opponent controls.",2014-05-02
15,1,Bloodfell Caves,C19,Commander 2019,230,normal,common,en,0.3,EUR,b1a99862-adbe-43c5-8abd-835e377020a3,Land,,0.0,[],"[""B"",""R""]","This land enters tapped.
When this land enters, you gain 1 life.
{T}: Add {B} or {R}.",2019-08-23
309,1,Bloodghast,IMA,Iconic Masters,82,normal,rare,en,3.0,EUR,730c521f-ba12-48fb-b18f-6bb55423a551,Creature — Vampire Spirit,{B}{B},2.0,"[""B""]","[""B""]","This creature can't block.
This creature has haste as long as an opponent has 10 or less life.
Landfall — Whenever a land you control enters, you may return this card from your graveyard to the battlefield.",2017-11-17
310,1,Bloodhunter Bat,A25,Masters 25,80,normal,common,en,0.3,EUR,bd63bb3b-c927-4470-b308-6d4b51da1b9c,Creature — Bat,{3}{B},4.0,"[""B""]","[""B""]","Flying
When this creature enters, target player loses 2 life and you gain 2 life.",2018-03-16
16,1,Bloodletter Quill,RAV,Ravnica: City of Guilds,254,normal,rare,en,0.42,EUR,b8fbdf87-2424-4fc2-904e-b1e5fef2a335,Artifact,{3},3.0,[],"[""B"",""U""]","{2}, {T}, Put a blood counter on this artifact: Draw a card, then you lose 1 life for each blood counter on this artifact.
{U}{B}: Remove a blood counter from this artifact.",2005-10-07
1062,1,Bloodpyre Elemental,ALA,Shards of Alara,93,normal,common,en,0.3,EUR,89e39677-5e04-45af-8f4c-1d4b6e737213,Creature — Elemental,{4}{R},5.0,"[""R""]","[""R""]",Sacrifice this creature: It deals 4 damage to target creature. Activate only as a sorcery.,2008-10-03
1063,1,Bloodscale Prowler,GPT,Guildpact,64,normal,common,en,0.3,EUR,8197cc43-c787-4372-81dc-759a9fe24708,Creature — Lizard Warrior,{2}{R},3.0,"[""R""]","[""R""]","Bloodthirst 1 (If an opponent was dealt damage this turn, this creature enters with a +1/+1 counter on it.)",2006-02-03
1064,1,Bloodstone Goblin,DOM,Dominaria,115,normal,common,en,0.3,EUR,31adbfd4-56aa-4137-aeba-8720233260be,Creature — Goblin Warrior,{1}{R},2.0,"[""R""]","[""R""]","Whenever you cast a spell, if that spell was kicked, this creature gets +1/+1 and gains menace until end of turn. (It can't be blocked except by two or more creatures.)",2018-04-27
17,1,Bloodtallow Candle,DOM,Dominaria,212,normal,common,en,0.3,EUR,5f8125b6-911e-4663-962a-d741984c927d,Artifact,{1},1.0,[],[],"{6}, {T}, Sacrifice this artifact: Target creature gets -5/-5 until end of turn.",2018-04-27
311,2,Bloodthorn Flail,LCI,The Lost Caverns of Ixalan,93,normal,uncommon,en,0.3,EUR,db38babd-57e8-4e59-9701-11a0682baa77,Artifact — Equipment,{B},1.0,"[""B""]","[""B""]","Equipped creature gets +2/+1.
Equip—Pay {3} or discard a card.",2023-11-17
1065,2,Bloodthorn Taunter,ALA,Shards of Alara,94,normal,common,en,0.3,EUR,8769e8f6-15ad-4f1b-bb4d-848ae6b7549e,Creature — Human Scout,{1}{R},2.0,"[""R""]","[""R""]","Haste
{T}: Target creature with power 5 or greater gains haste until end of turn.",2008-10-03
1427,1,Bloodwater Entity,HOU,Hour of Devastation,138,normal,uncommon,en,0.3,EUR,474d0a04-b640-4d1d-b538-2d946c1ff913,Creature — Elemental,{1}{U}{R},3.0,"[""R"",""U""]","[""R"",""U""]","Flying
Prowess (Whenever you cast a noncreature spell, this creature gets +1/+1 until end of turn.)
When this creature enters, you may put target instant or sorcery card from your graveyard on top of your library.",2017-07-14
2433,1,Blossombind,ECL,Lorwyn Eclipsed,45,normal,common,en,0.3,EUR,382b83c0-bbbc-4db8-bc04-cfea79aed1b3,Enchantment — Aura,{1}{U},2.0,"[""U""]","[""U""]","Enchant creature
When this Aura enters, tap enchanted creature.
Enchanted creature can't become untapped and can't have counters put on it.",2026-01-23
2212,2,Blossoming Sands,C19,Commander 2019,231,normal,common,en,0.3,EUR,01a33a23-994f-44f4-89c0-3f40ba1fbad3,Land,,0.0,[],"[""G"",""W""]","This land enters tapped.
When this land enters, you gain 1 life.
{T}: Add {G} or {W}.",2019-08-23
1066,3,Boggart Brute,M19,Core Set 2019,131,normal,common,en,0.3,EUR,32b7438d-e905-4627-9299-e2224377c8e7,Creature — Goblin Warrior,{2}{R},3.0,"[""R""]","[""R""]",Menace (This creature can't be blocked except by two or more creatures.),2018-07-13
1067,1,Boggart Forager,LRW,Lorwyn,154,normal,common,en,0.3,EUR,fbc26374-d8de-4740-b1ec-ac92cfedbebc,Creature — Goblin Rogue,{R},1.0,"[""R""]","[""R""]","{R}, Sacrifice this creature: Target player shuffles their library.",2007-10-12
312,1,Boggart Loggers,LRW,Lorwyn,103,normal,common,en,0.3,EUR,9ed9a638-c3f9-48dd-9633-5c52146e0dcd,Creature — Goblin Rogue,{2}{B},3.0,"[""B""]","[""B""]","Forestwalk (This creature can't be blocked as long as defending player controls a Forest.)
{2}{B}, Sacrifice this creature: Destroy target Treefolk or Forest.",2007-10-12
2474,1,Boggart Mischief,ECL,Lorwyn Eclipsed,92,normal,uncommon,en,0.33,EUR,aaeb9c9c-0f15-49dc-ae6d-2a958680f327,Kindred Enchantment — Goblin,{2}{B},3.0,"[""B""]","[""B""]","When this enchantment enters, you may blight 1. If you do, create two 1/1 black and red Goblin creature tokens. (To blight 1, put a -1/-1 counter on a creature you control.)
Whenever a Goblin creature you control dies, each opponent loses 1 life and you gain 1 life.",2026-01-23
2391,1,Boggart Prankster,ECL,Lorwyn Eclipsed,93,normal,common,en,0.3,EUR,eb228ea6-9235-4093-aea7-708e743b1b44,Creature — Goblin Warrior,{1}{B},2.0,"[""B""]","[""B""]","Whenever you attack, target attacking Goblin you control gets +1/+0 until end of turn.",2026-01-23
1068,1,Boggart Sprite-Chaser,LRW,Lorwyn,156,normal,common,en,0.3,EUR,6341b73b-a035-45a2-908d-879c8eed4bbd,Creature — Goblin Warrior,{1}{R},2.0,"[""R""]","[""R""]","As long as you control a Faerie, this creature gets +1/+1 and has flying.",2007-10-12
2417,1,Bogslither's Embrace,ECL,Lorwyn Eclipsed,94,normal,common,en,0.3,EUR,4beca2e7-9c6d-493b-b15f-69e483a8dfff,Sorcery,{1}{B},2.0,"[""B""]","[""B""]","As an additional cost to cast this spell, blight 1 or pay {3}. (To blight 1, put a -1/-1 counter on a creature you control.)
Exile target creature.",2026-01-23
1069,1,Boiling Earth,BFZ,Battle for Zendikar,142,normal,common,en,0.3,EUR,cdaab44c-4ce1-43fb-915c-c687fe8559ce,Sorcery,{1}{R},2.0,"[""R""]","[""R""]","Boiling Earth deals 1 damage to each creature your opponents control.
Awaken 4—{6}{R} (If you cast this spell for {6}{R}, also put four +1/+1 counters on target land you control and it becomes a 0/0 Elemental creature with haste. It's still a land.)",2015-10-02
18,2,Bojuka Bog,LTC,Tales of Middle-earth Commander,358,normal,mythic,en,36.95,EUR,763fee38-68bf-4c2f-837f-bd5077138368,Land,,0.0,[],"[""B""]","This land enters tapped.
When this land enters, exile target player's graveyard.
{T}: Add {B}.",2023-06-23
2429,1,Boldwyr Aggressor,ECL,Lorwyn Eclipsed,125,normal,uncommon,en,0.3,EUR,76bbccd2-8a90-49a7-921a-6565b495efdf,Creature — Giant Warrior,{3}{R}{R},5.0,"[""R""]","[""R""]","Double strike
Other Giants you control have double strike.",2026-01-23
1070,2,Bolt of Keranos,BNG,Born of the Gods,89,normal,common,en,0.3,EUR,4df70b14-5d67-4a92-aaba-72480c621d10,Sorcery,{1}{R}{R},3.0,"[""R""]","[""R""]",Bolt of Keranos deals 3 damage to any target. Scry 1. (Look at the top card of your library. You may put that card on the bottom.),2014-02-07
19,1,Bonded Construct,ORI,Magic Origins,223,normal,common,en,0.3,EUR,43361897-f853-4cab-a132-5af48dad3b54,Artifact Creature — Construct,{1},1.0,[],[],This creature can't attack alone.,2015-07-17
20,1,Bone Saw,OGW,Oath of the Gatewatch,161,normal,common,en,0.3,EUR,dc3d19ff-b618-4b07-99a8-ea6e7ee72459,Artifact — Equipment,{0},0.0,[],[],"Equipped creature gets +1/+0.
Equip {1} ({1}: Attach to target creature you control. Equip only as a sorcery.)",2016-01-22
313,1,Bone Splinters,M20,Core Set 2020,92,normal,common,en,0.3,EUR,7e75a7e9-902a-4733-8cd4-767247174a4c,Sorcery,{B},1.0,"[""B""]","[""B""]","As an additional cost to cast this spell, sacrifice a creature.
Destroy target creature.",2019-07-12
314,1,Bonebind Orator,BLB,Bloomburrow,84,normal,common,en,0.3,EUR,faf226fa-ca09-4468-8804-87b2a7de2c66,Creature — Squirrel Warlock Bard,{1}{B},2.0,"[""B""]","[""B""]","{3}{B}, Exile this card from your graveyard: Return another target creature card from your graveyard to your hand.",2024-08-02
2392,1,Boneclub Berserker,ECL,Lorwyn Eclipsed,126,normal,common,en,0.3,EUR,b3dbbe30-3d6e-46f8-92c1-caee995cba1a,Creature — Goblin Berserker,{3}{R},4.0,"[""R""]","[""R""]",This creature gets +2/+0 for each other Goblin you control.,2026-01-23
991,1,Boom Scholar,DFT,Aetherdrift,189,normal,uncommon,en,0.3,EUR,f2b84684-10c9-4635-a922-620f04809bb1,Creature — Goblin Advisor,{1}{R}{G},3.0,"[""G"",""R""]","[""G"",""R""]","Exhaust abilities of other permanents you control cost {2} less to activate.
Exhaust — {4}{R}{G}: Creatures and Vehicles you control gain trample until end of turn. Put two +1/+1 counters on this creature. (Activate each exhaust ability only once.)",2025-02-14
1867,1,Boon of Safety,SNC,Streets of New Capenna,4,normal,common,en,0.3,EUR,2069310a-9fb6-41b7-bbd5-849e3df05632,Instant,{W},1.0,"[""W""]","[""W""]","Put a shield counter on target creature. (If it would be dealt damage or destroyed, remove a shield counter from it instead.)
Scry 1.",2022-04-29
1868,2,Boonweaver Giant,M15,Magic 2015,5,normal,uncommon,en,0.3,EUR,85003365-7c5f-4283-995d-e466deef444b,Creature — Giant Monk,{6}{W},7.0,"[""W""]","[""W""]","When this creature enters, you may search your graveyard, hand, and/or library for an Aura card and put it onto the battlefield attached to this creature. If you search your library this way, shuffle.",2014-07-18
1071,6,Borderland Marauder,BBD,Battlebond,170,normal,common,en,0.3,EUR,a1ef17d5-2698-4a29-b6d3-59592849e759,Creature — Human Warrior,{1}{R},2.0,"[""R""]","[""R""]","Whenever this creature attacks, it gets +2/+0 until end of turn.",2018-06-08
1072,2,Borderland Minotaur,THS,Theros,114,normal,common,en,0.3,EUR,9c7f6eb2-feae-4dc9-a009-0ad60f89a592,Creature — Minotaur Warrior,{2}{R}{R},4.0,"[""R""]","[""R""]",,2013-09-27
21,2,Boros Locket,GRN,Guilds of Ravnica,231,normal,common,en,0.3,EUR,5e972d97-0df2-44e4-8ff2-cc8707316dc1,Artifact,{3},3.0,[],"[""R"",""W""]","{T}: Add {R} or {W}.
{R/W}{R/W}{R/W}{R/W}, {T}, Sacrifice this artifact: Draw two cards.",2018-10-05
668,1,Boseiju Reaches Skyward // Branch of Boseiju,NEO,Kamigawa: Neon Dynasty,177,normal,uncommon,en,0.3,EUR,1144014b-f13b-4397-97ed-a8de46371a2c,Enchantment — Saga // Enchantment Creature — Plant,,4.0,,"[""G""]",,2022-02-18
2213,2,Botanical Plaza,SNC,Streets of New Capenna,247,normal,common,en,0.3,EUR,9f8a6f93-1fc8-4690-add4-538763277f8e,Land,,0.0,[],"[""G"",""W""]","This land enters tapped.
{T}: Add {G} or {W}.
{2}{G}{W}, {T}, Sacrifice this land: Draw a card.",2022-04-29
1073,1,Boulder Salvo,OGW,Oath of the Gatewatch,102,normal,common,en,0.3,EUR,4e269989-bb22-4da4-a374-434a572e8e8f,Sorcery,{4}{R},5.0,"[""R""]","[""R""]","Surge {1}{R} (You may cast this spell for its surge cost if you or a teammate has cast another spell this turn.)
Boulder Salvo deals 4 damage to target creature.",2016-01-22
1074,1,Boulderfall,THS,Theros,115,normal,common,en,0.3,EUR,66470bac-cce0-4e79-82f9-9fb77aa950eb,Instant,{6}{R}{R},8.0,"[""R""]","[""R""]",Boulderfall deals 5 damage divided as you choose among any number of targets.,2013-09-27
669,1,Bouncer's Beatdown,SNC,Streets of New Capenna,135,normal,uncommon,en,0.3,EUR,54772e15-d99d-4eec-ba8d-b9202a7e318b,Instant,{2}{G},3.0,"[""G""]","[""G""]","This spell costs {2} less to cast if it targets a black permanent.
Bouncer's Beatdown deals X damage to target creature or planeswalker, where X is the greatest power among creatures you control. If that creature or planeswalker would die this turn, exile it instead.",2022-04-29
1075,1,Boundary Lands Ranger,WOE,Wilds of Eldraine,123,normal,uncommon,en,0.3,EUR,ccdcbb1d-702e-4832-8eed-7ed3deffefe3,Creature — Human Ranger,{1}{R},2.0,"[""R""]","[""R""]","At the beginning of combat on your turn, if you control a creature with power 4 or greater, you may discard a card. If you do, draw a card.",2023-09-08
1469,1,Brackish Blunder,LCI,The Lost Caverns of Ixalan,46,normal,common,en,0.3,EUR,dea3d0f4-76f5-416f-93ba-8b003b967816,Instant,{1}{U},2.0,"[""U""]","[""U""]","Return target creature to its owner's hand. If it was tapped, create a Map token. (It's an artifact with ""{1}, {T}, Sacrifice this token: Target creature you control explores. Activate only as a sorcery."")",2023-11-17
1470,4,Brainstorm,C18,Commander 2018,82,normal,uncommon,en,3.0,EUR,821f1c26-6253-4ecc-a243-a5662c637a4a,Instant,{U},1.0,"[""U""]","[""U""]","Draw three cards, then put two cards from your hand on top of your library in any order.",2018-08-10
2431,1,Brambleback Brute,ECL,Lorwyn Eclipsed,128,normal,common,en,0.3,EUR,5ebb8365-c6e1-46e8-a242-6aa27b21e68a,Creature — Giant Warrior,{2}{R},3.0,"[""R""]","[""R""]","This creature enters with two -1/-1 counters on it.
{1}{R}, Remove a counter from this creature: Target creature can't block this turn. Activate only as a sorcery.",2026-01-23
22,1,Branch of Vitu-Ghazi,MKM,Murders at Karlov Manor,258,normal,uncommon,en,0.3,EUR,73a8169f-b858-47a5-9c76-2e7c50ad4ecd,Land,,0.0,[],[],"{T}: Add {C}.
Disguise {3} (You may cast this card face down for {3} as a 2/2 creature with ward {2}. Turn it face up any time for its disguise cost.)
When this land is turned face up, add two mana of any one color. Until end of turn, you don't lose this mana as steps and phases end.",2024-02-09
23,1,Brass Knuckles,SNC,Streets of New Capenna,234,normal,uncommon,en,0.3,EUR,fd31ee9e-1af7-4eb4-bda8-11451ebd6927,Artifact — Equipment,{4},4.0,[],[],"When you cast this spell, copy it. (The copy becomes a token.)
Equipped creature has double strike as long as two or more Equipment are attached to it.
Equip {1} ({1}: Attach to target creature you control. Equip only as a sorcery.)",2022-04-29
670,1,Brave the Wilds,WOE,Wilds of Eldraine,165,normal,common,en,0.3,EUR,821b9e86-d108-42e5-b642-c5e07ab16c37,Sorcery,{G},1.0,"[""G""]","[""G""]","Bargain (You may sacrifice an artifact, enchantment, or token as you cast this spell.)
If this spell was bargained, target land you control becomes a 3/3 Elemental creature with haste that's still a land.
Search your library for a basic land card, reveal it, put it into your hand, then shuffle.",2023-09-08
1869,1,Brave-Kin Duo,BLB,Bloomburrow,3,normal,common,en,0.3,EUR,b8dd4693-424d-4d6e-86cf-24401a23d6b1,Creature — Rabbit Mouse,{W},1.0,"[""W""]","[""W""]","{1}, {T}: Target creature gets +1/+1 until end of turn. Activate only as a sorcery.",2024-08-02
24,2,Brawler's Plate,ORI,Magic Origins,224,normal,uncommon,en,0.3,EUR,da0a017e-eb8e-4f92-91f7-7d980461e284,Artifact — Equipment,{3},3.0,[],[],"Equipped creature gets +2/+2 and has trample. (It can deal excess combat damage to the player or planeswalker it's attacking.)
Equip {4} ({4}: Attach to target creature you control. Equip only as a sorcery.)",2015-07-17
1008,1,Brazen Upstart,SNC,Streets of New Capenna,296,normal,uncommon,en,0.3,EUR,25fd80c9-e86c-48bd-8c8b-654a29665931,Creature — Elf Shaman,{R}{G}{W},3.0,"[""G"",""R"",""W""]","[""G"",""R"",""W""]","Vigilance
When this creature dies, look at the top five cards of your library. You may reveal a creature card from among them and put it into your hand. Put the rest on the bottom of your library in a random order.",2022-04-29
1870,1,Break the Spell,WOE,Wilds of Eldraine,5,normal,common,en,0.3,EUR,f7094fc0-1d26-429c-9b49-37718c4a5c80,Instant,{W},1.0,"[""W""]","[""W""]","Destroy target enchantment. If a permanent you controlled or a token was destroyed this way, draw a card.",2023-09-08
1076,1,Breaking of the Fellowship,LTR,The Lord of the Rings: Tales of Middle-earth,117,normal,common,en,0.3,EUR,130f60d0-4fac-4e4e-a938-58f3b96e5335,Sorcery,{1}{R},2.0,"[""R""]","[""R""]",Target creature an opponent controls deals damage equal to its power to another target creature that player controls. The Ring tempts you.,2023-06-23
1871,1,Brightfield Mustang,DFT,Aetherdrift,5,normal,common,en,0.3,EUR,b2c7cacc-f15e-46c1-9c25-b567bb3e8680,Creature — Horse Mount,{3}{W},4.0,"[""W""]","[""W""]","Whenever this creature attacks while saddled, untap it and put a +1/+1 counter on it.
Saddle 1 (Tap any number of other creatures you control with total power 1 or more: This Mount becomes saddled until end of turn. Saddle only as a sorcery.)",2025-02-14
671,1,Broken Bond,DOM,Dominaria,157,normal,common,en,0.51,EUR,b4dcb59f-2a47-4461-9831-204ad15696b5,Sorcery,{1}{G},2.0,"[""G""]","[""G""]",Destroy target artifact or enchantment. You may put a land card from your hand onto the battlefield.,2018-04-27
1471,1,Broken Concentration,SOI,Shadows over Innistrad,50,normal,uncommon,en,0.3,EUR,252eef1f-0a62-420d-aad8-e3d7f1e07c1b,Instant,{1}{U}{U},3.0,"[""U""]","[""U""]","Counter target spell.
Madness {3}{U} (If you discard this card, discard it into exile. When you do, cast it for its madness cost or put it into your graveyard.)",2016-04-08
672,1,Broken Wings,ZNR,Zendikar Rising,181,normal,common,en,0.3,EUR,c0fc2dfd-85b0-4add-be18-b39549235921,Instant,{2}{G},3.0,"[""G""]","[""G""]","Destroy target artifact, enchantment, or creature with flying.",2020-09-25
1019,1,Brokers Charm,SNC,Streets of New Capenna,298,normal,uncommon,en,0.3,EUR,0aac0943-6c9a-4c65-9d17-3ca0f2ba2340,Instant,{G}{W}{U},3.0,"[""G"",""U"",""W""]","[""G"",""U"",""W""]","Choose one —
• Target creature you control gets +1/+0 until end of turn. It deals damage equal to its power to target creature or planeswalker an opponent controls.
• Destroy target enchantment.
• Draw two cards.",2022-04-29
1872,3,Brokers Initiate,SNC,Streets of New Capenna,5,normal,common,en,0.3,EUR,a7867f2d-e89d-429f-9ab8-5337b40b4d8d,Creature — Cat Citizen,{W},1.0,"[""W""]","[""G"",""U"",""W""]",{4}{G/U}: This creature has base power and toughness 5/5 until end of turn.,2022-04-29
1472,1,Brokers Veteran,SNC,Streets of New Capenna,36,normal,common,en,0.3,EUR,9d4a54bd-5598-4313-b5e6-29fd38da016a,Creature — Human Soldier,{1}{U},2.0,"[""U""]","[""U""]","When this creature dies, put a shield counter on target creature you control. (If it would be dealt damage or destroyed, remove a shield counter from it instead.)",2022-04-29
25,1,Bronze Cudgels,NEO,Kamigawa: Neon Dynasty,240,normal,uncommon,en,0.3,EUR,45fa226c-cc31-4c22-a167-40985706557b,Artifact — Equipment,{1},1.0,[],[],"{2}: Until end of turn, equipped creature gets +X/+0, where X is the number of times this ability has resolved this turn.
Equip {1} ({1}: Attach to target creature you control. Equip only as a sorcery.)",2022-02-18
26,4,Bronze Sable,CN2,Conspiracy: Take the Crown,208,normal,common,en,0.3,EUR,a95f8df0-3490-47ad-b452-76fe60179242,Artifact Creature — Sable,{2},2.0,[],[],,2016-08-26
1077,2,Bronzeplate Boar,NEO,Kamigawa: Neon Dynasty,135,normal,uncommon,en,0.3,EUR,7c8f5da8-13a8-4b39-8ddc-7661892924af,Artifact Creature — Equipment Boar,{2}{R},3.0,"[""R""]","[""R""]","Trample
Equipped creature gets +3/+2 and has trample.
Reconfigure {5} ({5}: Attach to target creature you control; or unattach from a creature. Reconfigure only as a sorcery. While attached, this isn't a creature.)",2022-02-18
1078,3,Brood Keeper,M15,Magic 2015,132,normal,uncommon,en,0.3,EUR,0a640a5b-c638-4ae6-ad02-eb5fe20f4662,Creature — Human Shaman,{3}{R},4.0,"[""R""]","[""R""]","Whenever an Aura becomes attached to this creature, create a 2/2 red Dragon creature token with flying. It has ""{R}: This creature gets +1/+0 until end of turn.""",2014-07-18
673,2,Broodhunter Wurm,BFZ,Battle for Zendikar,171,normal,common,en,0.3,EUR,c11c852d-9c7c-4d9b-8e79-70ea5ac865df,Creature — Wurm,{3}{G},4.0,"[""G""]","[""G""]",,2015-10-02
1079,1,Brutal Deceiver,CHK,Champions of Kamigawa,161,normal,common,en,0.3,EUR,e3d532b3-4bd6-4c1d-974d-789976117497,Creature — Spirit,{2}{R},3.0,"[""R""]","[""R""]","{1}: Look at the top card of your library.
{2}: Reveal the top card of your library. If it's a land card, this creature gets +1/+0 and gains first strike until end of turn. Activate only once each turn.",2004-10-01
1080,1,Brute Strength,DDT,Duel Decks: Merfolk vs. Goblins,35,normal,common,en,0.3,EUR,7776b3cb-0410-4d9c-958f-3ea042f9eaea,Instant,{1}{R},2.0,"[""R""]","[""R""]",Target creature gets +3/+1 and gains trample until end of turn. (It can deal excess combat damage to the player or planeswalker it's attacking.),2017-10-24
27,1,Brute Suit,NEO,Kamigawa: Neon Dynasty,241,normal,common,en,0.3,EUR,363cb43a-e358-4380-a42f-9b095ca522c6,Artifact — Vehicle,{3},3.0,[],[],"Vigilance
Crew 1 (Tap any number of creatures you control with total power 1 or more: This Vehicle becomes an artifact creature until end of turn.)",2022-02-18
1081,1,Built to Smash,KLD,Kaladesh,108,normal,common,en,0.3,EUR,6f054978-446c-4565-b51e-8f1f0e0f01e2,Instant,{R},1.0,"[""R""]","[""R""]","Target attacking creature gets +3/+3 until end of turn. If it's an artifact creature, it gains trample until end of turn.",2016-09-30
315,4,Buried Alive,SLD,Secret Lair Drop,1673,normal,rare,en,14.6,EUR,b06ef600-51a0-48e7-b19b-0b15b3e6fc69,Sorcery,{2}{B},3.0,"[""B""]","[""B""]","Search your library for up to three creature cards, put them into your graveyard, then shuffle.",2024-07-29
28,1,Buried Treasure,LCI,The Lost Caverns of Ixalan,246,normal,common,en,0.3,EUR,4c9c45b6-dedd-4481-a06a-c83ace2f18fa,Artifact — Treasure,{2},2.0,[],[],"{T}, Sacrifice this artifact: Add one mana of any color.
{5}, Exile this card from your graveyard: Discover 5. Activate only as a sorcery. (Exile cards from the top of your library until you exile a nonland card with mana value 5 or less. Cast it without paying its mana cost or put it into your hand. Put the rest on the bottom in a random order.)",2023-11-17
1082,1,Burner Rocket,DFT,Aetherdrift,114,normal,common,en,0.3,EUR,ecee6509-1103-4ae5-a2e7-0441f5d4a872,Artifact — Vehicle,{1}{R},2.0,"[""R""]","[""R""]","Flash
When this Vehicle enters, target creature you control gets +2/+0 and gains trample until end of turn.
Crew 1 (Tap any number of creatures you control with total power 1 or more: This Vehicle becomes an artifact creature until end of turn.)",2025-02-14
2478,1,Burning Curiosity,ECL,Lorwyn Eclipsed,129,normal,common,en,0.3,EUR,689ed288-6228-4d7e-b198-56a12b8be299,Sorcery,{2}{R},3.0,"[""R""]","[""R""]","As an additional cost to cast this spell, you may blight 1. (You may put a -1/-1 counter on a creature you control.)
Exile the top two cards of your library. If this spell's additional cost was paid, exile the top three cards instead. Until the end of your next turn, you may play those cards.",2026-01-23
1083,1,Burning Sun Cavalry,LCI,The Lost Caverns of Ixalan,138,normal,common,en,0.3,EUR,0c491ac0-4752-47a7-967e-456b6e4245de,Creature — Human Knight,{1}{R},2.0,"[""R""]","[""R""]","Whenever this creature attacks or blocks while you control a Dinosaur, this creature gets +1/+1 until end of turn.",2023-11-17
1084,3,Burning-Fist Minotaur,HOU,Hour of Devastation,85,normal,uncommon,en,0.3,EUR,52f191fb-eaf6-432f-a668-37ad48ffabaf,Creature — Minotaur Wizard,{1}{R},2.0,"[""R""]","[""R""]","First strike
{1}{R}, Discard a card: This creature gets +2/+0 until end of turn.",2017-07-14
29,1,Burnished Hart,C19,Commander 2019,211,normal,uncommon,en,0.3,EUR,cc80010d-f02a-4bd2-a36a-d17abbe922a0,Artifact Creature — Elk,{3},3.0,[],[],"{3}, Sacrifice this creature: Search your library for up to two basic land cards, put them onto the battlefield tapped, then shuffle.",2019-08-23
674,1,Burrowing Razormaw,BRO,The Brothers' War,173,normal,common,en,0.3,EUR,a7c8c73c-ee2e-4aa9-aa6c-42cf9d58d9cc,Creature — Beast,{2}{G},3.0,"[""G""]","[""G""]","When this creature dies, mill four cards. (Put the top four cards of your library into your graveyard.)",2022-11-18
1023,1,"Butterbur, Bree Innkeeper",LTR,The Lord of the Rings: Tales of Middle-earth,197,normal,uncommon,en,0.3,EUR,f3fd9ff1-278b-4e6a-b30b-90250d8b5762,Legendary Creature — Human Peasant,{2}{G}{W},4.0,"[""G"",""W""]","[""G"",""W""]","At the beginning of your end step, if you don't control a Food, create a Food token. (It's an artifact with ""{2}, {T}, Sacrifice this token: You gain 3 life."")",2023-06-23
2564,1,Buzz Bots,TMT,Teenage Mutant Ninja Turtles,32,normal,common,en,0.3,EUR,7c375190-f81b-4ab1-a1b6-fe432796821f,,,,,,,
2316,1,Buzzard-Wasp Colony,TLA,Avatar: The Last Airbender,88,normal,uncommon,en,0.3,EUR,42d83229-0555-4361-8964-4b525c825843,Creature — Bird Insect,{3}{B},4.0,"[""B""]","[""B""]","Flying
When this creature enters, you may sacrifice an artifact or creature. If you do, draw a card.
Whenever another creature you control dies, if it had counters on it, put its counters on this creature.",2025-11-21
675,1,Byway Courier,SOI,Shadows over Innistrad,196,normal,common,en,0.3,EUR,2f243a51-bbd3-4028-a469-469ab5591aae,Creature — Human Scout,{2}{G},3.0,"[""G""]","[""G""]","When this creature dies, investigate. (Create a Clue token. It's an artifact with ""{2}, Sacrifice this token: Draw a card."")",2016-04-08
316,1,Cabal Paladin,DOM,Dominaria,79,normal,common,en,0.3,EUR,2cff2cb9-f4e6-4fee-94ef-ad11e24525c1,Creature — Human Knight,{3}{B},4.0,"[""B""]","[""B""]","Whenever you cast a historic spell, this creature deals 2 damage to each opponent. (Artifacts, legendaries, and Sagas are historic.)",2018-04-27
676,1,Cabaretti Initiate,SNC,Streets of New Capenna,137,normal,common,en,0.3,EUR,6c691f62-009b-4178-8e8b-d6e88229a282,Creature — Raccoon Citizen,{G},1.0,"[""G""]","[""G"",""R"",""W""]",{2}{R/W}: This creature gains double strike until end of turn.,2022-04-29
677,1,Cache Grab,BLB,Bloomburrow,167,normal,common,en,0.3,EUR,dfd977dc-a7c3-4d0a-aca7-b25bd154e963,Instant,{1}{G},2.0,"[""G""]","[""G""]","Mill four cards. You may put a permanent card from among the cards milled this way into your hand. If you control a Squirrel or returned a Squirrel card to your hand this way, create a Food token. (To mill four cards, put the top four cards of your library into your graveyard. A Food token is an artifact with ""{2}, {T}, Sacrifice this token: You gain 3 life."")",2024-08-02
317,1,Cackling Slasher,DSK,Duskmourn: House of Horror,85,normal,common,en,0.3,EUR,b1269ccf-febf-42b0-8c20-21ccb731a3ec,Creature — Human Assassin,{3}{B},4.0,"[""B""]","[""B""]","Deathtouch
This creature enters with a +1/+1 counter on it if a creature died this turn.",2024-09-27
1873,1,Cage of Hands,PCA,Planechase Anthology,4,normal,common,en,0.3,EUR,08b3db52-ff5b-4948-ac94-c682fa6d6624,Enchantment — Aura,{2}{W},3.0,"[""W""]","[""W""]","Enchant creature
Enchanted creature can't attack or block.
{1}{W}: Return this Aura to its owner's hand.",2016-11-25
678,1,Caldaia Strongarm,SNC,Streets of New Capenna,138,normal,common,en,0.3,EUR,58b431d2-33c1-49d8-b45d-690c174bb456,Creature — Human Warrior,{4}{G},5.0,"[""G""]","[""G""]","When this creature enters, put two +1/+1 counters on target creature.
Blitz {3}{G} (If you cast this spell for its blitz cost, it gains haste and ""When this creature dies, draw a card."" Sacrifice it at the beginning of the next end step.)",2022-04-29
318,1,Caligo Skin-Witch,DOM,Dominaria,80,normal,common,en,0.3,EUR,2e23ee25-2005-4e81-a807-f52c0dbfb192,Creature — Human Wizard,{1}{B},2.0,"[""B""]","[""B""]","Kicker {3}{B} (You may pay an additional {3}{B} as you cast this spell.)
When this creature enters, if it was kicked, each opponent discards two cards.",2018-04-27
1085,1,Call In a Professional,SNC,Streets of New Capenna,103,normal,uncommon,en,0.3,EUR,ead68c0a-eed1-4a9c-a790-56f8a79b444c,Instant,{2}{R},3.0,"[""R""]","[""R""]",Players can't gain life this turn. Damage can't be prevented this turn. Call In a Professional deals 3 damage to any target. (Shield counters don't prevent this damage as they're removed.),2022-04-29
1086,1,Call of the Full Moon,ORI,Magic Origins,134,normal,uncommon,en,0.3,EUR,369d837a-a19b-457c-8146-cc1766a63ec1,Enchantment — Aura,{1}{R},2.0,"[""R""]","[""R""]","Enchant creature
Enchanted creature gets +3/+2 and has trample. (It can deal excess combat damage to the player or planeswalker it's attacking.)
At the beginning of each upkeep, if a player cast two or more spells last turn, sacrifice this Aura.",2015-07-17
1874,1,Call the Cavalry,GNT,Game Night,10,normal,common,en,0.3,EUR,5ffd9de5-c0b9-4d41-ab11-c77ce6f67c60,Sorcery,{3}{W},4.0,"[""W""]","[""W""]",Create two 2/2 white Knight creature tokens with vigilance.,2018-11-16
30,1,Call the Scions,BFZ,Battle for Zendikar,165,normal,common,en,0.3,EUR,5d248ed0-c2b4-4558-9a09-ace8fd4b0599,Sorcery,{2}{G},3.0,[],"[""G""]","Devoid (This card has no color.)
Create two 1/1 colorless Eldrazi Scion creature tokens. They have ""Sacrifice this token: Add {C}.""",2015-10-02
1875,1,Call to Glory,CHK,Champions of Kamigawa,4,normal,common,en,0.3,EUR,758fcfe4-0347-4ac6-8e29-f945cb1d7295,Instant,{1}{W},2.0,"[""W""]","[""W""]",Untap all creatures you control. Samurai creatures you control get +1/+1 until end of turn.,2004-10-01
1473,2,Call to Heel,BBD,Battlebond,114,normal,common,en,0.3,EUR,bdedbb84-7abe-420d-8429-c2d77ee0ae36,Instant,{1}{U},2.0,"[""U""]","[""U""]",Return target creature to its owner's hand. Its controller draws a card.,2018-06-08
1474,1,Callous Deceiver,CHK,Champions of Kamigawa,53,normal,common,en,0.3,EUR,628d3058-d32e-438c-9a86-3e9c2be73c4a,Creature — Spirit,{2}{U},3.0,"[""U""]","[""U""]","{1}: Look at the top card of your library.
{2}: Reveal the top card of your library. If it's a land card, this creature gets +1/+0 and gains flying until end of turn. Activate only once each turn.",2004-10-01
2321,1,Callous Inspector,TLA,Avatar: The Last Airbender,89,normal,common,en,0.3,EUR,f22610e9-6b14-4914-bb67-bd6723bec9aa,Creature — Human Soldier,{B},1.0,"[""B""]","[""B""]","Menace (This creature can't be blocked except by two or more creatures.)
When this creature dies, it deals 1 damage to you. Create a Clue token. (It's an artifact with ""{2}, Sacrifice this token: Draw a card."")",2025-11-21
1475,5,Cancel,M19,Core Set 2019,48,normal,common,en,0.3,EUR,9cff3fae-e072-4068-a1de-27de3d89c532,Instant,{1}{U}{U},3.0,"[""U""]","[""U""]",Counter target spell.,2018-07-13
679,2,Canopy Gorger,OGW,Oath of the Gatewatch,129,normal,common,en,0.3,EUR,cbc8957d-769c-4630-9544-56cea8c847c2,Creature — Wurm,{4}{G}{G},6.0,"[""G""]","[""G""]",,2016-01-22
2278,1,Canyon Crawler,TLA,Avatar: The Last Airbender,90,normal,common,en,0.3,EUR,30a30bfb-f0f3-425b-b37d-20079ee27046,Creature — Spider Beast,{4}{B}{B},6.0,"[""B""]","[""B""]","Deathtouch
When this creature enters, create a Food token. (It's an artifact with ""{2}, {T}, Sacrifice this token: You gain 3 life."")
Swampcycling {2} ({2}, Discard this card: Search your library for a Swamp card, reveal it, put it into your hand, then shuffle.)",2025-11-21
680,2,Capenna Express,SNC,Streets of New Capenna,139,normal,common,en,0.3,EUR,b5530b04-f086-4d09-97e9-eda45f8b1f7b,Artifact — Vehicle,{3}{G},4.0,"[""G""]","[""G""]","Sacrifice a Treasure: This Vehicle becomes an artifact creature until end of turn.
Crew 3 (Tap any number of creatures you control with total power 3 or more: This Vehicle becomes an artifact creature until end of turn.)",2022-04-29
1876,1,Captain's Call,M13,Magic 2013,9,normal,common,en,0.3,EUR,79258432-ea35-4f2a-9e4a-4abb53f335c6,Sorcery,{3}{W},4.0,"[""W""]","[""W""]",Create three 1/1 white Soldier creature tokens.,2012-07-13
31,1,Captivating Cave,LCI,The Lost Caverns of Ixalan,268,normal,common,en,0.3,EUR,1d1a645e-85c7-4044-b817-6e24744d245e,Land — Cave,,0.0,[],[],"{T}: Add {C}.
{1}, {T}: Add one mana of any color.
{4}, {T}, Sacrifice this land: Put two +1/+1 counters on target creature. Activate only as a sorcery.",2023-11-17
1476,1,Capture Sphere,GRN,Guilds of Ravnica,31,normal,common,en,0.3,EUR,5a799ac8-5798-4a26-81c1-763d6dcfcbe8,Enchantment — Aura,{3}{U},4.0,"[""U""]","[""U""]","Flash (You may cast this spell any time you could cast an instant.)
Enchant creature
When this Aura enters, tap enchanted creature.
Enchanted creature doesn't untap during its controller's untap step.",2018-10-05
32,1,Careening Mine Cart,LCI,The Lost Caverns of Ixalan,247,normal,uncommon,en,0.3,EUR,5a96d8ae-200a-40be-95a8-72b53638a090,Artifact — Vehicle,{3},3.0,[],[],"Whenever this Vehicle attacks, create a Treasure token. (It's an artifact with ""{T}, Sacrifice this token: Add one mana of any color."")
Crew 1 (Tap any number of creatures you control with total power 1 or more: This Vehicle becomes an artifact creature until end of turn.)",2023-11-17
681,1,Careful Cultivation,NEO,Kamigawa: Neon Dynasty,178,normal,common,en,0.3,EUR,9e2ebad5-0a56-4166-80af-7ebd20ae565a,Enchantment — Aura,{2}{G},3.0,"[""G""]","[""G""]","Enchant artifact or creature
As long as enchanted permanent is a creature, it gets +1/+3 and has reach and ""{T}: Add {G}{G}.""
Channel — {1}{G}, Discard this card: Create a 1/1 green Human Monk creature token with ""{T}: Add {G}.""",2022-02-18
682,4,Carnivorous Moss-Beast,M15,Magic 2015,170,normal,common,en,0.3,EUR,bd814ce3-9555-4e9d-a212-e40717f4e546,Creature — Plant Elemental Beast,{4}{G}{G},6.0,"[""G""]","[""G""]",{5}{G}{G}: Put a +1/+1 counter on this creature.,2014-07-18
319,4,Carrion Crow,M15,Magic 2015,88,normal,common,en,0.3,EUR,97d80cc4-f3be-4306-8126-e60f7b00d384,Creature — Zombie Bird,{2}{B},3.0,"[""B""]","[""B""]","Flying (This creature can't be blocked except by creatures with flying or reach.)
This creature enters tapped.",2014-07-18
320,1,Carrion Cruiser,DFT,Aetherdrift,305,normal,uncommon,en,0.3,EUR,818931d1-258d-4dda-9d0a-2015ec330bab,Artifact — Vehicle,{2}{B},3.0,"[""B""]","[""B""]","When this Vehicle enters, mill two cards. Then return a creature or Vehicle card from your graveyard to your hand. (To mill two cards, put the top two cards of your library into your graveyard.)
Crew 1 (Tap any number of creatures you control with total power 1 or more: This Vehicle becomes an artifact creature until end of turn.)",2025-02-14
321,1,Carrion Locust,BRO,The Brothers' War,87,normal,common,en,0.3,EUR,6759acb8-82c0-479f-86f3-f22ca7a2006c,Creature — Insect Horror,{2}{B},3.0,"[""B""]","[""B""]","Flying
When this creature enters, exile target card from an opponent's graveyard. If it was a creature card, that player loses 1 life.",2022-11-18
33,1,Cartographer's Companion,LCI,The Lost Caverns of Ixalan,248,normal,common,en,0.3,EUR,dbd8115e-4cb3-49b6-b74f-8fcfa28c6404,Artifact Creature — Gnome,{3},3.0,[],[],"When this creature enters, create a Map token. (It's an artifact with ""{1}, {T}, Sacrifice this token: Target creature you control explores. Activate only as a sorcery."")",2023-11-17
2579,1,"Casey Jones, Jury-Rig Justiciar",TMT,Teenage Mutant Ninja Turtles,207,normal,uncommon,en,0.51,EUR,f1210cc4-b968-4454-b314-4e9af9f56946,,,,,,,
322,2,Cast into Darkness,JOU,Journey into Nyx,63,normal,common,en,0.3,EUR,0c1880d4-90c7-46a2-bbc9-d2b52971d11c,Enchantment — Aura,{1}{B},2.0,"[""B""]","[""B""]","Enchant creature
Enchanted creature gets -2/-0 and can't block.",2014-05-02
1087,1,Cast into the Fire,LTR,The Lord of the Rings: Tales of Middle-earth,118,normal,common,en,0.68,EUR,2ef878cb-27b6-47d8-ad11-bd20529b0e7e,Instant,{1}{R},2.0,"[""R""]","[""R""]","Choose one —
• Cast into the Fire deals 1 damage to each of up to two target creatures.
• Exile target artifact.",2023-06-23
1877,1,Cat Soldier,TBNG,Born of the Gods Tokens,2,normal,common,en,1.71,EUR,921d6192-6b6d-4aa1-be80-bc0b9f503e33,Token Creature — Cat Soldier,,0.0,"[""W""]","[""W""]",Vigilance,2014-02-07
683,2,Cat Warrior,TC18,Commander 2018 Tokens,15,normal,common,en,0.51,EUR,0742ca95-9455-4f56-b26c-2994d12af602,Token Creature — Cat Warrior,,0.0,"[""G""]","[""G""]",Forestwalk,2018-08-09
323,1,Catacomb Crocodile,RNA,Ravnica Allegiance,67,normal,common,en,0.3,EUR,440c53f0-7922-4e14-802d-d7a22f8fed85,Creature — Crocodile,{4}{B},5.0,"[""B""]","[""B""]",,2019-01-25
1477,1,Catalog,SOI,Shadows over Innistrad,51,normal,common,en,0.3,EUR,1b069516-1465-4acf-b4b9-ca7f1238b4fe,Instant,{2}{U},3.0,"[""U""]","[""U""]","Draw two cards, then discard a card.",2016-04-08
1088,2,Catalyst Elemental,M19,Core Set 2019,132,normal,common,en,0.34,EUR,e83a678b-19d4-47a5-aa1c-c2437e5009c0,Creature — Elemental,{2}{R},3.0,"[""R""]","[""R""]",Sacrifice this creature: Add {R}{R}.,2018-07-13
1089,1,Caterwauling Boggart,LRW,Lorwyn,157,normal,common,en,0.51,EUR,ee8337bf-9fe8-45a0-974c-8911306b19ea,Creature — Goblin Shaman,{3}{R},4.0,"[""R""]","[""R""]",Goblins you control and Elementals you control have menace. (They can't be blocked except by two or more creatures.),2007-10-12
1878,1,Cathar's Companion,SOI,Shadows over Innistrad,9,normal,common,en,0.3,EUR,0f4b9943-0fe6-4383-90a0-4a719dcf9499,Creature — Dog,{2}{W},3.0,"[""W""]","[""W""]","Whenever you cast a noncreature spell, this creature gains indestructible until end of turn. (Damage and effects that say ""destroy"" don't destroy it.)",2016-04-08
34,1,Cathar's Shield,EMN,Eldritch Moon,192,normal,common,en,0.3,EUR,61c18ffa-ffff-4dc4-9db0-d5f183c35e17,Artifact — Equipment,{0},0.0,[],[],"Equipped creature gets +0/+3 and has vigilance.
Equip {3} ({3}: Attach to target creature you control. Equip only as a sorcery.)",2016-07-22
1478,1,Cathartic Adept,ALA,Shards of Alara,34,normal,common,en,0.3,EUR,8e63626d-f55c-4155-9712-511f591c0614,Creature — Human Wizard,{U},1.0,"[""U""]","[""U""]",{T}: Target player mills a card.,2008-10-03
684,1,Cathartic Parting,DSK,Duskmourn: House of Horror,171,normal,uncommon,en,0.3,EUR,6afc250a-854d-4555-ba78-db9283fa7c22,Sorcery,{1}{G},2.0,"[""G""]","[""G""]",The owner of target artifact or enchantment an opponent controls shuffles it into their library. You may shuffle up to four target cards from your graveyard into your library.,2024-09-27
1879,1,Caught in the Brights,AER,Aether Revolt,10,normal,common,en,0.3,EUR,4d5bea27-d825-4691-8ae0-c4831574ec53,Enchantment — Aura,{2}{W},3.0,"[""W""]","[""W""]","Enchant creature
Enchanted creature can't attack or block.
When a Vehicle you control attacks, exile enchanted creature.",2017-01-20
324,2,Caustic Tar,A25,Masters 25,81,normal,uncommon,en,0.3,EUR,9002443d-a296-4f68-8a94-991165e6ea38,Enchantment — Aura,{4}{B}{B},6.0,"[""B""]","[""B""]","Enchant land
Enchanted land has ""{T}: Target player loses 3 life.""",2018-03-16
325,1,Cavern Lampad,THS,Theros,81,normal,common,en,0.3,EUR,e340de29-026f-4c76-8cb5-1abfcecbb3b1,Enchantment Creature — Nymph,{3}{B},4.0,"[""B""]","[""B""]","Bestow {5}{B} (If you cast this card for its bestow cost, it's an Aura spell with enchant creature. It becomes a creature again if it's not attached.)
Intimidate (This creature can't be blocked except by artifact creatures and/or creatures that share a color with it.)
Enchanted creature gets +2/+2 and has intimidate.",2013-09-27
685,1,Cavern Thoctar,ALA,Shards of Alara,125,normal,common,en,0.3,EUR,34748acb-7045-42b6-a93f-a3f11a1bc839,Creature — Beast,{5}{G},6.0,"[""G""]","[""G"",""R""]",{1}{R}: This creature gets +1/+0 until end of turn.,2008-10-03
35,1,Cavernous Maw,LCI,The Lost Caverns of Ixalan,270,normal,uncommon,en,0.3,EUR,2a51ebf6-a465-42e2-82b7-d2cb928ca632,Land — Cave,,0.0,[],[],"{T}: Add {C}.
{2}: This land becomes a 3/3 Elemental creature until end of turn. It's still a Cave land. Activate only if the number of other Caves you control plus the number of Cave cards in your graveyard is three or greater.",2023-11-17
1880,3,Celebrity Fencer,SNC,Streets of New Capenna,7,normal,common,en,0.3,EUR,5afb5c5c-06e0-4b11-ad07-aef7be6e2cd4,Creature — Elf Druid,{3}{W},4.0,"[""W""]","[""W""]","Alliance — Whenever another creature you control enters, put a +1/+1 counter on this creature.",2022-04-29
1881,1,Celestial Archon,C18,Commander 2018,64,normal,rare,en,0.42,EUR,c40cb58f-370f-487a-9a96-bdce173aa3c6,Enchantment Creature — Archon,{3}{W}{W},5.0,"[""W""]","[""W""]","Bestow {5}{W}{W} (If you cast this card for its bestow cost, it's an Aura spell with enchant creature. It becomes a creature again if it's not attached.)
Flying, first strike
Enchanted creature gets +4/+4 and has flying and first strike.",2018-08-10
1882,1,Celestial Flare,ORI,Magic Origins,8,normal,common,en,0.3,EUR,89bb3b06-b33b-4897-882e-75b75790ea02,Instant,{W}{W},2.0,"[""W""]","[""W""]",Target player sacrifices an attacking or blocking creature of their choice.,2015-07-17
1807,1,Celestial Regulator,SNC,Streets of New Capenna,174,normal,common,en,0.3,EUR,25803f0b-4475-447e-abdf-dcd6a98dd654,Creature — Angel Advisor,{1}{W}{U},3.0,"[""U"",""W""]","[""U"",""W""]","Flying
When this creature enters, choose target creature you don't control and tap it. If you control a creature with a counter on it, the chosen creature doesn't untap during its controller's next untap step.",2022-04-29
2379,1,Celestial Reunion,ECL,Lorwyn Eclipsed,170,normal,mythic,en,1.94,EUR,583b2863-aca1-4dab-9196-ea453b5d9454,Sorcery,{X}{G},1.0,"[""G""]","[""G""]","As an additional cost to cast this spell, you may choose a creature type and behold two creatures of that type.
Search your library for a creature card with mana value X or less, reveal it, put it into your hand, then shuffle. If this spell's additional cost was paid and the revealed card is the chosen type, put that card onto the battlefield instead of putting it into your hand.",2026-01-23
36,1,Cement Shoes,SNC,Streets of New Capenna,235,normal,uncommon,en,0.3,EUR,b1100dba-de2d-481e-b29c-71f6d34663ba,Artifact — Equipment,{1},1.0,[],[],"Equipped creature gets +3/+3 and has ""At the beginning of your end step, tap this creature.""
Equipped creature doesn't untap during its controller's untap step.
Equip {2} ({2}: Attach to target creature you control. Equip only as a sorcery.)",2022-04-29
1883,2,Cenn's Heir,LRW,Lorwyn,8,normal,common,en,0.3,EUR,a7610d2f-e35f-42fa-a3fb-fcae54bf5a1d,Creature — Kithkin Soldier,{1}{W},2.0,"[""W""]","[""W""]","Whenever this creature attacks, it gets +1/+1 until end of turn for each other attacking Kithkin.",2007-10-12
686,1,Centaur,TC19,Commander 2019 Tokens,15,normal,common,en,0.3,EUR,91a182ce-11e6-4a7e-a306-15e3670fc433,Token Creature — Centaur,,0.0,"[""G""]","[""G""]",,2019-08-01
687,1,Centaur Courser,M20,Core Set 2020,168,normal,common,en,0.3,EUR,e8b67ee8-3189-4426-8b1a-b540267768fd,Creature — Centaur Warrior,{2}{G},3.0,"[""G""]","[""G""]",,2019-07-12
2251,2,Centaur Healer,GK1,GRN Guild Kit,110,normal,common,en,0.3,EUR,fc7154bc-9512-4bbd-994f-b2068e3d0059,Creature — Centaur Cleric,{1}{G}{W},3.0,"[""G"",""W""]","[""G"",""W""]","When this creature enters, you gain 3 life.",2018-11-02
1884,2,Center Soul,DTK,Dragons of Tarkir,8,normal,common,en,0.3,EUR,bfca3763-9823-4fa4-968d-c701434b3d28,Instant,{1}{W},2.0,"[""W""]","[""W""]","Target creature you control gains protection from the color of your choice until end of turn.
Rebound (If you cast this spell from your hand, exile it as it resolves. At the beginning of your next upkeep, you may cast this card from exile without paying its mana cost.)",2015-03-27
1479,1,Ceremonious Rejection,KLD,Kaladesh,40,normal,uncommon,en,0.3,EUR,08c5ed8e-4804-4042-8a1d-ad24c6846816,Instant,{U},1.0,"[""U""]","[""U""]",Counter target colorless spell.,2016-09-30
2324,1,Chakra Meditation,TLE,Avatar: The Last Airbender Eternal,91,normal,rare,en,0.85,EUR,98392aac-2c1c-4cff-ad14-0e2f51439012,Enchantment,{2}{U},3.0,"[""U""]","[""U""]","When this enchantment enters, return up to one target instant or sorcery card from your graveyard to your hand.
Whenever you cast an instant or sorcery spell, draw a card. Then discard a card unless there are three or more Lesson cards in your graveyard.",2025-11-21
688,1,Chalk Outline,MKM,Murders at Karlov Manor,157,normal,uncommon,en,0.3,EUR,b3ff56c1-4153-4e15-9ac6-06d93fa2ae50,Enchantment,{3}{G},4.0,"[""G""]","[""G""]","Whenever one or more creature cards leave your graveyard, create a 2/2 white and blue Detective creature token, then investigate. (Create a Clue token. It's an artifact with ""{2}, Sacrifice this token: Draw a card."")",2024-02-09
1090,1,Champion of the Flame,DOM,Dominaria,116,normal,uncommon,en,0.3,EUR,460fa161-362f-406d-9149-d412bc51836c,Creature — Human Warrior,{1}{R},2.0,"[""R""]","[""R""]","Trample
This creature gets +2/+2 for each Aura and Equipment attached to it.",2018-04-27
2424,1,Champion of the Weird,ECL,Lorwyn Eclipsed,95,normal,rare,en,0.42,EUR,e600dd01-65ac-489c-a52a-decbc3a9a4f3,Creature — Goblin Berserker,{3}{B},4.0,"[""B""]","[""B""]","As an additional cost to cast this spell, behold a Goblin and exile it. (Exile a Goblin you control or a Goblin card from your hand.)
Pay 1 life, Blight 2: Target opponent blights 2. Activate only as a sorcery.
When this creature leaves the battlefield, return the exiled card to its owner's hand.",2026-01-23
2490,1,Champions of the Perfect,ECL,Lorwyn Eclipsed,171,normal,rare,en,1.1,EUR,4f359211-8be5-4818-b73c-14f24b7ddb21,Creature — Elf Warrior,{3}{G},4.0,"[""G""]","[""G""]","As an additional cost to cast this spell, behold an Elf and exile it. (Exile an Elf you control or an Elf card from your hand.)
Whenever you cast a creature spell, draw a card.
When this creature leaves the battlefield, return the exiled card to its owner's hand.",2026-01-23
2369,1,Champions of the Shoal,ECL,Lorwyn Eclipsed,46,normal,rare,en,0.42,EUR,e1acdd9c-4a6d-4373-950c-f5539b54679f,Creature — Merfolk Soldier,{3}{U},4.0,"[""U""]","[""U""]","As an additional cost to cast this spell, behold a Merfolk and exile it. (Exile a Merfolk you control or a Merfolk card from your hand.)
Whenever this creature enters or becomes tapped, tap up to one target creature and put a stun counter on it.
When this creature leaves the battlefield, return the exiled card to its owner's hand.",2026-01-23
1885,2,Chancellor of the Annex,NPH,New Phyrexia,6,normal,rare,en,1.97,EUR,be1b482a-badb-4b9a-ab63-2e7944826aa0,Creature — Phyrexian Angel,{4}{W}{W}{W},7.0,"[""W""]","[""W""]","You may reveal this card from your opening hand. If you do, when each opponent casts their first spell of the game, counter that spell unless that player pays {1}.
Flying
Whenever an opponent casts a spell, counter it unless that player pays {1}.",2011-05-13
1091,1,Chandra's Fury,ORI,Magic Origins,136,normal,common,en,0.3,EUR,d2b85237-98a8-4b52-9cc6-6fd14849b069,Instant,{4}{R},5.0,"[""R""]","[""R""]",Chandra's Fury deals 4 damage to target player or planeswalker and 1 damage to each creature that player or that planeswalker's controller controls.,2015-07-17
1092,2,Chandra's Pyrohelix,WAR,War of the Spark,120,normal,common,en,0.3,EUR,1c482f51-9222-4e9e-a9fd-bb14a0afe156,Instant,{1}{R},2.0,"[""R""]","[""R""]",Chandra's Pyrohelix deals 2 damage divided as you choose among one or two targets.,2019-05-03
2432,1,Changeling Wayfinder,ECL,Lorwyn Eclipsed,1,normal,common,en,0.3,EUR,6c6061aa-a4da-4115-85b6-d0aa22f2386c,Creature — Shapeshifter,{3},3.0,,,"Changeling (This card is every creature type.)
When this creature enters, you may search your library for a basic land card, reveal it, put it into your hand, then shuffle.",2026-01-23
2486,1,Chaos Spewer,ECL,Lorwyn Eclipsed,210,normal,common,en,0.3,EUR,b5918fa5-1d13-447b-8838-633b6b61e791,Creature — Goblin Warlock,{2}{B/R},3.0,"[""B"",""R""]","[""B"",""R""]","When this creature enters, you may pay {2}. If you don't, blight 2. (To blight 2, put two -1/-1 counters on a creature you control.)",2026-01-23
689,1,Charging Badger,BNG,Born of the Gods,118,normal,common,en,0.3,EUR,5d88ad54-43fc-45e0-8e00-db6be0c021ea,Creature — Badger,{G},1.0,"[""G""]","[""G""]",Trample,2014-02-07
690,1,Charging Binox,BBD,Battlebond,66,normal,common,en,0.3,EUR,68222ab7-7b9c-43e5-b80e-db643d80a6d9,Creature — Beast,{7}{G},8.0,"[""G""]","[""G""]","Assist (Another player can pay up to {7} of this spell's cost.)
Trample",2018-06-08
691,6,Charging Rhino,BBD,Battlebond,192,normal,common,en,0.3,EUR,f12724b4-3c73-4b16-b5f8-482dc3f56a3c,Creature — Rhino,{3}{G}{G},5.0,"[""G""]","[""G""]",This creature can't be blocked by more than one creature.,2018-06-08
37,1,Chariot of Victory,JOU,Journey into Nyx,159,normal,uncommon,en,0.85,EUR,c2dd03d2-05ef-4929-b973-3dbe49fc7592,Artifact — Equipment,{3},3.0,[],[],"Equipped creature has first strike, trample, and haste.
Equip {1}",2014-05-02
1480,1,Chart a Course,XLN,Ixalan,48,normal,uncommon,en,0.3,EUR,98291778-2ec2-47e2-ac99-5f8cfbb3cf24,Sorcery,{1}{U},2.0,"[""U""]","[""U""]",Draw two cards. Then discard a card unless you attacked this turn.,2017-09-29
1481,1,Chasm Skulker,C16,Commander 2016,85,normal,rare,en,1.11,EUR,97df5b12-bd8e-44dd-8b6c-1511eaa080c3,Creature — Squid Horror,{2}{U},3.0,"[""U""]","[""U""]","Whenever you draw a card, put a +1/+1 counter on this creature.
When this creature dies, create X 1/1 blue Squid creature tokens with islandwalk, where X is the number of +1/+1 counters on this creature. (They can't be blocked as long as defending player controls an Island.)",2016-11-11
1886,1,Cheeky House-Mouse // Squeak By,WOE,Wilds of Eldraine,7,normal,uncommon,en,0.3,EUR,1f3013bf-9647-4bdb-a638-d299ae00f88e,Creature — Mouse // Sorcery — Adventure,{W} // {W},1.0,"[""W""]","[""W""]",,2023-09-08
1428,1,Chemister's Trick,RTR,Return to Ravnica,149,normal,common,en,0.3,EUR,dbfc2748-351f-4b5d-8a7e-bc51851578bb,Instant,{U}{R},2.0,"[""R"",""U""]","[""R"",""U""]","Target creature you don't control gets -2/-0 until end of turn and attacks this turn if able.
Overload {3}{U}{R} (You may cast this spell for its overload cost. If you do, change ""target"" in its text to ""each."")",2012-10-05
38,2,Chief of the Foundry,C18,Commander 2018,199,normal,uncommon,en,0.3,EUR,145ae70d-8d0d-4bf2-b50c-af75b6874899,Artifact Creature — Construct,{3},3.0,[],[],Other artifact creatures you control get +1/+1.,2018-08-10
326,4,Child of Night,GRN,Guilds of Ravnica,65,normal,common,en,0.3,EUR,afebf1a5-eb9a-48c6-a26a-55b75408992b,Creature — Vampire,{1}{B},2.0,"[""B""]","[""B""]",Lifelink,2018-10-05
692,1,Chord of Calling,M15,Magic 2015,172,normal,rare,en,6.01,EUR,0a7695cc-7b6b-499d-9f5a-729082fc72e9,Instant,{X}{G}{G}{G},3.0,"[""G""]","[""G""]","Convoke (Your creatures can help cast this spell. Each creature you tap while casting this spell pays for {1} or one mana of that creature's color.)
Search your library for a creature card with mana value X or less, put it onto the battlefield, then shuffle.",2014-07-18
1482,2,Chorus of the Tides,BNG,Born of the Gods,33,normal,common,en,0.3,EUR,6e576f7a-0390-4514-aaed-20406fe6acdf,Creature — Siren,{3}{U},4.0,"[""U""]","[""U""]","Flying
Heroic — Whenever you cast a spell that targets this creature, scry 1. (To scry 1, look at the top card of your library, then you may put that card on the bottom.)",2014-02-07
1887,1,Chosen by Heliod,THS,Theros,5,normal,common,en,0.3,EUR,d8ead499-920c-465a-a23d-f08710d7e9bc,Enchantment — Aura,{1}{W},2.0,"[""W""]","[""W""]","Enchant creature
When this Aura enters, draw a card.
Enchanted creature gets +0/+2.",2013-09-27
39,2,Chrome Cat,SNC,Streets of New Capenna,236,normal,common,en,0.3,EUR,85da50ba-2061-40f0-b3af-950b87f812cd,Artifact Creature — Cat,{3},3.0,[],[],"When this creature enters, scry 1.",2022-04-29
2398,1,Chronicle of Victory,ECL,Lorwyn Eclipsed,253,normal,mythic,en,18.66,EUR,b3c2d68d-690b-41e7-99ed-2d20c7e0a9b4,Legendary Artifact,{6},6.0,[],[],"As Chronicle of Victory enters, choose a creature type.
Creatures you control of the chosen type get +2/+2 and have first strike and trample.
Whenever you cast a spell of the chosen type, draw a card.",2026-01-23
1483,4,Chronostutter,M15,Magic 2015,48,normal,common,en,0.3,EUR,bbef107d-c19f-4af3-9236-c66123075b41,Instant,{5}{U},6.0,"[""U""]","[""U""]",Put target creature into its owner's library second from the top.,2014-07-18
327,4,Chupacabra Echo,LCI,The Lost Caverns of Ixalan,97,normal,uncommon,en,0.3,EUR,bdd8eed6-91da-4454-a5e3-7bbfac614f47,Creature — Beast Horror Spirit,{2}{B}{B},4.0,"[""B""]","[""B""]","Fathomless descent — When this creature enters, target creature an opponent controls gets -X/-X until end of turn, where X is the number of permanent cards in your graveyard.",2023-11-17
1093,1,Circle of Flame,M15,Magic 2015,135,normal,uncommon,en,0.3,EUR,96cbfd4a-ac95-4191-84f9-199a9e1807c4,Enchantment,{1}{R},2.0,"[""R""]","[""R""]","Whenever a creature without flying attacks you or a planeswalker you control, this enchantment deals 1 damage to that creature.",2014-07-18
40,1,Circuit Mender,NEO,Kamigawa: Neon Dynasty,242,normal,uncommon,en,0.42,EUR,defaeb68-3f8a-4740-b13f-8c71c7e9c8b4,Artifact Creature — Insect,{3},3.0,[],[],"When this creature enters, you gain 2 life.
When this creature leaves the battlefield, draw a card.",2022-02-18
1024,2,Citadel Castellan,ORI,Magic Origins,213,normal,uncommon,en,0.3,EUR,9aa11f30-f2b7-4279-9176-c336c74538bf,Creature — Human Knight,{1}{G}{W},3.0,"[""G"",""W""]","[""G"",""W""]","Vigilance (Attacking doesn't cause this creature to tap.)
Renown 2 (When this creature deals combat damage to a player, if it isn't renowned, put two +1/+1 counters on it and it becomes renowned.)",2015-07-17
693,1,Citanul Stalwart,BRO,The Brothers' War,175,normal,common,en,0.3,EUR,a842a945-21d9-432c-b970-6da65b16f309,Creature — Elf Druid Soldier,{G},1.0,"[""G""]","[""G""]","{T}, Tap an untapped artifact or creature you control: Add one mana of any color.",2022-11-18
609,1,Citizen,TWAR,War of the Spark Tokens,16,normal,common,en,0.3,EUR,de7ba875-f77b-404f-8b75-4ba6f81da410,Token Creature — Citizen,,0.0,"[""B"",""G"",""R"",""U"",""W""]","[""B"",""G"",""R"",""U"",""W""]",This creature is all colors.,2019-05-03
1888,1,Citizen's Crowbar,SNC,Streets of New Capenna,8,normal,uncommon,en,0.3,EUR,b68896f5-1e13-400a-a327-b6c6f00858b7,Artifact — Equipment,{1}{W},2.0,"[""W""]","[""W""]","When this Equipment enters, create a 1/1 green and white Citizen creature token, then attach this Equipment to it.
Equipped creature gets +1/+1 and has ""{W}, {T}, Sacrifice Citizen's Crowbar: Destroy target artifact or enchantment.""
Equip {2} ({2}: Attach to target creature you control. Equip only as a sorcery.)",2022-04-29
694,2,Civic Gardener,SNC,Streets of New Capenna,140,normal,common,en,0.3,EUR,f58d39d7-62bf-43c8-97b3-0f9069af0e29,Creature — Human Citizen,{1}{G},2.0,"[""G""]","[""G""]","Whenever this creature attacks, untap target creature or land.",2022-04-29
1025,2,Civil Servant,SNC,Streets of New Capenna,176,normal,common,en,0.3,EUR,1cf5da68-a79b-40a3-93bc-785fb2352b05,Creature — Cat Citizen,{G}{W},2.0,"[""G"",""W""]","[""G"",""W""]","Whenever this creature attacks, you may tap another untapped Citizen you control. If you do, this creature gets +1/+0 and gains lifelink until end of turn.",2022-04-29
2390,1,Clachan Festival,ECL,Lorwyn Eclipsed,10,normal,uncommon,en,0.3,EUR,324b5234-ffbf-4801-a475-8f693679ae2f,Kindred Enchantment — Kithkin,{2}{W},3.0,"[""W""]","[""W""]","When this enchantment enters, create two 1/1 green and white Kithkin creature tokens.
{4}{W}: Create a 1/1 green and white Kithkin creature token.",2026-01-23
328,1,Claim of Erebos,BNG,Born of the Gods,64,normal,common,en,0.3,EUR,a51db556-b3e8-4628-9e39-6353023b0696,Enchantment — Aura,{1}{B},2.0,"[""B""]","[""B""]","Enchant creature
Enchanted creature has ""{1}{B}, {T}: Target player loses 2 life.""",2014-02-07
329,1,Claim the Precious,LTR,The Lord of the Rings: Tales of Middle-earth,81,normal,common,en,0.3,EUR,121c12c4-83ea-463e-8fdf-30718968a2bd,Sorcery,{1}{B}{B},3.0,"[""B""]","[""B""]",Destroy target creature. The Ring tempts you.,2023-06-23
330,1,Clandestine Meddler,MKM,Murders at Karlov Manor,82,normal,uncommon,en,0.3,EUR,2e069de0-3218-456c-b191-93e755634783,Creature — Vampire Rogue,{2}{B},3.0,"[""B""]","[""B""]","When this creature enters, suspect up to one other target creature you control. (A suspected creature has menace and can't block.)
Whenever one or more suspected creatures you control attack, surveil 1. (Look at the top card of your library. You may put it into your graveyard.)",2024-02-09
331,1,Clawing Torment,NEO,Kamigawa: Neon Dynasty,91,normal,common,en,0.3,EUR,621fce96-5933-4e2b-98ec-2589940e24cb,Enchantment — Aura,{B},1.0,"[""B""]","[""B""]","Enchant artifact or creature
As long as enchanted permanent is a creature, it gets -1/-1 and can't block.
Enchanted permanent has ""At the beginning of your upkeep, you lose 1 life.""",2022-02-18
1889,1,Clay-Fired Bricks // Cosmium Kiln,LCI,The Lost Caverns of Ixalan,6,normal,uncommon,en,0.3,EUR,8aece300-656b-4e0d-a45f-aa7feaff0a4e,Artifact // Artifact,,2.0,,"[""W""]",,2023-11-17
695,1,Cleanup Crew,SNC,Streets of New Capenna,141,normal,uncommon,en,0.3,EUR,5354868b-c96b-4765-b0c8-8895093e4019,Creature — Human Citizen,{4}{G}{G},6.0,"[""G""]","[""G""]","When this creature enters, choose one —
• Destroy target artifact.
• Destroy target enchantment.
• Exile target card from a graveyard.
• You gain 4 life.",2022-04-29
696,1,Clear Shot,EMN,Eldritch Moon,152,normal,uncommon,en,0.3,EUR,12fa1d34-7e32-45b7-9f6f-68f152f75d1a,Instant,{2}{G},3.0,"[""G""]","[""G""]",Target creature you control gets +1/+1 until end of turn. It deals damage equal to its power to target creature you don't control.,2016-07-22
1094,3,Clear a Path,M15,Magic 2015,136,normal,common,en,0.3,EUR,3738b0d1-06c0-4d6d-a307-478d994ff36e,Sorcery,{R},1.0,"[""R""]","[""R""]",Destroy target creature with defender.,2014-07-18
1484,1,Clear the Mind,RNA,Ravnica Allegiance,34,normal,common,en,0.3,EUR,a7da6982-9e57-41d2-a052-f2a3bb646436,Sorcery,{2}{U},3.0,"[""U""]","[""U""]","Target player shuffles their graveyard into their library.
Draw a card.",2019-01-25
1890,1,Cliffside Lookout,BFZ,Battle for Zendikar,20,normal,common,en,0.3,EUR,8c755ae6-badc-4dc8-bfa6-fdebcb00bfba,Creature — Kor Scout Ally,{W},1.0,"[""W""]","[""W""]",{4}{W}: Creatures you control get +1/+1 until end of turn.,2015-10-02
697,1,Clip Wings,SOI,Shadows over Innistrad,197,normal,common,en,0.3,EUR,f2835993-6c71-4a63-bad5-cb25aedc4a15,Instant,{1}{G},2.0,"[""G""]","[""G""]",Each opponent sacrifices a creature of their choice with flying.,2016-04-08
1485,2,Cloaked Siren,CN2,Conspiracy: Take the Crown,104,normal,common,en,0.3,EUR,5f2f76f9-b883-42e1-bd74-71934e15b973,Creature — Siren,{3}{U},4.0,"[""U""]","[""U""]","Flash (You may cast this spell any time you could cast an instant.)
Flying",2016-08-26
1439,1,"Cloud, Planet's Champion",FIN,Final Fantasy,552,foil,mythic,en,2.57,EUR,a6d58067-337d-43dc-b4a3-c6acc701d450,Legendary Creature — Human Soldier Mercenary,{3}{R}{W},5.0,"[""R"",""W""]","[""R"",""W""]","During your turn, as long as Cloud is equipped, it has double strike and indestructible. (This creature deals both first-strike and regular combat damage. Damage and effects that say ""destroy"" don't destroy this creature.)
Equip abilities you activate that target Cloud cost {2} less to activate.",2025-06-13
1891,2,Cloudbound Moogle,FIN,Final Fantasy,11,normal,common,en,0.3,EUR,7387bca7-f496-45da-a0ac-6be049303a8f,Creature — Moogle,{3}{W}{W},5.0,"[""W""]","[""W""]","Flying
When this creature enters, put a +1/+1 counter on target creature.
Plainscycling {2} ({2}, Discard this card: Search your library for a Plains card, reveal it, put it into your hand, then shuffle.)",2025-06-13
1486,1,Cloudheath Drake,ALA,Shards of Alara,35,normal,common,en,0.3,EUR,7f71ec76-47e1-4f55-bc57-e7b1c88baedd,Artifact Creature — Drake,{4}{U},5.0,"[""U""]","[""U"",""W""]","Flying
{1}{W}: This creature gains vigilance until end of turn.",2008-10-03
1487,1,Cloudreader Sphinx,DOM,Dominaria,47,normal,common,en,0.3,EUR,6c85a696-fa1a-4e05-b0aa-79b3381e849a,Creature — Sphinx,{4}{U},5.0,"[""U""]","[""U""]","Flying
When this creature enters, scry 2. (Look at the top two cards of your library, then put any number of them on the bottom and the rest on top in any order.)",2018-04-27
1440,1,Cloudspire Coordinator,DFT,Aetherdrift,196,normal,uncommon,en,0.3,EUR,eef16cda-9150-4e7d-8490-d9f287b81b62,Creature — Human Pilot,{R}{W},2.0,"[""R"",""W""]","[""R"",""W""]","When this creature enters, scry 2.
{T}: Create X 1/1 colorless Pilot creature tokens, where X is the number of Mounts and/or Vehicles that entered the battlefield under your control this turn. The tokens have ""This token saddles Mounts and crews Vehicles as though its power were 2 greater.""",2025-02-14
2282,1,Clue,TTLA,Avatar: The Last Airbender Tokens,14,normal,common,en,0.0,EUR,82016bc3-8905-454a-b4aa-b9eac69d42c4,Token Artifact — Clue,,0.0,[],[],"{2}, Sacrifice this token: Draw a card.",2025-11-21
1488,1,Clutch of Currents,BFZ,Battle for Zendikar,72,normal,common,en,0.3,EUR,3d20f482-e0b2-4e4a-be32-347ab112912c,Sorcery,{U},1.0,"[""U""]","[""U""]","Return target creature to its owner's hand.
Awaken 3—{4}{U} (If you cast this spell for {4}{U}, also put three +1/+1 counters on target land you control and it becomes a 0/0 Elemental creature with haste. It's still a land.)",2015-10-02
1489,1,Coastline Chimera,THS,Theros,44,normal,common,en,0.3,EUR,01320a31-25fa-4324-8225-d150c6aa58a1,Creature — Chimera,{3}{U},4.0,"[""U""]","[""U"",""W""]","Flying
{1}{W}: This creature can block an additional creature this turn.",2013-09-27
1095,2,Cobblebrute,ORI,Magic Origins,138,normal,common,en,0.3,EUR,ffa87a70-c9fb-4ab3-ac16-367888aa775b,Creature — Elemental,{3}{R},4.0,"[""R""]","[""R""]",,2015-07-17
1892,2,Coeurl,FIN,Final Fantasy,12,normal,common,en,0.3,EUR,7604b534-5480-42fa-bc36-bbae730f8582,Creature — Cat Beast,{1}{W},2.0,"[""W""]","[""W""]","{1}{W}, {T}: Tap target nonenchantment creature.",2025-06-13
41,2,Cogworker's Puzzleknot,KLD,Kaladesh,201,normal,common,en,0.3,EUR,00d594df-c51b-4936-9af1-536dab1792ae,Artifact,{2},2.0,[],"[""W""]","When this artifact enters, create a 1/1 colorless Servo artifact creature token.
{1}{W}, Sacrifice this artifact: Create a 1/1 colorless Servo artifact creature token.",2016-09-30
2241,2,Coiling Stalker,NEO,Kamigawa: Neon Dynasty,346,normal,common,en,0.3,EUR,8297592c-3036-434a-9dbb-5f0af804dd13,Creature — Snake Ninja,{1}{G},2.0,"[""G""]","[""G""]","Ninjutsu {1}{G} ({1}{G}, Return an unblocked attacker you control to hand: Put this card onto the battlefield from your hand tapped and attacking.)
Whenever this creature deals combat damage to a player, put a +1/+1 counter on target creature you control that doesn't have a +1/+1 counter on it.",2022-02-18
1490,2,Cold Case Cracker,MKM,Murders at Karlov Manor,46,normal,common,en,0.3,EUR,f082111b-9b1c-4a25-8c5d-d6ef77533a9b,Creature — Spirit Detective,{3}{U},4.0,"[""U""]","[""U""]","Flying
When this creature dies, investigate. (Create a Clue token. It's an artifact with ""{2}, Sacrifice this token: Draw a card."")",2024-02-09
698,2,Colossadactyl,LCI,The Lost Caverns of Ixalan,180,normal,uncommon,en,0.3,EUR,8702e776-be2c-48a9-9bc5-bb8ea514333b,Creature — Dinosaur,{2}{G}{G},4.0,"[""G""]","[""G""]","Reach, trample",2023-11-17
1012,1,Colossal Skyturtle,NEO,Kamigawa: Neon Dynasty,216,normal,uncommon,en,0.85,EUR,f40bd797-4d12-4098-a1a8-d7e5b7b82ac9,Enchantment Creature — Turtle,{4}{G}{G}{U},7.0,"[""G"",""U""]","[""G"",""U""]","Flying, ward {2}
Channel — {2}{G}, Discard this card: Return target card from your graveyard to your hand.
Channel — {1}{U}, Discard this card: Return target creature to its owner's hand.",2022-02-18
1491,2,Coma Veil,ALA,Shards of Alara,36,normal,common,en,0.3,EUR,2d5b820c-fd07-4e1f-9451-da9267347acd,Enchantment — Aura,{4}{U},5.0,"[""U""]","[""U""]","Enchant artifact or creature
Enchanted permanent doesn't untap during its controller's untap step.",2008-10-03
42,1,Combat Courier,BRO,The Brothers' War,77,normal,common,en,0.3,EUR,171edf80-ffc1-4894-9be5-c3e93a96f734,Artifact Creature — Construct,{1},1.0,[],"[""U""]","{2}, Sacrifice this creature: Draw a card.
Unearth {U} ({U}: Return this card from your graveyard to the battlefield. It gains haste. Exile it at the beginning of the next end step or if it would leave the battlefield. Unearth only as a sorcery.)",2022-11-18
699,1,Combo Attack,BBD,Battlebond,67,normal,common,en,0.3,EUR,d7703507-e7f1-47fd-97f3-ef6319b807a8,Sorcery,{2}{G},3.0,"[""G""]","[""G""]",Two target creatures your team controls each deal damage equal to their power to target creature.,2018-06-08
2274,1,Combustion Man,TLA,Avatar: The Last Airbender,127,normal,uncommon,en,0.3,EUR,86f7399d-6876-4e85-ba34-ff1f97dc144a,Legendary Creature — Human Assassin,{3}{R}{R},5.0,"[""R""]","[""R""]","Whenever Combustion Man attacks, destroy target permanent unless its controller has Combustion Man deal damage to them equal to his power.",2025-11-21
1096,1,Command the Storm,GRN,Guilds of Ravnica,94,normal,common,en,0.3,EUR,c4144e98-957e-43ac-b107-8ccf450748df,Instant,{4}{R},5.0,"[""R""]","[""R""]",Command the Storm deals 5 damage to target creature.,2018-10-05
700,2,Commencement of Festivities,KLD,Kaladesh,148,normal,common,en,0.3,EUR,f1724602-2ae1-40a4-aeb0-51a483a6948c,Instant,{1}{G},2.0,"[""G""]","[""G""]",Prevent all combat damage that would be dealt to players this turn.,2016-09-30
1026,1,Common Bond,RTR,Return to Ravnica,151,normal,common,en,0.3,EUR,59965953-1522-4103-9a6c-5534205d34d9,Instant,{1}{G}{W},3.0,"[""G"",""W""]","[""G"",""W""]","Put a +1/+1 counter on target creature.
Put a +1/+1 counter on target creature.",2012-10-05
701,1,Commune with Nature,MM2,Modern Masters 2015,142,normal,common,en,0.3,EUR,a59eafb3-3ce6-4056-a7f7-8d0a8fc12294,Sorcery,{G},1.0,"[""G""]","[""G""]",Look at the top five cards of your library. You may reveal a creature card from among them and put it into your hand. Put the rest on the bottom of your library in any order.,2015-05-22
702,1,Commune with Spirits,NEO,Kamigawa: Neon Dynasty,180,normal,common,en,0.3,EUR,a35ff4dd-bad3-4496-82b3-8253f48af06d,Sorcery,{G},1.0,"[""G""]","[""G""]",Look at the top four cards of your library. You may reveal an enchantment or land card from among them and put it into your hand. Put the rest on the bottom of your library in a random order.,2022-02-18
43,1,Compass Gnome,LCI,The Lost Caverns of Ixalan,250,normal,common,en,0.3,EUR,10e1030e-2b95-4807-9111-e495a2fc8813,Artifact Creature — Gnome,{2},2.0,[],[],"When this creature enters, you may search your library for a basic land card or Cave card, reveal it, then shuffle and put that card on top.",2023-11-17
703,1,Conclave Naturalists,PORI,Magic Origins Promos,171,normal,uncommon,en,0.34,EUR,7efef088-e214-40dd-920d-039ff4770bc9,Creature — Dryad,{4}{G},5.0,"[""G""]","[""G""]","When this creature enters, you may destroy target artifact or enchantment.",2015-07-17
44,1,Conductive Machete,DSK,Duskmourn: House of Horror,244,normal,uncommon,en,0.3,EUR,1cf37c1a-096b-4306-97cf-bc4d4c47d4a1,Artifact — Equipment,{4},4.0,[],[],"When this Equipment enters, manifest dread, then attach this Equipment to that creature. (Look at the top two cards of your library. Put one onto the battlefield face down as a 2/2 creature and the other into your graveyard. Turn it face up any time for its mana cost if it's a creature card.)
Equipped creature gets +2/+1.
Equip {4}",2024-09-27
1097,1,Cone of Flame,W16,Welcome Deck 2016,12,normal,uncommon,en,0.3,EUR,9b434a60-0875-47f4-a626-2c9bfa3c9b3b,Sorcery,{3}{R}{R},5.0,"[""R""]","[""R""]","Cone of Flame deals 1 damage to any target, 2 damage to another target, and 3 damage to a third target.",2016-04-08
1893,2,Congregate,A25,Masters 25,8,normal,uncommon,en,0.3,EUR,8690166f-be52-48c4-9877-630b3f3dc614,Instant,{3}{W},4.0,"[""W""]","[""W""]",Target player gains 2 life for each creature on the battlefield.,2018-03-16
332,1,Consign to the Pit,RNA,Ravnica Allegiance,69,normal,common,en,0.3,EUR,09991fad-4282-4a17-bfb1-03eaa13502df,Sorcery,{5}{B},6.0,"[""B""]","[""B""]",Destroy target creature. Consign to the Pit deals 2 damage to that creature's controller.,2019-01-25
1894,1,Constricting Sliver,M15,Magic 2015,7,normal,uncommon,en,1.11,EUR,ae9b4111-ca9f-435b-81c4-0abf65d1384b,Creature — Sliver,{5}{W},6.0,"[""W""]","[""W""]","Sliver creatures you control have ""When this creature enters, you may exile target creature an opponent controls until this creature leaves the battlefield.""",2014-07-18
2214,2,Construct,TMH1,Modern Horizons Tokens,17,normal,common,en,1.11,EUR,85f212cd-4fc6-42fe-b268-22d8e3b2b7eb,Token Artifact Creature — Construct,,0.0,[],[],This creature gets +1/+1 for each artifact you control.,2019-05-30
45,1,Consulate Skygate,BBD,Battlebond,232,normal,common,en,0.3,EUR,6d808a30-f1b5-484e-a90e-0a9f751ef597,Artifact Creature — Wall,{2},2.0,[],[],"Defender
Reach (This creature can block creatures with flying.)",2018-06-08
1098,1,Consuming Bonfire,LRW,Lorwyn,161,normal,common,en,0.3,EUR,56a4ec08-5029-4f7b-a93b-a5dad4be5113,Kindred Sorcery — Elemental,{3}{R}{R},5.0,"[""R""]","[""R""]","Choose one —
• Consuming Bonfire deals 4 damage to target non-Elemental creature.
• Consuming Bonfire deals 7 damage to target Treefolk creature.",2007-10-12
1492,1,Consuming Vortex,CHK,Champions of Kamigawa,54,normal,common,en,0.3,EUR,493ee99c-74ca-4d78-ade2-c6a93b0bd4fd,Instant — Arcane,{1}{U},2.0,"[""U""]","[""U""]","Return target creature to its owner's hand.
Splice onto Arcane {3}{U} (As you cast an Arcane spell, you may reveal this card from your hand and pay its splice cost. If you do, add this card's effects to that spell.)",2004-10-01
1493,1,Contingency Plan,EMN,Eldritch Moon,52,normal,common,en,0.3,EUR,9edb76bd-db4b-4279-8eaa-dfdf5952eafc,Sorcery,{1}{U},2.0,"[""U""]","[""U""]","Surveil 5. (Look at the top five cards of your library, then put any number of them into your graveyard and the rest on top of your library in any order.)",2016-07-22
1494,1,Contradict,DTK,Dragons of Tarkir,49,normal,common,en,0.3,EUR,a0b3d4ff-09d1-4d9f-8c83-cdfbd7bb1079,Instant,{3}{U}{U},5.0,"[""U""]","[""U""]","Counter target spell.
Draw a card.",2015-03-27
1099,1,Convenient Target,MKM,Murders at Karlov Manor,119,normal,uncommon,en,0.3,EUR,2d2cf2ae-9152-41c4-9dc4-a19da5812869,Enchantment — Aura,{R},1.0,"[""R""]","[""R""]","Enchant creature
When this Aura enters, suspect enchanted creature. (It has menace and can't block.)
Enchanted creature gets +1/+1.
{2}{R}: Return this card from your graveyard to your hand.",2024-02-09
1895,1,Conviction,UMA,Ultimate Masters,12,normal,common,en,0.3,EUR,94507660-cf60-4fd8-a796-7a6e6f28396d,Enchantment — Aura,{1}{W},2.0,"[""W""]","[""W""]","Enchant creature
Enchanted creature gets +1/+3.
{W}: Return this Aura to its owner's hand.",2018-12-07
1495,1,Convolute,M20,Core Set 2020,55,normal,common,en,0.3,EUR,b8a68347-c0ef-46ff-9705-6d82d004d32c,Instant,{2}{U},3.0,"[""U""]","[""U""]",Counter target spell unless its controller pays {4}.,2019-07-12
1896,1,Cooped Up,WOE,Wilds of Eldraine,8,normal,common,en,0.3,EUR,8acb8758-09c5-4e19-ada1-904e36ece1fc,Enchantment — Aura,{1}{W},2.0,"[""W""]","[""W""]","Enchant creature
Enchanted creature can't attack or block.
{2}{W}: Exile enchanted creature.",2023-09-08
1100,1,Coordinated Assault,IMA,Iconic Masters,121,normal,uncommon,en,0.3,EUR,a08654c6-9073-4c37-b23d-02136248cf37,Instant,{R},1.0,"[""R""]","[""R""]",Up to two target creatures each get +1/+0 and gain first strike until end of turn. (They deal combat damage before creatures without first strike.),2017-11-17
46,1,Copy,T2XM,Double Masters Tokens,31,normal,common,en,0.51,EUR,6870a2af-80e1-4813-a332-2b1bd789f1c1,Token,,0.0,[],[],(This token can be used to represent a token that's a copy of a permanent.),2020-08-07
2513,1,Copy,TTMT,Teenage Mutant Ninja Turtles Tokens,1,normal,common,en,,EUR,3e28bc58-b616-4a65-8d33-7cdd07405d41,,,,,,,
1496,4,Coral Barrier,M15,Magic 2015,49,normal,common,en,0.3,EUR,f34cd305-d823-4996-9f8f-806386491f5d,Creature — Wall,{2}{U},3.0,"[""U""]","[""U""]","Defender (This creature can't attack.)
When this creature enters, create a 1/1 blue Squid creature token with islandwalk. (It can't be blocked as long as defending player controls an Island.)",2014-07-18
1497,1,Coralhelm Guide,BBD,Battlebond,116,normal,common,en,0.3,EUR,0389a652-4ca8-45ab-ab3f-624c8f2626f7,Creature — Merfolk Scout Ally,{1}{U},2.0,"[""U""]","[""U""]",{4}{U}: Target creature can't be blocked this turn.,2018-06-08
2526,1,Cori Mountain Stalwart,TDM,Tarkir: Dragonstorm,175,normal,uncommon,en,0.3,EUR,b6cbf54e-f30e-4e7b-b17c-217fa424971c,,,,,,,
619,1,"Cormela, Glamour Thief",SNC,Streets of New Capenna,177,normal,uncommon,en,0.3,EUR,221ac34a-94ed-4c49-afad-b19cac541731,Legendary Creature — Vampire Rogue,{1}{U}{B}{R},4.0,"[""B"",""R"",""U""]","[""B"",""R"",""U""]","Haste
{1}, {T}: Add {U}{B}{R}. Spend this mana only to cast instant and/or sorcery spells.
When Cormela dies, return up to one target instant or sorcery card from your graveyard to your hand.",2022-04-29
1101,1,Cornered Crook,MKM,Murders at Karlov Manor,120,normal,uncommon,en,0.3,EUR,a3aff1ea-1d25-49c3-a2d9-f435124a5969,Creature — Lizard Warrior,{4}{R},5.0,"[""R""]","[""R""]","When this creature enters, you may sacrifice an artifact. When you do, this creature deals 3 damage to any target.",2024-02-09
620,1,Corpse Appraiser,SNC,Streets of New Capenna,178,normal,uncommon,en,0.3,EUR,e0f254bb-ec77-4147-ab9c-559bc7fba8cd,Creature — Vampire Rogue,{U}{B}{R},3.0,"[""B"",""R"",""U""]","[""B"",""R"",""U""]","When this creature enters, exile up to one target creature card from a graveyard. If a card is put into exile this way, look at the top three cards of your library, then put one of those cards into your hand and the rest into your graveyard.",2022-04-29
333,1,Corrupt,DVD,Duel Decks Anthology: Divine vs. Demonic,55,normal,uncommon,en,0.3,EUR,433d0737-bb61-4aa0-98e8-1bd2d86f03fd,Sorcery,{5}{B},6.0,"[""B""]","[""B""]",Corrupt deals damage to any target equal to the number of Swamps you control. You gain life equal to the damage dealt this way.,2014-12-05
334,3,Corrupt Court Official,PTK,Portal Three Kingdoms,71,normal,uncommon,en,16.32,EUR,9d3ba2e3-e680-47cd-81c5-555deea7d00f,Creature — Human Advisor,{1}{B},2.0,"[""B""]","[""B""]","When this creature enters, target opponent discards a card.",1999-05-01
335,1,Costly Plunder,XLN,Ixalan,96,normal,common,en,0.3,EUR,c3f1f41e-98fc-4f6b-b287-c8899dff8ab0,Instant,{1}{B},2.0,"[""B""]","[""B""]","As an additional cost to cast this spell, sacrifice an artifact or creature.
Draw two cards.",2017-09-29
1498,1,Council of Echoes,LCI,The Lost Caverns of Ixalan,51,normal,uncommon,en,0.3,EUR,85ad358d-a520-4d57-82b0-d2297da1fbde,Creature — Spirit Advisor,{4}{U}{U},6.0,"[""U""]","[""U""]","Flying
Descend 4 — When this creature enters, if there are four or more permanent cards in your graveyard, return up to one target nonland permanent other than this creature to its owner's hand.",2023-11-17
1499,2,Counsel of the Soratami,10E,Tenth Edition,76,normal,common,en,0.3,EUR,1224718a-e1a7-473d-ac9d-497e624376cd,Sorcery,{2}{U},3.0,"[""U""]","[""U""]",Draw two cards.,2007-07-13
1897,1,Courier Griffin,BFZ,Battle for Zendikar,21,normal,common,en,0.3,EUR,4d3afc71-f5db-45c3-96b2-8454b7f33542,Creature — Griffin,{3}{W},4.0,"[""W""]","[""W""]","Flying
When this creature enters, you gain 2 life.",2015-10-02
2549,1,Courier of Comestibles,TMT,Teenage Mutant Ninja Turtles,112,foil,uncommon,en,0.42,EUR,53f5f704-2265-42bb-bff5-fd9d85bc2bfb,,,,,,,
1500,2,Courier's Capsule,ALA,Shards of Alara,37,normal,common,en,0.3,EUR,39ae12ff-8039-4aac-aa50-f879376888a1,Artifact,{1}{U},2.0,"[""U""]","[""U""]","{1}{U}, {T}, Sacrifice this artifact: Draw two cards.",2008-10-03
1027,2,Coursers' Accord,RTR,Return to Ravnica,154,normal,common,en,0.3,EUR,f027ceb0-5d2b-4cf6-87ad-e6b9b1e20634,Sorcery,{4}{G}{W},6.0,"[""G"",""W""]","[""G"",""W""]","Create a 3/3 green Centaur creature token, then populate. (Create a token that's a copy of a creature token you control.)",2012-10-05
704,1,Court Archers,ALA,Shards of Alara,126,normal,common,en,0.3,EUR,a3776b1c-4a3f-43b9-962e-64010f286ba5,Creature — Human Archer,{2}{G},3.0,"[""G""]","[""G""]","Reach (This creature can block creatures with flying.)
Exalted (Whenever a creature you control attacks alone, that creature gets +1/+1 until end of turn.)",2008-10-03
336,6,Covenant of Blood,M15,Magic 2015,91,normal,common,en,0.3,EUR,752b7d05-19d7-4765-9bf8-05a7cb539c3f,Sorcery,{6}{B},7.0,"[""B""]","[""B""]","Convoke (Your creatures can help cast this spell. Each creature you tap while casting this spell pays for {1} or one mana of that creature's color.)
Covenant of Blood deals 4 damage to any target and you gain 4 life.",2014-07-18
1501,1,Covert Technician,NEO,Kamigawa: Neon Dynasty,332,normal,uncommon,en,0.3,EUR,2f268152-304a-4db8-a3f9-dd9d0f3319a1,Artifact Creature — Human Ninja,{2}{U},3.0,"[""U""]","[""U""]","Ninjutsu {1}{U} ({1}{U}, Return an unblocked attacker you control to hand: Put this card onto the battlefield from your hand tapped and attacking.)
Whenever this creature deals combat damage to a player, you may put an artifact card with mana value less than or equal to that damage from your hand onto the battlefield.",2022-02-18
1898,1,Cowed by Wisdom,SOK,Saviors of Kamigawa,5,normal,common,en,0.3,EUR,0b81b329-4ef5-4b55-9fe7-9ed69477e96b,Enchantment — Aura,{W},1.0,"[""W""]","[""W""]","Enchant creature
Enchanted creature can't attack or block unless its controller pays {1} for each card in your hand.",2005-06-03
705,2,Cowl Prowler,BBD,Battlebond,193,normal,common,en,0.3,EUR,f372f545-b70c-470b-9aab-4a2ea900f777,Creature — Wurm,{4}{G}{G},6.0,"[""G""]","[""G""]",,2018-06-08
1102,1,Crackling Emergence,NEO,Kamigawa: Neon Dynasty,136,normal,common,en,0.3,EUR,6f77f987-ebb7-4105-a67c-0987f50fc676,Enchantment — Aura,{1}{R},2.0,"[""R""]","[""R""]","Enchant land you control
Enchanted land is a 3/3 red Spirit creature with haste. It's still a land.
If enchanted land would be destroyed, instead sacrifice this Aura and that land gains indestructible until end of turn.",2022-02-18
1502,1,Crackling Triton,THS,Theros,45,normal,common,en,0.3,EUR,8d6bb19c-3610-4609-b23c-21d4d80e4582,Creature — Merfolk Wizard,{2}{U},3.0,"[""U""]","[""R"",""U""]","{2}{R}, Sacrifice this creature: It deals 2 damage to any target.",2013-09-27
47,1,Cradle Clearcutter,BRO,The Brothers' War,198,normal,uncommon,en,0.3,EUR,50cc9b90-792e-4cf7-ab8c-cb616d94092a,Artifact Creature — Golem,{6},6.0,[],"[""G""]","Prototype {2}{G} — 1/3 (You may cast this spell with different mana cost, color, and size. It keeps its abilities and types.)
{T}: Add an amount of {G} equal to this creature's power.",2022-11-18
706,1,Creeping Mold,KLD,Kaladesh,150,normal,uncommon,en,0.3,EUR,277b549c-8691-42b2-9867-802b158a506c,Sorcery,{2}{G}{G},4.0,"[""G""]","[""G""]","Destroy target artifact, enchantment, or land.",2016-09-30
337,5,Crippling Blight,M15,Magic 2015,92,normal,common,en,0.3,EUR,3f9c1ba3-8b7c-413b-865d-0ca4b2f55903,Enchantment — Aura,{B},1.0,"[""B""]","[""B""]","Enchant creature
Enchanted creature gets -1/-1 and can't block.",2014-07-18
338,1,Crooked Custodian,SNC,Streets of New Capenna,71,normal,common,en,0.3,EUR,723d6f60-3e8a-4c58-8b3c-9ba59a01c867,Creature — Ogre Rogue,{1}{B},2.0,"[""B""]","[""B""]",This creature enters tapped.,2022-04-29
707,1,Crossroads Consecrator,EMN,Eldritch Moon,154,normal,common,en,0.3,EUR,b1a83854-dc45-4c26-aca0-67f372236383,Creature — Human Cleric,{G},1.0,"[""G""]","[""G""]","{G}, {T}: Target attacking Human gets +1/+1 until end of turn.",2016-07-22
2505,2,Crossroads Watcher,ECL,Lorwyn Eclipsed,173,normal,common,en,0.3,EUR,6d62fcbb-f1a0-46ce-a4af-2a33bcc3ac8e,Creature — Kithkin Ranger,{2}{G},3.0,"[""G""]","[""G""]","Trample
Whenever another creature you control enters, this creature gets +1/+0 until end of turn.",2026-01-23
339,1,Crow of Dark Tidings,UMA,Ultimate Masters,90,normal,common,en,0.3,EUR,ea7d66d3-03e1-4a6e-bb8e-7ad32faea2bc,Creature — Zombie Bird,{2}{B},3.0,"[""B""]","[""B""]","Flying
When this creature enters or dies, mill two cards. (Put the top two cards of your library into your graveyard.)",2018-12-07
1103,4,Crowd's Favor,M15,Magic 2015,138,normal,common,en,0.3,EUR,536b8104-9d8d-444b-8535-62bcbe279de2,Instant,{R},1.0,"[""R""]","[""R""]","Convoke (Your creatures can help cast this spell. Each creature you tap while casting this spell pays for {1} or one mana of that creature's color.)
Target creature gets +1/+0 and gains first strike until end of turn. (It deals combat damage before creatures without first strike.)",2014-07-18
48,1,Crown of Convergence,RAV,Ravnica: City of Guilds,258,normal,rare,en,0.42,EUR,c1b9f8c8-2927-4746-a540-dd3853b9a00e,Artifact,{2},2.0,[],"[""G"",""W""]","Play with the top card of your library revealed.
As long as the top card of your library is a creature card, creatures you control that share a color with that card get +1/+1.
{G}{W}: Put the top card of your library on the bottom of your library.",2005-10-07
1104,1,Crucible of Fire,IMA,Iconic Masters,122,normal,rare,en,1.97,EUR,d7a6f4dd-29c9-4084-a622-098b197a6eb7,Enchantment,{3}{R},4.0,"[""R""]","[""R""]",Dragon creatures you control get +3/+3.,2017-11-17
340,1,Cruel Feeding,JOU,Journey into Nyx,64,normal,common,en,0.3,EUR,a53624ee-2925-4a56-8706-e278db5d963d,Instant,{B},1.0,"[""B""]","[""B""]","Strive — This spell costs {2}{B} more to cast for each target beyond the first.
Any number of target creatures each get +1/+0 and gain lifelink until end of turn. (Damage dealt by a creature with lifelink also causes its controller to gain that much life.)",2014-05-02
341,1,Cruel Sadist,M15,Magic 2015,93,normal,rare,en,0.42,EUR,a31c94f3-c45b-4ced-b523-15e80ae1a82d,Creature — Human Assassin,{B},1.0,"[""B""]","[""B""]","{B}, {T}, Pay 1 life: Put a +1/+1 counter on this creature.
{2}{B}, {T}, Remove X +1/+1 counters from this creature: It deals X damage to target creature.",2014-07-18
2519,1,Cruel Truths,TDM,Tarkir: Dragonstorm,76,normal,common,en,0.3,EUR,6852b4d5-74e0-44ba-ba44-20aa91e3c4c8,,,,,,,
49,1,Crumbling Vestige,OGW,Oath of the Gatewatch,170,normal,common,en,0.3,EUR,d491c13c-43e3-4ca3-b888-4edd34dfe14a,Land,,0.0,[],[],"This land enters tapped.
When this land enters, add one mana of any color.
{T}: Add {C}. ({C} represents colorless mana.)",2016-01-22
708,1,Culling Mark,BNG,Born of the Gods,120,normal,common,en,0.3,EUR,d4c45eda-9f00-4b40-b91d-0ed00151923c,Sorcery,{2}{G},3.0,"[""G""]","[""G""]",Target creature blocks this turn if able.,2014-02-07
50,1,Cultist's Staff,EMN,Eldritch Moon,194,normal,common,en,0.3,EUR,8da8c523-44e8-43e7-8431-28dbed1015ac,Artifact — Equipment,{2},2.0,[],[],"Equipped creature gets +2/+2.
Equip {3} ({3}: Attach to target creature you control. Equip only as a sorcery.)",2016-07-22
1503,1,Curate,STX,Strixhaven: School of Mages,40,normal,common,en,0.3,EUR,f2a0e716-22b7-4a5e-9b7a-d4a806ee7427,Instant,{1}{U},2.0,"[""U""]","[""U""]","Surveil 2. (Look at the top two cards of your library, then put any number of them into your graveyard and the rest on top of your library in any order.)
Draw a card.",2021-04-23
1105,1,Curator of Sun's Creation,LCI,The Lost Caverns of Ixalan,141,normal,uncommon,en,0.3,EUR,a144d0b3-678d-4f4c-a9b0-22af19f5cf9f,Creature — Human Artificer,{3}{R},4.0,"[""R""]","[""R""]","Whenever you discover, discover again for the same value. This ability triggers only once each turn.",2023-11-17
1504,1,Curio Vendor,KLD,Kaladesh,42,normal,common,en,0.3,EUR,c598054a-26fa-40e7-8497-3da8eaf12aac,Creature — Vedalken,{1}{U},2.0,"[""U""]","[""U""]",,2016-09-30
1505,1,Curious Inquiry,MKM,Murders at Karlov Manor,51,normal,uncommon,en,0.3,EUR,5a3603c6-92df-45c7-b402-1f0a552ea398,Enchantment — Aura,{U},1.0,"[""U""]","[""U""]","Enchant creature
Enchanted creature gets +1/+1 and has ""Whenever this creature deals combat damage to a player, investigate."" (Create a Clue token. It's an artifact with ""{2}, Sacrifice this token: Draw a card."")",2024-02-09
709,1,Curse of the Werefox,WOE,Wilds of Eldraine,167,normal,common,en,0.3,EUR,89148458-1fd6-48ef-a2d9-7b434c9723ec,Sorcery,{2}{G},3.0,"[""G""]","[""G""]","Create a Monster Role token attached to target creature you control. When you do, that creature fights up to one target creature you don't control. (If you control another Role on it, put that one into the graveyard. Enchanted creature gets +1/+1 and has trample. Creatures that fight each deal damage equal to their power to the other.)",2023-09-08
1899,1,Cursed Courtier,WOE,Wilds of Eldraine,9,normal,uncommon,en,0.3,EUR,3d2d5a71-d6e1-4c96-9a53-0e370047a56e,Creature — Human Noble,{2}{W},3.0,"[""W""]","[""W""]","Lifelink
When this creature enters, create a Cursed Role token attached to it. (Enchanted creature is 1/1.)",2023-09-08
1900,1,Curtain of Light,SOK,Saviors of Kamigawa,6,normal,common,en,0.3,EUR,fc382831-e338-49bd-a37f-931bf611b165,Instant,{1}{W},2.0,"[""W""]","[""W""]","Cast this spell only during combat after blockers are declared.
Target unblocked attacking creature becomes blocked. (This spell works on creatures that can't be blocked.)
Draw a card.",2005-06-03
1106,1,Cut In,WOE,Wilds of Eldraine,125,normal,common,en,0.3,EUR,8ea4d40a-7657-4ff8-9fc2-915b99432275,Sorcery,{3}{R},4.0,"[""R""]","[""R""]","Cut In deals 4 damage to target creature.
Create a Young Hero Role token attached to up to one target creature you control. (If you control another Role on it, put that one into the graveyard. Enchanted creature has ""Whenever this creature attacks, if its toughness is 3 or less, put a +1/+1 counter on it."")",2023-09-08
1506,1,Cut the Earthly Bond,SOK,Saviors of Kamigawa,32,normal,common,en,0.3,EUR,066f185d-5f81-472a-8aff-2c11ba10d18c,Instant — Arcane,{U},1.0,"[""U""]","[""U""]",Return target enchanted permanent to its owner's hand.,2005-06-03
342,1,Cutthroat Maneuver,THS,Theros,82,normal,uncommon,en,0.3,EUR,62497880-64dc-4911-8513-f95b73086136,Instant,{3}{B},4.0,"[""B""]","[""B""]",Up to two target creatures each get +1/+1 and gain lifelink until end of turn.,2013-09-27
1507,1,Cyclone Sire,OGW,Oath of the Gatewatch,54,normal,uncommon,en,0.3,EUR,bff62270-57ed-4706-bedf-11f60ae2da43,Creature — Elemental,{4}{U},5.0,"[""U""]","[""U""]","Flying
When this creature dies, you may put three +1/+1 counters on target land you control. If you do, that land becomes a 0/0 Elemental creature with haste that's still a land.",2016-01-22
1107,2,Cyclops of One-Eyed Pass,BNG,Born of the Gods,90,normal,common,en,0.3,EUR,71a25c69-8e57-4a44-955a-da1541bbe0fe,Creature — Cyclops,{2}{R}{R},4.0,"[""R""]","[""R""]",,2014-02-07
710,1,Cylian Elf,ALA,Shards of Alara,127,normal,common,en,0.3,EUR,b3afaab6-4768-4852-a0b6-4e6a0295bde7,Creature — Elf Scout,{1}{G},2.0,"[""G""]","[""G""]",,2008-10-03
1901,1,D'Avenant Trapper,DOM,Dominaria,11,normal,common,en,0.3,EUR,a5881ab3-566b-4999-997e-cd5ecb84282b,Creature — Human Archer,{2}{W},3.0,"[""W""]","[""W""]","Whenever you cast a historic spell, tap target creature an opponent controls. (Artifacts, legendaries, and Sagas are historic.)",2018-04-27
711,1,Daggerback Basilisk,M19,Core Set 2019,174,normal,common,en,0.3,EUR,7bc8325b-c7a8-49a5-8a54-a419800ffb93,Creature — Basilisk,{2}{G},3.0,"[""G""]","[""G""]",Deathtouch (Any amount of damage this deals to a creature is enough to destroy it.),2018-07-13
1902,1,Daily Bugle Reporters,SPM,Marvel's Spider-Man,6,normal,common,en,0.3,EUR,530dbeb0-b0cd-473e-a43e-7b23c88650a3,Creature — Human Citizen,{3}{W},4.0,"[""W""]","[""W""]","When this creature enters, choose one —
• Puff Piece — Put a +1/+1 counter on each of up to two target creatures.
• Investigative Journalism — Return target creature card with mana value 2 or less from your graveyard to your hand.",2025-09-26
1903,2,Dapper Shieldmate,SNC,Streets of New Capenna,9,normal,common,en,0.3,EUR,d6ce9c33-4ab3-43c9-b6bc-ee2d40d8f9b6,Creature — Human Soldier,{3}{W},4.0,"[""W""]","[""W""]","This creature enters with a shield counter on it. (If it would be dealt damage or destroyed, remove a shield counter from it instead.)
During your turn, this creature gets +2/+0.",2022-04-29
1108,1,Daring Discovery,LCI,The Lost Caverns of Ixalan,142,normal,common,en,0.3,EUR,d95018a4-be10-4c46-b14d-4b1eba838bc0,Sorcery,{4}{R},5.0,"[""R""]","[""R""]","Up to three target creatures can't block this turn.
Discover 4. (Exile cards from the top of your library until you exile a nonland card with mana value 4 or less. Cast it without paying its mana cost or put it into your hand. Put the rest on the bottom in a random order.)",2023-11-17
343,1,Dark Bargain,DOM,Dominaria,83,normal,common,en,0.3,EUR,71cbedc6-482e-42de-b310-22d3a955ad7e,Instant,{3}{B},4.0,"[""B""]","[""B""]",Look at the top three cards of your library. Put two of them into your hand and the other into your graveyard. Dark Bargain deals 2 damage to you.,2018-04-27
344,1,Dark Betrayal,THS,Theros,83,normal,uncommon,en,0.3,EUR,56adf4ea-1b1c-4737-8574-1848ca47d4f3,Instant,{B},1.0,"[""B""]","[""B""]",Destroy target black creature.,2013-09-27
345,4,Dark Ritual,FCA,Final Fantasy: Through the Ages,8,normal,rare,en,12.02,EUR,7cc0cfe1-7f13-4b1b-9a37-33ef457d3c62,Instant,{B},1.0,"[""B""]","[""B""]",Add {B}{B}{B}.,2025-06-13
2459,1,Darkness Descends,ECL,Lorwyn Eclipsed,97,normal,uncommon,en,0.3,EUR,c8aa3895-df83-4f8e-9e23-1a665614b662,Sorcery,{2}{B}{B},4.0,"[""B""]","[""B""]",Put two -1/-1 counters on each creature.,2026-01-23
1904,1,Dauntless Cathar,A25,Masters 25,10,normal,common,en,0.3,EUR,5b49b72c-16dc-45c7-ba76-545c4dec42d9,Creature — Human Soldier,{2}{W},3.0,"[""W""]","[""W""]","{1}{W}, Exile this card from your graveyard: Create a 1/1 white Spirit creature token with flying. Activate only as a sorcery.",2018-03-16
1905,1,Dauntless Dismantler,LCI,The Lost Caverns of Ixalan,8,normal,uncommon,en,0.3,EUR,3d771631-0aab-4f09-b9a6-49b6b2d8d2aa,Creature — Human Artificer,{1}{W},2.0,"[""W""]","[""W""]","Artifacts your opponents control enter tapped.
{X}{X}{W}, Sacrifice this creature: Destroy each artifact with mana value X.",2023-11-17
1906,2,Dauntless River Marshal,M15,Magic 2015,8,normal,uncommon,en,0.3,EUR,efedfd1e-5073-47e2-9137-5f2bf4e436e3,Creature — Human Soldier,{1}{W},2.0,"[""W""]","[""U"",""W""]","This creature gets +1/+1 as long as you control an Island.
{3}{U}: Tap target creature.",2014-07-18
2376,1,Dawn's Light Archer,ECL,Lorwyn Eclipsed,174,normal,common,en,0.3,EUR,76e80656-6bcb-4d99-8bd2-ca5f75f40daf,Creature — Elf Archer,{2}{G},3.0,"[""G""]","[""G""]","Flash
Reach",2026-01-23
1907,1,Dawnfeather Eagle,AER,Aether Revolt,14,normal,common,en,0.3,EUR,f7113ddc-cb3c-46da-a6c7-2567bd0affa9,Creature — Bird,{4}{W},5.0,"[""W""]","[""W""]","Flying
When this creature enters, creatures you control get +1/+1 and gain vigilance until end of turn.",2017-01-20
1508,1,Dazzling Denial,BLB,Bloomburrow,45,normal,common,en,0.3,EUR,8739f1ac-2e57-4b52-a7ff-cc8df5936aad,Instant,{1}{U},2.0,"[""U""]","[""U""]","Counter target spell unless its controller pays {2}. If you control a Bird, counter that spell unless its controller pays {4} instead.",2024-08-02
1908,1,Deadeye Harpooner,AER,Aether Revolt,15,normal,uncommon,en,0.3,EUR,a018decf-25e1-45fc-be7d-2523dcfb7a4c,Creature — Dwarf Warrior,{2}{W},3.0,"[""W""]","[""W""]","Revolt — When this creature enters, if a permanent left the battlefield under your control this turn, destroy target tapped creature an opponent controls.",2017-01-20
346,1,Deadly Embrace,FIN,Final Fantasy,557,normal,rare,en,0.42,EUR,a11cb85c-85dd-435c-8303-4d0d18bdb1e9,Sorcery,{3}{B}{B},5.0,"[""B""]","[""B""]",Destroy target creature an opponent controls. Then draw a card for each creature that died this turn.,2025-06-13
347,1,Death Denied,UMA,Ultimate Masters,92,normal,common,en,0.3,EUR,73d0a239-4d45-4762-968a-d4b9479346d9,Instant — Arcane,{X}{B}{B},2.0,"[""B""]","[""B""]",Return X target creature cards from your graveyard to your hand.,2018-12-07
348,1,Death of a Thousand Stings,SOK,Saviors of Kamigawa,64,normal,common,en,0.3,EUR,a31ca907-a274-436e-8433-7f11b0303f75,Instant — Arcane,{4}{B},5.0,"[""B""]","[""B""]","Target player loses 1 life and you gain 1 life.
At the beginning of your upkeep, if you have more cards in hand than each opponent, you may return this card from your graveyard to your hand.",2005-06-03
1109,1,Deathbellow Raider,THS,Theros,117,normal,common,en,0.3,EUR,b29fc64e-297e-4e10-8f4e-289dc1c3ebfd,Creature — Minotaur Berserker,{1}{R},2.0,"[""R""]","[""B"",""R""]","This creature attacks each combat if able.
{2}{B}: Regenerate this creature.",2013-09-27
349,1,Deathcurse Ogre,CHK,Champions of Kamigawa,109,normal,common,en,0.3,EUR,62bd3c73-fff4-40e8-b9db-80a010a4dd37,Creature — Ogre Warrior,{5}{B},6.0,"[""B""]","[""B""]","When this creature dies, each player loses 3 life.",2004-10-01
350,2,Deathknell Kami,SOK,Saviors of Kamigawa,65,normal,common,en,0.3,EUR,09535c14-ae50-4528-b9db-7eacee14e3fa,Creature — Spirit,{1}{B},2.0,"[""B""]","[""B""]","Flying
{2}: This creature gets +1/+1 until end of turn. Sacrifice it at the beginning of the next end step.
Soulshift 1 (When this creature dies, you may return target Spirit card with mana value 1 or less from your graveyard to your hand.)",2005-06-03
351,1,Deathless Pilot,DFT,Aetherdrift,82,normal,common,en,0.3,EUR,e704fb95-17b7-432a-831c-18abe7d9cc73,Creature — Zombie Pilot,{1}{B},2.0,"[""B""]","[""B""]","This creature saddles Mounts and crews Vehicles as though its power were 2 greater.
{3}{B}: Return this card from your graveyard to your hand.",2025-02-14
352,1,Deathmask Nezumi,SOK,Saviors of Kamigawa,66,normal,common,en,0.3,EUR,743e38d1-b1cd-4828-ad3d-529a9f882115,Creature — Rat Shaman,{2}{B},3.0,"[""B""]","[""B""]","As long as you have seven or more cards in hand, this creature gets +2/+1 and has fear. (It can't be blocked except by artifact creatures and/or black creatures.)",2005-06-03
1013,1,Decisive Denial,STX,Strixhaven: School of Mages,177,normal,uncommon,en,0.34,EUR,b2e9d132-95f7-4ee7-9c91-be19e4ad7a5d,Instant,{G}{U},2.0,"[""G"",""U""]","[""G"",""U""]","Choose one —
• Target creature you control fights target creature you don't control. (Each deals damage equal to its power to the other.)
• Counter target noncreature spell unless its controller pays {3}.",2021-04-23
51,1,Decoction Module,KLD,Kaladesh,205,normal,uncommon,en,0.3,EUR,b08ae769-0070-47a6-aae0-1a3bcfd40d07,Artifact,{2},2.0,[],[],"Whenever a creature you control enters, you get {E} (an energy counter).
{4}, {T}: Return target creature you control to its owner's hand.",2016-09-30
1509,1,Deep Analysis,C19,Commander 2019,83,normal,common,en,0.3,EUR,7a7a6d2d-be31-474b-811d-3802e32f3768,Sorcery,{3}{U},4.0,"[""U""]","[""U""]","Target player draws two cards.
Flashback—{1}{U}, Pay 3 life. (You may cast this card from your graveyard for its flashback cost. Then exile it.)",2019-08-23
1510,2,Deep Freeze,DOM,Dominaria,50,normal,common,en,0.3,EUR,51765d87-e842-4d84-aaf0-998737fe754c,Enchantment — Aura,{2}{U},3.0,"[""U""]","[""U""]","Enchant creature
Enchanted creature has base power and toughness 0/4, has defender, loses all other abilities, and is a blue Wall in addition to its other colors and types.",2018-04-27
2396,1,Deepchannel Duelist,ECL,Lorwyn Eclipsed,333,normal,uncommon,en,0.3,EUR,0fe0730e-a549-427d-99be-68d6fded5ac5,Creature — Merfolk Soldier,{W}{U},2.0,"[""U"",""W""]","[""U"",""W""]","At the beginning of your end step, untap target Merfolk you control.
Other Merfolk you control get +1/+1.",2026-01-23
1511,1,Deeptread Merrow,LRW,Lorwyn,57,normal,common,en,0.3,EUR,42ebd6ff-2b1c-4e93-81cc-81998459c5c7,Creature — Merfolk Rogue,{1}{U},2.0,"[""U""]","[""U""]",{U}: This creature gains islandwalk until end of turn. (It can't be blocked as long as defending player controls an Island.),2007-10-12
1512,3,Deepwater Hypnotist,BNG,Born of the Gods,35,normal,common,en,0.3,EUR,4ab7c6a7-8214-4644-8f2e-ec74d2aff27e,Creature — Merfolk Wizard,{1}{U},2.0,"[""U""]","[""U""]","Inspired — Whenever this creature becomes untapped, target creature an opponent controls gets -3/-0 until end of turn.",2014-02-07
2540,1,Defibrillating Current,TDM,Tarkir: Dragonstorm,177,normal,uncommon,en,0.3,EUR,bf3a18cf-03db-4eb0-8d53-0c1a71e184da,,,,,,,
353,2,Defossilize,LCI,The Lost Caverns of Ixalan,103,normal,uncommon,en,0.3,EUR,3d9abaec-af72-4399-b162-5e62e7487242,Sorcery,{4}{B},5.0,"[""B""]","[""B""]","Return target creature card from your graveyard to the battlefield. That creature explores, then it explores again. (Reveal the top card of your library. Put that card into your hand if it's a land. Otherwise, put a +1/+1 counter on that creature, then put the card back or put it into your graveyard. Then repeat this process.)",2023-11-17
2253,5,Demolish,WAR,War of the Spark,123,normal,common,en,0.3,EUR,b00211dd-6dd7-40d9-80f3-f909f6d112db,Sorcery,{3}{R},4.0,"[""R""]","[""R""]",Destroy target artifact or land.,2019-05-03
52,1,Demolition Stomper,KLD,Kaladesh,206,normal,uncommon,en,0.3,EUR,e9af13a0-a9c1-454c-992d-ce79ff161187,Artifact — Vehicle,{6},6.0,[],[],"This Vehicle can't be blocked by creatures with power 2 or less.
Crew 5 (Tap any number of creatures you control with total power 5 or more: This Vehicle becomes an artifact creature until end of turn.)",2016-09-30
354,1,Demon's Due,SNC,Streets of New Capenna,75,normal,common,en,0.3,EUR,2e59fb98-c887-42f1-a620-9e6b40b94cb5,Instant,{3}{B},4.0,"[""B""]","[""B""]","Scry 2, then draw two cards. You lose 2 life.",2022-04-29
355,1,Demon's Grasp,DDR,Duel Decks: Nissa vs. Ob Nixilis,43,normal,common,en,0.3,EUR,8ee78a0d-8a76-4d21-b65c-03f27f1a96c5,Sorcery,{4}{B},5.0,"[""B""]","[""B""]",Target creature gets -5/-5 until end of turn.,2016-09-02
356,1,Demonic Vigor,DOM,Dominaria,85,normal,common,en,0.3,EUR,09950456-09d6-4675-9995-0dc540ddb6e4,Enchantment — Aura,{B},1.0,"[""B""]","[""B""]","Enchant creature
Enchanted creature gets +1/+1.
When enchanted creature dies, return that card to its owner's hand.",2018-04-27
357,1,Demonlord Belzenlok,PDOM,Dominaria Promos,86s,foil,mythic,en,1.71,EUR,56df8fa8-a9a1-45f1-82b4-5b22d1b0a2f5,Legendary Creature — Elder Demon,{4}{B}{B},6.0,"[""B""]","[""B""]","Flying, trample
When Demonlord Belzenlok enters, exile cards from the top of your library until you exile a nonland card, then put that card into your hand. If the card's mana value is 4 or greater, repeat this process. Demonlord Belzenlok deals 1 damage to you for each card put into your hand this way.",2018-04-27
1513,1,Deny Existence,SOI,Shadows over Innistrad,55,normal,common,en,0.3,EUR,16a14eeb-1c85-4029-a047-39a4efef3f74,Instant,{2}{U},3.0,"[""U""]","[""U""]","Counter target creature spell. If that spell is countered this way, exile it instead of putting it into its owner's graveyard.",2016-04-08
53,1,Depth Charge Colossus,BRO,The Brothers' War,78,normal,common,en,0.3,EUR,34e09173-a92d-4cc3-9d02-bf18ab0850ec,Artifact Creature — Dreadnought,{9},9.0,[],"[""U""]","Prototype {4}{U}{U} — 6/6 (You may cast this spell with different mana cost, color, and size. It keeps its abilities and types.)
This creature doesn't untap during your untap step.
{3}: Untap this creature.",2022-11-18
1514,1,Descendant of Soramaro,SOK,Saviors of Kamigawa,33,normal,common,en,0.3,EUR,b5217d17-3667-46c6-8fba-763197fb2970,Creature — Human Wizard,{3}{U},4.0,"[""U""]","[""U""]","{1}{U}: Look at the top X cards of your library, where X is the number of cards in your hand, then put them back in any order.",2005-06-03
1909,2,Desert's Hold,HOU,Hour of Devastation,8,normal,uncommon,en,0.3,EUR,8082298e-05c4-48b3-9367-713f59aafdc6,Enchantment — Aura,{2}{W},3.0,"[""W""]","[""W""]","Enchant creature
When this Aura enters, if you control a Desert or there is a Desert card in your graveyard, you gain 3 life.
Enchanted creature can't attack or block, and its activated abilities can't be activated.",2017-07-14
1441,1,Desperate Stand,JOU,Journey into Nyx,147,normal,uncommon,en,0.3,EUR,e8a4fb8d-8ddd-4d1d-92c7-2bf6b0e6c488,Sorcery,{R}{W},2.0,"[""R"",""W""]","[""R"",""W""]","Strive — This spell costs {R}{W} more to cast for each target beyond the first.
Any number of target creatures each get +2/+0 and gain first strike and vigilance until end of turn.",2014-05-02
2285,1,Destined Confrontation,TLA,Avatar: The Last Airbender,15,normal,uncommon,en,0.3,EUR,d4605cf7-03bc-4a7f-b50a-49b83b09b54d,Sorcery,{2}{W}{W},4.0,"[""W""]","[""W""]","Each player chooses any number of creatures they control with total power 4 or less, then sacrifices all other creatures they control.",2025-11-21
992,1,Destructive Revelry,THS,Theros,192,normal,uncommon,en,0.3,EUR,798af7cb-645f-4526-8a19-6e4595b93964,Instant,{R}{G},2.0,"[""G"",""R""]","[""G"",""R""]",Destroy target artifact or enchantment. Destructive Revelry deals 2 damage to that permanent's controller.,2013-09-27
1515,1,Desynchronize,BRO,The Brothers' War,46,normal,common,en,0.3,EUR,46e101e5-2b20-48dd-aac4-15a3c32a7441,Instant,{4}{U},5.0,"[""U""]","[""U""]",Target nonland permanent's owner puts it on their choice of the top or bottom of their library. Scry 2.,2022-11-18
1910,1,Devilthorn Fox,SOI,Shadows over Innistrad,14,normal,common,en,0.3,EUR,57bea4c2-7a15-4f31-938d-c4c906e4ebe7,Creature — Fox,{1}{W},2.0,"[""W""]","[""W""]",,2016-04-08
712,1,Devkarin Dissident,GRN,Guilds of Ravnica,127,normal,common,en,0.3,EUR,490cd287-5f09-442f-9150-4a6ac2cf3e2e,Creature — Elf Warrior,{1}{G},2.0,"[""G""]","[""G""]",{4}{G}: This creature gets +2/+2 until end of turn.,2018-10-05
1911,1,Devoted Retainer,CHK,Champions of Kamigawa,7,normal,common,en,0.3,EUR,fc41d6d6-d7e5-4874-b6e2-fa4c72454f15,Creature — Human Samurai,{W},1.0,"[""W""]","[""W""]","Bushido 1 (Whenever this creature blocks or becomes blocked, it gets +1/+1 until end of turn.)",2004-10-01
1110,1,Devour in Flames,OGW,Oath of the Gatewatch,106,normal,uncommon,en,0.3,EUR,432dd78b-9520-4c28-8699-d7ff9c477070,Sorcery,{2}{R},3.0,"[""R""]","[""R""]","As an additional cost to cast this spell, return a land you control to its owner's hand.
Devour in Flames deals 5 damage to target creature or planeswalker.",2016-01-22
1912,1,Devouring Light,GK1,GRN Guild Kit,103,normal,uncommon,en,0.3,EUR,77435fa4-c856-41e8-b28f-f73b1491c2e2,Instant,{1}{W}{W},3.0,"[""W""]","[""W""]","Convoke (Your creatures can help cast this spell. Each creature you tap while casting this spell pays for {1} or one mana of that creature's color.)
Exile target attacking or blocking creature.",2018-11-02
1111,1,Devouring Rage,PSAL,Salvat 2005,5,normal,common,en,0.0,EUR,e8e0797c-6cf5-485c-96d1-5b1096125701,Instant — Arcane,{4}{R},5.0,"[""R""]","[""R""]","As an additional cost to cast this spell, you may sacrifice any number of Spirits.
Target creature gets +3/+0 until end of turn. For each Spirit sacrificed this way, that creature gets an additional +3/+0 until end of turn.",2005-08-22
358,1,Dhund Operative,KLD,Kaladesh,74,normal,common,en,0.3,EUR,98f91094-5214-4268-8f91-5ba0b891256d,Creature — Human Rogue,{1}{B},2.0,"[""B""]","[""B""]","As long as you control an artifact, this creature gets +1/+0 and has deathtouch.",2016-09-30
1112,2,Dictate of the Twin Gods,JOU,Journey into Nyx,93,normal,rare,en,4.29,EUR,69cc93f2-8198-45b1-9193-7cfd1cf7ced4,Enchantment,{3}{R}{R},5.0,"[""R""]","[""R""]","Flash
If a source would deal damage to a permanent or player, it deals double that damage to that permanent or player instead.",2014-05-02
1516,2,Diffusion Sliver,M15,Magic 2015,50,normal,uncommon,en,3.43,EUR,fb110a55-c8f9-4627-82c2-edb10db4f380,Creature — Sliver,{1}{U},2.0,"[""U""]","[""U""]","Whenever a Sliver creature you control becomes the target of a spell or ability an opponent controls, counter that spell or ability unless its controller pays {2}.",2014-07-18
359,1,Dig Up the Body,SNC,Streets of New Capenna,76,normal,common,en,0.3,EUR,902abe4d-5c19-4c96-b825-e6cd4d954a84,Instant,{2}{B},3.0,"[""B""]","[""B""]","Casualty 1 (As you cast this spell, you may sacrifice a creature with power 1 or greater. When you do, copy this spell.)
Mill two cards, then you may return a creature card from your graveyard to your hand. (To mill a card, put the top card of your library into your graveyard.)",2022-04-29
54,1,Digsite Conservator,LCI,The Lost Caverns of Ixalan,252,normal,uncommon,en,0.3,EUR,dfa3cd5e-b727-479d-9a77-9f320b92f3f2,Artifact Creature — Gnome,{2},2.0,[],[],"Sacrifice this creature: Exile up to four target cards from a single graveyard. Activate only as a sorcery.
When this creature dies, you may pay {4}. If you do, discover 4. (Exile cards from the top of your library until you exile a nonland card with mana value 4 or less. Cast it without paying its mana cost or put it into your hand. Put the rest on the bottom in a random order.)",2023-11-17
2576,1,Dimension X,TMT,Teenage Mutant Ninja Turtles,183,normal,common,en,0.3,EUR,1c244fc2-70f0-4149-b0d2-d49fc6bac2b0,,,,,,,
55,2,Dimir Guildgate,GRN,Guilds of Ravnica,245,normal,common,en,0.3,EUR,b7129bdf-de02-4ed2-b5de-f774b8a7d302,Land — Gate,,0.0,[],"[""B"",""U""]","This land enters tapped.
{T}: Add {U} or {B}.",2018-10-05
56,2,Dimir Locket,GRN,Guilds of Ravnica,234,normal,common,en,0.3,EUR,dfb6810b-9bc9-43c5-8cd9-817b12ee3110,Artifact,{3},3.0,[],"[""B"",""U""]","{T}: Add {U} or {B}.
{U/B}{U/B}{U/B}{U/B}, {T}, Sacrifice this artifact: Draw two cards.",2018-10-05
713,1,Dinosaur,TXLN,Ixalan Tokens,5,normal,common,en,0.3,EUR,1ccee594-e1e6-4a82-bc17-93bcdeb36198,Token Creature — Dinosaur,,0.0,"[""G""]","[""G""]",Trample (This creature can deal excess combat damage to the player or planeswalker it's attacking.),2017-09-29
1113,1,Direct Current,GRN,Guilds of Ravnica,96,normal,common,en,0.3,EUR,166b0d75-824c-4c04-833b-7f7c69569a18,Sorcery,{1}{R}{R},3.0,"[""R""]","[""R""]","Direct Current deals 2 damage to any target.
Jump-start (You may cast this card from your graveyard by discarding a card in addition to paying its other costs. Then exile this card.)",2018-10-05
1517,1,Dirgur Nemesis,DTK,Dragons of Tarkir,51,normal,common,en,0.3,EUR,54c388de-c2c9-4975-9eac-86a8030a9884,Creature — Serpent,{5}{U},6.0,"[""U""]","[""U""]","Defender
Megamorph {6}{U} (You may cast this card face down as a 2/2 creature for {3}. Turn it face up any time for its megamorph cost and put a +1/+1 counter on it.)",2015-03-27
360,1,Disciples of Gix,BRO,The Brothers' War,90,normal,uncommon,en,0.3,EUR,7d356456-865d-4c92-8923-ce7384e29a79,Creature — Phyrexian Human,{4}{B}{B},6.0,"[""B""]","[""B""]","When this creature enters, search your library for up to three artifact cards, put them into your graveyard, then shuffle.",2022-11-18
1518,1,Discover the Impossible,NEO,Kamigawa: Neon Dynasty,50,normal,uncommon,en,0.3,EUR,8c201117-9850-4e92-9ecc-e4d71a70a959,Instant,{2}{U},3.0,"[""U""]","[""U""]","Look at the top five cards of your library. Exile one of them face down and put the rest on the bottom of your library in a random order. You may cast the exiled card without paying its mana cost if it's an instant spell with mana value 2 or less. If you don't, put that card into your hand.",2022-02-18
2217,2,Disdainful Stroke,GRN,Guilds of Ravnica,37,normal,common,en,0.3,EUR,0193dfa3-8409-44be-b4be-6c3cad42d4a4,Instant,{1}{U},2.0,"[""U""]","[""U""]",Counter target spell with mana value 4 or greater.,2018-10-05
1913,1,Disenchant,M20,Core Set 2020,14,normal,common,en,0.3,EUR,1b6a2b01-da95-46fa-8673-30ffdfdee0a5,Instant,{1}{W},2.0,"[""W""]","[""W""]",Destroy target artifact or enchantment.,2019-07-12
2215,5,Dismal Backwater,M20,Core Set 2020,245,normal,common,en,0.3,EUR,a5ff247f-82d1-4b79-9ac0-1471a1f0f58b,Land,,0.0,[],"[""B"",""U""]","This land enters tapped.
When this land enters, you gain 1 life.
{T}: Add {U} or {B}.",2019-07-12
1914,1,Dispeller's Capsule,C16,Commander 2016,64,normal,common,en,0.3,EUR,0710e943-8882-4a31-973b-1bb07d545af8,Artifact,{W},1.0,"[""W""]","[""W""]","{2}{W}, {T}, Sacrifice this artifact: Destroy target artifact or enchantment.",2016-11-11
1519,1,Disperse,M19,Core Set 2019,50,normal,common,en,0.3,EUR,2ff7c89c-41dc-4ac3-bbce-38ab86f435ea,Instant,{1}{U},2.0,"[""U""]","[""U""]",Return target nonland permanent to its owner's hand.,2018-07-13
57,1,Disruptor Wanderglyph,LCI,The Lost Caverns of Ixalan,253,normal,common,en,0.3,EUR,7802ca61-6fcc-4965-9f8f-dd58fe82c6bf,Artifact Creature — Golem,{4},4.0,[],[],"Whenever this creature attacks, exile target card from an opponent's graveyard.",2023-11-17
2399,1,Disruptor of Currents,ECL,Lorwyn Eclipsed,303,foil,rare,en,0.84,EUR,29c2c66e-a3d3-4993-82cc-adf8f6877204,Creature — Merfolk Wizard,{3}{U}{U},5.0,"[""U""]","[""U""]","Flash
Convoke (Your creatures can help cast this spell. Each creature you tap while casting this spell pays for {1} or one mana of that creature's color.)
When this creature enters, return up to one other target nonland permanent to its owner's hand.",2026-01-23
58,1,Dissection Tools,DSK,Duskmourn: House of Horror,245,normal,rare,en,0.42,EUR,048bb2c6-91bd-4d6a-a070-c73d8277c264,Artifact — Equipment,{5},5.0,[],[],"When this Equipment enters, manifest dread, then attach this Equipment to that creature.
Equipped creature gets +2/+2 and has deathtouch and lifelink.
Equip—Sacrifice a creature.",2024-09-27
1520,1,Dissipate,M15,Magic 2015,51,normal,uncommon,en,0.3,EUR,dbcc571a-6d9c-4408-a352-ff96f9472b44,Instant,{1}{U}{U},3.0,"[""U""]","[""U""]","Counter target spell. If that spell is countered this way, exile it instead of putting it into its owner's graveyard.",2014-07-18
612,1,Disturbing Mirth,DSK,Duskmourn: House of Horror,212,normal,uncommon,en,0.3,EUR,f79b0c5d-6823-439c-a011-8b9bf424bdad,Enchantment,{B}{R},2.0,"[""B"",""R""]","[""B"",""R""]","When this enchantment enters, you may sacrifice another enchantment or creature. If you do, draw two cards.
When you sacrifice this enchantment, manifest dread. (Look at the top two cards of your library. Put one onto the battlefield face down as a 2/2 creature and the other into your graveyard. Turn it face up any time for its mana cost if it's a creature card.)",2024-09-27
361,1,Divest,DOM,Dominaria,87,normal,common,en,0.3,EUR,c6619810-7933-4844-8556-2a575ed7f18a,Sorcery,{B},1.0,"[""B""]","[""B""]",Target player reveals their hand. You choose an artifact or creature card from it. That player discards that card.,2018-04-27
2218,10,Divination,M19,Core Set 2019,51,normal,common,en,0.3,EUR,cb3b35b8-f321-46d8-a441-6b9a6efa9021,Sorcery,{2}{U},3.0,"[""U""]","[""U""]",Draw two cards.,2018-07-13
1915,5,Divine Favor,M15,Magic 2015,10,normal,common,en,0.3,EUR,43c1ddf8-e38a-44df-9195-40e2b0d4cd5f,Enchantment — Aura,{1}{W},2.0,"[""W""]","[""W""]","Enchant creature
When this Aura enters, you gain 3 life.
Enchanted creature gets +1/+3.",2014-07-18
1916,3,Divine Verdict,RIX,Rivals of Ixalan,5,normal,common,en,0.3,EUR,ed07b708-7232-4b87-b5d9-edaa20a69293,Instant,{3}{W},4.0,"[""W""]","[""W""]",Destroy target attacking or blocking creature.,2018-01-19
1521,2,"Doc Ock, Sinister Scientist",SPM,Marvel's Spider-Man,29,normal,common,en,0.3,EUR,de16ad65-c8c3-48c0-9d13-5af91b4e6f01,Legendary Creature — Human Scientist Villain,{4}{U},5.0,"[""U""]","[""U""]","As long as there are eight or more cards in your graveyard, Doc Ock has base power and toughness 8/8.
As long as you control another Villain, Doc Ock has hexproof. (He can't be the target of spells or abilities your opponents control.)",2025-09-26
624,1,"Doctor Octopus, Master Planner",SPM,Marvel's Spider-Man,128,normal,mythic,en,0.85,EUR,76e1d361-18a1-4dec-a203-f83bf0014e02,Legendary Creature — Human Scientist Villain,{5}{U}{B},7.0,"[""B"",""U""]","[""B"",""U""]","Other Villains you control get +2/+2.
Your maximum hand size is eight.
At the beginning of your end step, if you have fewer than eight cards in hand, draw cards equal to the difference.",2025-09-26
362,4,Dokuchi Shadow-Walker,NEO,Kamigawa: Neon Dynasty,94,normal,common,en,0.3,EUR,81496a81-c986-4749-a28c-45341764e28f,Creature — Ogre Ninja,{4}{B}{B},6.0,"[""B""]","[""B""]","Ninjutsu {3}{B} ({3}{B}, Return an unblocked attacker you control to hand: Put this card onto the battlefield from your hand tapped and attacking.)",2022-02-18
363,1,Doom Blade,E02,Explorers of Ixalan,18,normal,uncommon,en,0.42,EUR,7e89b4da-a095-4790-b1b7-2369fa221aa4,Instant,{1}{B},2.0,"[""B""]","[""B""]",Destroy target nonblack creature.,2017-11-24
714,1,Dosan's Oldest Chant,SOK,Saviors of Kamigawa,127,normal,common,en,0.3,EUR,b525f824-fcce-48cc-887d-98d4058b1d31,Sorcery,{4}{G},5.0,"[""G""]","[""G""]","You gain 6 life.
Draw a card.",2005-06-03
364,1,Douse in Gloom,FRF,Fate Reforged,68,normal,common,en,0.3,EUR,9b710fcd-0721-4720-a8fa-6d9ceb7b8104,Instant,{2}{B},3.0,"[""B""]","[""B""]",Douse in Gloom deals 2 damage to target creature and you gain 2 life.,2015-01-23
1522,1,Drag Under,W17,Welcome Deck 2017,9,normal,common,en,0.3,EUR,75eacac3-cba4-4c30-b1df-19fcc5f96076,Sorcery,{2}{U},3.0,"[""U""]","[""U""]","Return target creature to its owner's hand.
Draw a card.",2017-04-15
1114,1,Dragon Egg,M19,Core Set 2019,138,normal,uncommon,en,0.3,EUR,d330ce5b-de86-42ad-ac00-3ae1d3252956,Creature — Dragon Egg,{2}{R},3.0,"[""R""]","[""R""]","Defender
When this creature dies, create a 2/2 red Dragon creature token with flying and ""{R}: This token gets +1/+0 until end of turn.""",2018-07-13
1115,1,Dragon Fodder,GNT,Game Night,39,normal,common,en,0.51,EUR,f86c2fae-4e0d-435f-a378-0231d566fbad,Sorcery,{1}{R},2.0,"[""R""]","[""R""]",Create two 1/1 red Goblin creature tokens.,2018-11-16
1116,2,Dragon Hatchling,BBD,Battlebond,173,normal,common,en,0.3,EUR,83cb9ea2-ce64-437e-afac-5029a34bf10f,Creature — Dragon,{1}{R},2.0,"[""R""]","[""R""]","Flying
{R}: This creature gets +1/+0 until end of turn.",2018-06-08
1117,3,Dragon Mantle,THS,Theros,119,normal,common,en,0.3,EUR,d97b1080-9001-4751-b2f5-7f56d9f58dff,Enchantment — Aura,{R},1.0,"[""R""]","[""R""]","Enchant creature
When this Aura enters, draw a card.
Enchanted creature has ""{R}: This creature gets +1/+0 until end of turn.""",2013-09-27
2527,1,Dragon Sniper,TDM,Tarkir: Dragonstorm,139,normal,uncommon,en,1.55,EUR,074b1e00-45bb-4436-8f5e-058512b2d08a,,,,,,,
2529,1,Dragon's Prey,TDM,Tarkir: Dragonstorm,79,normal,common,en,0.3,EUR,7a6004ff-4180-4332-8b51-960f8c7521d9,,,,,,,
1917,3,Dragonfly Suit,NEO,Kamigawa: Neon Dynasty,9,normal,common,en,0.3,EUR,4900862f-90f4-450b-a775-219da4ce67ef,Artifact — Vehicle,{2}{W},3.0,"[""W""]","[""W""]","Flying
Crew 1 (Tap any number of creatures you control with total power 1 or more: This Vehicle becomes an artifact creature until end of turn.)",2022-02-18
1118,1,Dragonspark Reactor,NEO,Kamigawa: Neon Dynasty,137,normal,uncommon,en,0.3,EUR,5cf531dd-0a93-43e3-880b-f705fa5f533d,Artifact,{1}{R},2.0,"[""R""]","[""R""]","Whenever this artifact or another artifact you control enters, put a charge counter on this artifact.
{4}, Sacrifice this artifact: It deals damage equal to the number of charge counters on it to target player and that much damage to up to one target creature.",2022-02-18
1918,1,Dragoon's Lance,FIN,Final Fantasy,17,normal,uncommon,en,0.3,EUR,96630531-8eb7-4e3e-8d63-60c562a5571b,Artifact — Equipment,{1}{W},2.0,"[""W""]","[""W""]","Job select (When this Equipment enters, create a 1/1 colorless Hero creature token, then attach this to it.)
Equipped creature gets +1/+0 and is a Knight in addition to its other types.
During your turn, equipped creature has flying.
Gae Bolg — Equip {4}",2025-06-13
1523,1,Dramatic Accusation,MKM,Murders at Karlov Manor,53,normal,common,en,0.3,EUR,2ca93438-a132-45ca-9fa8-364aeb519594,Enchantment — Aura,{2}{U},3.0,"[""U""]","[""U""]","Enchant creature
When this Aura enters, tap enchanted creature.
Enchanted creature doesn't untap during its controller's untap step.
{U}{U}: Shuffle enchanted creature into its owner's library.",2024-02-09
2261,2,Dramatic Rescue,GK2,RNA Guild Kit,12,normal,common,en,0.68,EUR,416e6241-72c6-4d6d-b839-d96c35695b9d,Instant,{W}{U},2.0,"[""U"",""W""]","[""U"",""W""]",Return target creature to its owner's hand. You gain 2 life.,2019-02-15
59,1,Dramatist's Puppet,NEO,Kamigawa: Neon Dynasty,244,normal,common,en,0.3,EUR,b490e065-b54a-4015-9768-d0e62f0e2e84,Artifact Creature — Construct,{4},4.0,[],[],"When this creature enters, for each kind of counter on target permanent, put another counter of that kind on it or remove one from it.",2022-02-18
1524,1,Dreadful as the Storm,LTR,The Lord of the Rings: Tales of Middle-earth,48,normal,common,en,0.3,EUR,b6e0b4ff-85b5-485f-a78f-1a58bb343238,Instant,{2}{U},3.0,"[""U""]","[""U""]",Target creature has base power and toughness 5/5 until end of turn. The Ring tempts you.,2023-06-23
2481,1,Dream Harvest,ECL,Lorwyn Eclipsed,216,normal,rare,en,0.5,EUR,a4ebc0e7-02d7-4d38-9376-a39963e6d3fa,Sorcery,{5}{U/B}{U/B},7.0,"[""B"",""U""]","[""B"",""U""]","Each opponent exiles cards from the top of their library until they have exiled cards with total mana value 5 or greater this way. Until end of turn, you may cast cards exiled this way without paying their mana costs.",2026-01-23
1525,1,Dream Leash,RAV,Ravnica: City of Guilds,45,normal,rare,en,0.42,EUR,0de4fa3d-a144-4918-b032-7495ab2e1c8c,Enchantment — Aura,{3}{U}{U},5.0,"[""U""]","[""U""]","Enchant permanent
You can't choose an untapped permanent as this spell's target as you cast it.
You control enchanted permanent.",2005-10-07
2358,1,Dream Seizer,ECL,Lorwyn Eclipsed,101,normal,common,en,0.3,EUR,3573f425-9251-4c17-9619-15278ce5d8fb,Creature — Faerie Rogue,{3}{B},4.0,"[""B""]","[""B""]","Flying
When this creature enters, you may blight 1. If you do, each opponent discards a card. (To blight 1, put a -1/-1 counter on a creature you control.)",2026-01-23
365,1,Dream Spoilers,WOE,Wilds of Eldraine,85,normal,uncommon,en,0.3,EUR,4efd1963-fe71-42c1-8ad7-53fd80145ca6,Creature — Faerie Warlock,{3}{B},4.0,"[""B""]","[""B""]","Flying
Whenever you cast a spell during an opponent's turn, up to one target creature an opponent controls gets -1/-1 until end of turn.",2023-09-08
1526,1,Dreamcatcher,SOK,Saviors of Kamigawa,34,normal,common,en,0.3,EUR,b90ab82e-84d7-462a-b3c2-abaccfb46dd3,Creature — Spirit,{U},1.0,"[""U""]","[""U""]","Whenever you cast a Spirit or Arcane spell, you may sacrifice this creature. If you do, draw a card.",2005-06-03
1527,2,Dreams of Laguna,FIN,Final Fantasy,50,normal,common,en,0.3,EUR,ba752243-2727-4b8a-8e21-e70becfd4ff3,Instant,{1}{U},2.0,"[""U""]","[""U""]","Surveil 1, then draw a card. (To surveil 1, look at the top card of your library. You may put it into your graveyard.)
Flashback {3}{U} (You may cast this card from your graveyard for its flashback cost. Then exile it.)",2025-06-13
366,1,Dreamspoiler Witches,MMA,Modern Masters,81,normal,common,en,0.3,EUR,0e893376-f82b-49b5-b641-85d2458ae261,Creature — Faerie Wizard,{3}{B},4.0,"[""B""]","[""B""]","Flying
Whenever you cast a spell during an opponent's turn, you may have target creature get -1/-1 until end of turn.",2013-06-07
367,1,Dreg Reaver,ALA,Shards of Alara,73,normal,common,en,0.3,EUR,e7771eba-bc2d-40f2-bab4-5e9cc4fe8f34,Creature — Zombie Beast,{4}{B},5.0,"[""B""]","[""B""]",,2008-10-03
368,1,Dregscape Zombie,MM3,Modern Masters 2017,67,normal,common,en,0.3,EUR,db87a2be-4490-45af-89d7-540549d1d6af,Creature — Zombie,{1}{B},2.0,"[""B""]","[""B""]",Unearth {B} ({B}: Return this card from your graveyard to the battlefield. It gains haste. Exile it at the beginning of the next end step or if it would leave the battlefield. Unearth only as a sorcery.),2017-03-17
369,1,Drown in Sorrow,BNG,Born of the Gods,65,normal,uncommon,en,0.42,EUR,287c7570-8080-43dc-a586-963e15566446,Sorcery,{1}{B}{B},3.0,"[""B""]","[""B""]",All creatures get -2/-2 until end of turn. Scry 1. (Look at the top card of your library. You may put that card on the bottom.),2014-02-07
1528,1,Drownyard Explorers,SOI,Shadows over Innistrad,56,normal,common,en,0.3,EUR,3714713f-deb4-4b1c-8764-35287293ca18,Creature — Human Wizard,{3}{U},4.0,"[""U""]","[""U""]","When this creature enters, investigate. (Create a Clue token. It's an artifact with ""{2}, Sacrifice this token: Draw a card."")",2016-04-08
715,2,Druid of the Cowl,M19,Core Set 2019,177,normal,common,en,0.3,EUR,76ceff1d-9e83-41cc-b54b-8bf90d985da9,Creature — Elf Druid,{1}{G},2.0,"[""G""]","[""G""]",{T}: Add {G}.,2018-07-13
716,1,Druid of the Spade,BLB,Bloomburrow,170,normal,common,en,0.3,EUR,6b485cf7-bad0-4824-9ba7-cb112ce4769f,Creature — Rabbit Druid,{2}{G},3.0,"[""G""]","[""G""]","As long as you control a token, this creature gets +2/+0 and has trample.",2024-08-02
717,1,Druid's Deliverance,C19,Commander 2019,162,normal,common,en,0.85,EUR,eabb6ba4-4256-401c-96eb-6e2a14c50602,Instant,{1}{G},2.0,"[""G""]","[""G""]",Prevent all combat damage that would be dealt to you this turn. Populate. (Create a token that's a copy of a creature token you control.),2019-08-23
1119,1,Dual Shot,XLN,Ixalan,141,normal,common,en,0.3,EUR,0bb504d2-d3de-4b09-9007-3d403fc9a216,Instant,{R},1.0,"[""R""]","[""R""]",Dual Shot deals 1 damage to each of up to two target creatures.,2017-09-29
60,1,Dukhara Peafowl,KLD,Kaladesh,207,normal,common,en,0.3,EUR,e5c54795-d555-4972-b72d-b2d2374bed9b,Artifact Creature — Bird,{4},4.0,[],"[""U""]",{U}: This creature gains flying until end of turn.,2016-09-30
718,1,Dune Diviner,HOU,Hour of Devastation,114,normal,uncommon,en,0.3,EUR,01818188-e18e-4dc0-b7ef-34cedef64f7e,Creature — Snake Cleric,{2}{G},3.0,"[""G""]","[""G""]","{1}, Tap an untapped Desert you control: You gain 1 life.",2017-07-14
370,2,Dunland Crebain,LTR,The Lord of the Rings: Tales of Middle-earth,82,normal,common,en,0.3,EUR,695c05ab-e46e-46c7-bd2e-ef0b2307e449,Creature — Bird Horror,{2}{B},3.0,"[""B""]","[""B""]","Flying
When this creature enters, amass Orcs 2. (Put two +1/+1 counters on an Army you control. It's also an Orc. If you don't control an Army, create a 0/0 black Orc Army creature token first.)",2023-06-23
719,1,Durable Handicraft,KLD,Kaladesh,153,normal,uncommon,en,0.3,EUR,28d5e2ff-dc8a-4ed5-989a-4b4b79591b3f,Enchantment,{1}{G},2.0,"[""G""]","[""G""]","Whenever a creature you control enters, you may pay {1}. If you do, put a +1/+1 counter on that creature.
{5}{G}, Sacrifice this enchantment: Put a +1/+1 counter on each creature you control.",2016-09-30
2228,2,Duress,M20,Core Set 2020,97,normal,common,en,0.3,EUR,bb41ff5c-9617-4033-a4fa-99323640b9c3,Sorcery,{B},1.0,"[""B""]","[""B""]","Target opponent reveals their hand. You choose a noncreature, nonland card from it. That player discards that card.",2019-07-12
371,1,Dusk Mangler,SNC,Streets of New Capenna,77,normal,uncommon,en,0.3,EUR,b86825b2-5b03-4311-b7d9-f8131b17249d,Creature — Horror,{5}{B}{B},7.0,"[""B""]","[""B""]","As an additional cost to cast this spell, sacrifice a creature, discard a card, or pay 4 life.
When this creature enters, each opponent sacrifices a creature of their choice, discards a card, and loses 4 life.",2022-04-29
372,1,Dutiful Attendant,DTK,Dragons of Tarkir,99,normal,common,en,0.3,EUR,4ee71b19-eb1d-4f5a-a1b7-1799f2f50da0,Creature — Human Warrior,{2}{B},3.0,"[""B""]","[""B""]","When this creature dies, return another target creature card from your graveyard to your hand.",2015-03-27
1919,1,Dutiful Griffin,WOE,Wilds of Eldraine,11,normal,uncommon,en,0.3,EUR,b8e40377-990f-41ea-8dd2-62a998dcd128,Creature — Griffin,{3}{W}{W},5.0,"[""W""]","[""W""]","Flying
{2}{W}, Sacrifice two enchantments: Return this card from your graveyard to your hand.",2023-09-08
373,2,Dutiful Return,BFZ,Battle for Zendikar,110,normal,common,en,0.3,EUR,55d6cb71-c911-4f82-93e9-654e8ffa85c9,Sorcery,{3}{B},4.0,"[""B""]","[""B""]",Return up to two target creature cards from your graveyard to your hand.,2015-10-02
1920,4,Dwarven Castle Guard,FIN,Final Fantasy,18,normal,common,en,0.3,EUR,e17c0d27-e88d-4ba9-acbb-3f916cee3d7e,Creature — Dwarf Soldier,{1}{W},2.0,"[""W""]","[""W""]","When this creature dies, create a 1/1 colorless Hero creature token.",2025-06-13
1921,1,Dwarven Lightsmith,BBD,Battlebond,27,normal,common,en,0.3,EUR,98689a75-aa88-4c83-8104-0352b829503e,Creature — Dwarf Cleric,{5}{W},6.0,"[""W""]","[""W""]","Assist (Another player can pay up to {5} of this spell's cost.)
When this creature enters, creatures your team controls get +1/+1 until end of turn.",2018-06-08
61,2,Eager Construct,GNT,Game Night,51,normal,common,en,0.3,EUR,a4beab22-6824-4039-9266-8e6bcf1c91e5,Artifact Creature — Construct,{2},2.0,[],[],"When this creature enters, each player may scry 1. (To scry 1, look at the top card of your library, then you may put that card on the bottom.)",2018-11-16
1922,3,Eagle of the Watch,ORI,Magic Origins,275,normal,common,en,0.3,EUR,8af7956d-f811-49d3-bef7-07f294dcea3c,Creature — Bird,{2}{W},3.0,"[""W""]","[""W""]","Flying, vigilance",2015-07-17
1923,1,Eagles of the North,LTR,The Lord of the Rings: Tales of Middle-earth,7,normal,common,en,0.3,EUR,c1bd3bc0-77bd-40fe-b4f1-835a04cb6e41,Creature — Bird Soldier,{5}{W},6.0,"[""W""]","[""W""]","Flying
When this creature enters, creatures you control get +1/+0 and gain first strike until end of turn.
Plainscycling {1} ({1}, Discard this card: Search your library for a Plains card, reveal it, put it into your hand, then shuffle.)",2023-06-23
2276,1,Earth Kingdom Soldier,TLA,Avatar: The Last Airbender,216,normal,common,en,0.3,EUR,2d543d35-945a-4ffa-beb7-7c5d4f894f79,Creature — Human Soldier,{4}{G/W},5.0,"[""G"",""W""]","[""G"",""W""]","Vigilance
When this creature enters, put a +1/+1 counter on each of up to two target creatures you control.",2025-11-21
2345,1,Earth Rumble,TLA,Avatar: The Last Airbender,174,normal,uncommon,en,0.3,EUR,62730505-56f1-4043-a8b9-4fb7bc508b47,Sorcery,{3}{G},4.0,"[""G""]","[""G""]","Earthbend 2. When you do, up to one target creature you control fights target creature an opponent controls. (To earthbend 2, target land you control becomes a 0/0 creature with haste that's still a land. Put two +1/+1 counters on it. When it dies or is exiled, return it to the battlefield tapped. Creatures that fight each deal damage equal to their power to the other.)",2025-11-21
2342,1,Earth Rumble Wrestlers,TLA,Avatar: The Last Airbender,218,normal,common,en,0.3,EUR,74fca0b8-12e1-405f-b999-160d65fe0ade,Creature — Human Warrior Performer,{3}{R/G},4.0,"[""G"",""R""]","[""G"",""R""]","Reach
This creature gets +1/+0 and has trample as long as you control a land creature or a land entered the battlefield under your control this turn.",2025-11-21
2572,1,East Wind Avatar,TMT,Teenage Mutant Ninja Turtles,5,normal,common,en,0.3,EUR,c9d5b56c-ad2a-4958-8783-4eceb8733610,,,,,,,
1924,1,East-Mark Cavalier,LTR,The Lord of the Rings: Tales of Middle-earth,9,normal,common,en,0.3,EUR,9be412c0-45d4-4856-a8cf-63a5a822dc5c,Creature — Human Knight,{1}{W},2.0,"[""W""]","[""W""]","Vigilance
Whenever this creature deals damage to a Goblin or Orc, destroy that creature.",2023-06-23
374,2,Easterling Vanguard,LTR,The Lord of the Rings: Tales of Middle-earth,83,normal,common,en,0.3,EUR,e860dd40-07c5-47c3-92a8-1ee95a953c2f,Creature — Human Warrior,{1}{B},2.0,"[""B""]","[""B""]","When this creature dies, amass Orcs 1. (Put a +1/+1 counter on an Army you control. It's also an Orc. If you don't control an Army, create a 0/0 black Orc Army creature token first.)",2023-06-23
1925,1,Eastfarthing Farmer,LTR,The Lord of the Rings: Tales of Middle-earth,8,normal,common,en,0.3,EUR,26bb65ba-d605-4b79-a700-4a08ec5a90b4,Creature — Halfling Peasant,{2}{W},3.0,"[""W""]","[""W""]","When this creature enters, create a Food token. When you do, target creature you control gets +1/+1 until end of turn for each Food you control. (A Food token is an artifact with ""{2}, {T}, Sacrifice this token: You gain 3 life."")",2023-06-23
1529,1,Echo Inspector,SNC,Streets of New Capenna,40,normal,common,en,0.3,EUR,d7e530ea-ba51-4f7a-bf56-b657a48e86ae,Creature — Bird Rogue,{3}{U},4.0,"[""U""]","[""U""]","Flying
When this creature enters, it connives. (Draw a card, then discard a card. If you discarded a nonland card, put a +1/+1 counter on this creature.)",2022-04-29
2501,2,Eclipsed Boggart,ECL,Lorwyn Eclipsed,217,normal,uncommon,en,0.3,EUR,0ac1d0b2-92a4-4a10-b2d1-e9bb90265cc3,Creature — Goblin Scout,{B/R}{B/R}{B/R},3.0,"[""B"",""R""]","[""B"",""R""]","When this creature enters, look at the top four cards of your library. You may reveal a Goblin, Swamp, or Mountain card from among them and put it into your hand. Put the rest on the bottom of your library in a random order.",2026-01-23
2492,1,Eclipsed Elf,ECL,Lorwyn Eclipsed,218,normal,uncommon,en,0.3,EUR,9c8579f3-6125-4f22-b1c2-b7a0cfc50eed,Creature — Elf Scout,{B/G}{B/G}{B/G},3.0,"[""B"",""G""]","[""B"",""G""]","When this creature enters, look at the top four cards of your library. You may reveal an Elf, Swamp, or Forest card from among them and put it into your hand. Put the rest on the bottom of your library in a random order.",2026-01-23
2365,1,Eclipsed Elf,ECL,Lorwyn Eclipsed,336,normal,uncommon,en,0.3,EUR,57708ef7-ef10-49c4-8cf7-7055cf7280a0,Creature — Elf Scout,{B/G}{B/G}{B/G},3.0,"[""B"",""G""]","[""B"",""G""]","When this creature enters, look at the top four cards of your library. You may reveal an Elf, Swamp, or Forest card from among them and put it into your hand. Put the rest on the bottom of your library in a random order.",2026-01-23
2382,1,Eclipsed Flamekin,ECL,Lorwyn Eclipsed,337,normal,uncommon,en,0.3,EUR,6271b82d-5922-4de0-b763-129908ece6ee,Creature — Elemental Scout,{1}{U/R}{U/R},3.0,"[""R"",""U""]","[""R"",""U""]","When this creature enters, look at the top four cards of your library. You may reveal an Elemental, Island, or Mountain card from among them and put it into your hand. Put the rest on the bottom of your library in a random order.",2026-01-23
62,1,Ecologist's Terrarium,NEO,Kamigawa: Neon Dynasty,246,normal,common,en,0.3,EUR,1d981026-b2df-4d8d-a9b4-296b011d9925,Artifact,{2},2.0,[],[],"When this artifact enters, you may search your library for a basic land card, reveal it, put it into your hand, then shuffle.
{2}, {T}, Sacrifice this artifact: Put a +1/+1 counter on target creature. Activate only as a sorcery.",2022-02-18
1926,1,Eddytrail Hawk,KLD,Kaladesh,12,normal,common,en,0.3,EUR,81dcaec6-4cb9-46d8-aed1-46f33c67dff2,Creature — Bird,{1}{W},2.0,"[""W""]","[""W""]","Flying
When this creature enters, you get {E}{E} (two energy counters).
Whenever this creature attacks, you may pay {E}. If you do, another target attacking creature gains flying until end of turn.",2016-09-30
1120,1,Edgewall Pack,WOE,Wilds of Eldraine,126,normal,common,en,0.3,EUR,acda9d02-00fc-49e2-a9f3-176e9c0a8c5f,Creature — Dog,{3}{R},4.0,"[""R""]","[""R""]","Menace (This creature can't be blocked except by two or more creatures.)
When this creature enters, create a 1/1 black Rat creature token with ""This token can't block.""",2023-09-08
1927,1,Eerie Interference,WOE,Wilds of Eldraine,12,normal,uncommon,en,0.3,EUR,42a74545-75c8-4a6b-bee1-ac5665d9bcf0,Instant,{2}{W},3.0,"[""W""]","[""W""]",Prevent all damage that would be dealt to you and creatures you control this turn by creatures.,2023-09-08
375,1,Ego Drain,WOE,Wilds of Eldraine,86,normal,uncommon,en,0.3,EUR,8faf36da-bbad-4d6e-a530-502d47a2dd23,Sorcery,{B},1.0,"[""B""]","[""B""]","Target opponent reveals their hand. You choose a nonland card from it. That player discards that card. If you don't control a Faerie, exile a card from your hand.",2023-09-08
1928,1,Eidolon of Rhetoric,JOU,Journey into Nyx,10,normal,uncommon,en,1.28,EUR,c3bc8b9e-4d22-41ba-b593-d383fd301ef9,Enchantment Creature — Spirit,{2}{W},3.0,"[""W""]","[""W""]",Each player can't cast more than one spell each turn.,2014-05-02
1929,2,Eiganjo Exemplar,NEO,Kamigawa: Neon Dynasty,10,normal,common,en,0.3,EUR,3b0a9cc0-bb6d-47f7-b0d5-3956c46a1b3a,Enchantment Creature — Human Samurai,{1}{W},2.0,"[""W""]","[""W""]","Whenever a Samurai or Warrior you control attacks alone, it gets +1/+1 until end of turn.",2022-02-18
2384,1,"Eirdu, Carrier of Dawn // Isilu, Carrier of Twilight",ECL,Lorwyn Eclipsed,13,normal,mythic,en,10.17,EUR,b2d9d5ca-7e15-437a-bdfc-5972b42148fe,Legendary Creature — Elemental God // Legendary Creature — Elemental God,,5.0,,"[""B"",""W""]",,2026-01-23
2361,1,Elder Auntie,ECL,Lorwyn Eclipsed,133,normal,common,en,0.3,EUR,84678e98-2258-4ea1-aaf0-8ac4cc2ecf8d,Creature — Goblin Warlock,{2}{R},3.0,"[""R""]","[""R""]","When this creature enters, create a 1/1 black and red Goblin creature token.",2026-01-23
2455,1,Elder Auntie,ECL,Lorwyn Eclipsed,133,normal,common,en,0.3,EUR,84678e98-2258-4ea1-aaf0-8ac4cc2ecf8d,Creature — Goblin Warlock,{2}{R},3.0,"[""R""]","[""R""]","When this creature enters, create a 1/1 black and red Goblin creature token.",2026-01-23
2216,2,Eldrazi Scion,DDR,Duel Decks: Nissa vs. Ob Nixilis,71,normal,common,en,0.3,EUR,a7ba0398-35e1-4733-ad29-e853757d6f24,Token Creature — Eldrazi Scion,,0.0,[],[],Sacrifice this creature: Add {C}.,2016-09-02
1121,1,Electrify,M19,Core Set 2019,139,normal,common,en,0.3,EUR,60bee89d-d916-4095-830f-6270f8c4f0d8,Instant,{3}{R},4.0,"[""R""]","[""R""]",Electrify deals 4 damage to target creature.,2018-07-13
720,1,Elegant Edgecrafters,KLD,Kaladesh,154,normal,uncommon,en,0.3,EUR,352941f3-951e-428d-bec4-7790c3ea7cb2,Creature — Elf Artificer,{4}{G}{G},6.0,"[""G""]","[""G""]","This creature can't be blocked by creatures with power 2 or less.
Fabricate 2 (When this creature enters, put two +1/+1 counters on it or create two 1/1 colorless Servo artifact creature tokens.)",2016-09-30
721,1,Elegant Entourage,SNC,Streets of New Capenna,143,normal,uncommon,en,0.3,EUR,e9d3500e-09ba-48b6-933f-25b4625b79aa,Creature — Elf Druid,{3}{G},4.0,"[""G""]","[""G""]","Alliance — Whenever another creature you control enters, target creature other than this creature gets +1/+1 and gains trample until end of turn.",2022-04-29
2254,6,Elemental,TM20,Core Set 2020 Tokens,7,normal,common,en,0.51,EUR,0574973b-a0d1-4e17-9ed7-42a98d25bb8d,Token Creature — Elemental,,0.0,"[""R""]","[""R""]",,2019-07-12
722,1,Elemental Uprising,OGW,Oath of the Gatewatch,130,normal,common,en,0.3,EUR,e194b283-a7d2-4c0a-9ee2-8689a8e911b9,Instant,{1}{G},2.0,"[""G""]","[""G""]",Target land you control becomes a 4/4 Elemental creature with haste until end of turn. It's still a land. It must be blocked this turn if able.,2016-01-22
2556,1,"Elenda, the Dusk Rose",2X2,Double Masters 2022,377,normal,mythic,en,12.96,EUR,d129496d-3ae0-4e61-9e20-6259c0754b9e,,,,,,,
2320,1,Elephant-Rat,TLE,Avatar: The Last Airbender Eternal,228,normal,common,en,0.3,EUR,0568f28f-e830-4a7a-91d3-43e78bb86c8f,Creature — Elephant Rat,{1}{B},2.0,"[""B""]","[""B""]",Menace (This creature can't be blocked except by two or more creatures.),2025-11-21
2264,2,Elesh Norn // The Argent Etchings,MOM,March of the Machine,12,normal,mythic,en,7.3,EUR,d8999135-ddb1-4e4c-b885-e25f23dac3d3,Legendary Creature — Phyrexian Praetor // Enchantment — Saga,,4.0,,"[""W""]",,2023-04-21
2407,1,Elf,TECL,Lorwyn Eclipsed Tokens,4,normal,common,en,0.0,EUR,39b36f22-21f9-44fe-8a49-bdc859503342,Token Creature — Elf,,0.0,"[""B"",""G""]",[],,2026-01-23
1930,3,Elite Skirmisher,BNG,Born of the Gods,8,normal,common,en,0.3,EUR,982eed00-e9fe-4d0f-a2b7-9606aa7926a1,Creature — Human Soldier,{2}{W},3.0,"[""W""]","[""W""]","Heroic — Whenever you cast a spell that targets this creature, you may tap target creature.",2014-02-07
1530,2,"Elrond, Lord of Rivendell",LTR,The Lord of the Rings: Tales of Middle-earth,49,normal,uncommon,en,0.3,EUR,a62a5e55-fa1b-4c70-9293-740dd513d52e,Legendary Creature — Elf Noble,{2}{U},3.0,"[""U""]","[""U""]","Whenever Elrond or another creature you control enters, scry 1. If this is the second time this ability has resolved this turn, the Ring tempts you.",2023-06-23
1531,1,Elusive Spellfist,IMA,Iconic Masters,54,normal,common,en,0.3,EUR,aac94901-f4ec-4888-82ef-87fd2b20cf11,Creature — Human Monk,{1}{U},2.0,"[""U""]","[""U""]","Whenever you cast a noncreature spell, this creature gets +1/+0 until end of turn and can't be blocked this turn.",2017-11-17
376,1,Elvish Doomsayer,CMR,Commander Legends,120,normal,common,en,0.3,EUR,7b1264d2-c7c8-477f-84f6-c17b422aa45e,Creature — Elf Shaman,{1}{B},2.0,"[""B""]","[""B""]","When this creature dies, each opponent discards a card.",2020-11-20
723,5,Elvish Mystic,DDU,Duel Decks: Elves vs. Inventors,7,normal,common,en,1.28,EUR,d618c3ea-f823-4fe0-8e11-65d5965528d3,Creature — Elf Druid,{G},1.0,"[""G""]","[""G""]",{T}: Add {G}.,2018-04-06
724,1,Elvish Refueler,DFT,Aetherdrift,161,normal,uncommon,en,0.3,EUR,25dfbcb6-9b67-4151-b10f-dde70c5fd16d,Creature — Elf Druid,{2}{G},3.0,"[""G""]","[""G""]","During your turn, as long as you haven't activated an exhaust ability this turn, you may activate exhaust abilities as though they haven't been activated.
Exhaust — {1}{G}: Put a +1/+1 counter on this creature. (Activate each exhaust ability only once.)",2025-02-14
725,2,Elvish Visionary,BBD,Battlebond,196,normal,common,en,0.3,EUR,809051a2-398f-4f02-8510-d56711d60551,Creature — Elf Shaman,{1}{G},2.0,"[""G""]","[""G""]","When this creature enters, draw a card.",2018-06-08
1122,1,Ember Swallower,THS,Theros,120,normal,rare,en,0.42,EUR,e2715851-9def-42a0-bed4-0923e599e19a,Creature — Elemental,{2}{R}{R},4.0,"[""R""]","[""R""]","{5}{R}{R}: Monstrosity 3. (If this creature isn't monstrous, put three +1/+1 counters on it and it becomes monstrous.)
When this creature becomes monstrous, each player sacrifices three lands of their choice.",2013-09-27
1123,1,Embereth Veteran,WOE,Wilds of Eldraine,127,normal,uncommon,en,0.3,EUR,bc7130b8-3168-421f-912a-46ed5b769807,Creature — Human Knight,{R},1.0,"[""R""]","[""R""]","{1}, Sacrifice this creature: Create a Young Hero Role token attached to another target creature. (If you control another Role on it, put that one into the graveyard. Enchanted creature has ""Whenever this creature attacks, if its toughness is 3 or less, put a +1/+1 counter on it."")",2023-09-08
1124,1,Embodiment of Fury,OGW,Oath of the Gatewatch,107,normal,uncommon,en,0.68,EUR,92f385d1-a6c5-40b7-bc90-6f71b6f815e7,Creature — Elemental,{3}{R},4.0,"[""R""]","[""R""]","Trample
Land creatures you control have trample.
Landfall — Whenever a land you control enters, you may have target land you control become a 3/3 Elemental creature with haste until end of turn. It's still a land.",2016-01-22
377,1,Emergency Weld,BRO,The Brothers' War,93,normal,common,en,0.3,EUR,ec94d440-3922-4588-bf7b-d8670f81ef4e,Sorcery,{1}{B},2.0,"[""B""]","[""B""]",Return target artifact or creature card from your graveyard to your hand. Create a 1/1 colorless Soldier artifact creature token.,2022-11-18
1532,4,Encrust,M15,Magic 2015,53,normal,common,en,0.3,EUR,f531a657-9e60-453a-b72c-2ba04913698f,Enchantment — Aura,{1}{U}{U},3.0,"[""U""]","[""U""]","Enchant artifact or creature
Enchanted permanent doesn't untap during its controller's untap step and its activated abilities can't be activated.",2014-07-18
378,1,Endless Obedience,M15,Magic 2015,94,normal,uncommon,en,0.3,EUR,c70ceae6-8b25-4ce2-b89b-45300401fec5,Sorcery,{4}{B}{B},6.0,"[""B""]","[""B""]","Convoke (Your creatures can help cast this spell. Each creature you tap while casting this spell pays for {1} or one mana of that creature's color.)
Put target creature card from a graveyard onto the battlefield under your control.",2014-07-18
1533,1,Enlightened Maniac,EMN,Eldritch Moon,58,normal,common,en,0.3,EUR,a6e692b8-f71d-485b-b37b-71259dc6c48e,Creature — Human,{3}{U},4.0,"[""U""]","[""U""]","When this creature enters, create a 3/2 colorless Eldrazi Horror creature token.",2016-07-22
2466,1,Enraged Flamecaster,ECL,Lorwyn Eclipsed,135,normal,common,en,0.3,EUR,104baa2c-75c5-44fc-a3b9-b19efcf3d7c2,Creature — Elemental Sorcerer,{2}{R},3.0,"[""R""]","[""R""]","Reach
Whenever you cast a spell with mana value 4 or greater, this creature deals 2 damage to each opponent.",2026-01-23
1534,1,Ensoul Artifact,M15,Magic 2015,54,normal,uncommon,en,0.3,EUR,8351efc5-a392-4ec8-877f-15d5b3dc0929,Enchantment — Aura,{1}{U},2.0,"[""U""]","[""U""]","Enchant artifact
Enchanted artifact is a creature with base power and toughness 5/5 in addition to its other types.",2014-07-18
63,1,Ent-Draught Basin,LTR,The Lord of the Rings: Tales of Middle-earth,238,normal,uncommon,en,0.3,EUR,1500126f-fbe4-4c39-bb06-1a36e2c4682f,Artifact,{2},2.0,[],[],"{X}, {T}: Put a +1/+1 counter on target creature with power X. Activate only as a sorcery.",2023-06-23
1535,2,Enter the Enigma,DSK,Duskmourn: House of Horror,52,normal,common,en,0.68,EUR,cf5479c7-9e46-4a57-abe7-8cc670de89e4,Sorcery,{U},1.0,"[""U""]","[""U""]","Target creature can't be blocked this turn.
Draw a card.",2024-09-27
1125,3,Enterprising Scallywag,LCI,The Lost Caverns of Ixalan,148,normal,uncommon,en,0.3,EUR,44420f52-2ed8-4f81-93e4-5decc77bed01,Creature — Goblin Pirate,{1}{R},2.0,"[""R""]","[""R""]","At the beginning of your end step, if you descended this turn, create a Treasure token. (You descended if a permanent card was put into your graveyard from anywhere.)",2023-11-17
1126,1,Enthralling Victor,BBD,Battlebond,176,normal,uncommon,en,0.3,EUR,559a4875-2c91-4013-afc9-7832d8e1e818,Creature — Human Warrior,{3}{R},4.0,"[""R""]","[""R""]","When this creature enters, gain control of target creature an opponent controls with power 2 or less until end of turn. Untap that creature. It gains haste until end of turn. (It can attack and {T} this turn.)",2018-06-08
1429,1,Enthusiastic Mechanaut,NEO,Kamigawa: Neon Dynasty,509,normal,uncommon,en,1.28,EUR,15a43b94-4425-47ab-9e9f-9287aa9a807e,Artifact Creature — Goblin Artificer,{U}{R},2.0,"[""R"",""U""]","[""R"",""U""]","Flying
Artifact spells you cast cost {1} less to cast.",2022-02-18
379,4,Entomb,UMA,Ultimate Masters,94,normal,rare,en,14.6,EUR,d66f864b-b1bb-4596-93b8-3b4bfe6b1332,Instant,{B},1.0,"[""B""]","[""B""]","Search your library for a card, put that card into your graveyard, then shuffle.",2018-12-07
1808,1,Ephara's Enlightenment,BNG,Born of the Gods,146,normal,uncommon,en,0.3,EUR,6e480d04-9a35-463e-928e-8da3556629e6,Enchantment — Aura,{1}{W}{U},3.0,"[""U"",""W""]","[""U"",""W""]","Enchant creature
When this Aura enters, put a +1/+1 counter on enchanted creature.
Enchanted creature has flying.
Whenever a creature you control enters, you may return this Aura to its owner's hand.",2014-02-07
1931,2,Ephara's Radiance,BNG,Born of the Gods,9,normal,common,en,0.3,EUR,e0741582-0c7b-4d5b-83a9-dd8862de1f24,Enchantment — Aura,{W},1.0,"[""W""]","[""W""]","Enchant creature
Enchanted creature has ""{1}{W}, {T}: You gain 3 life.""",2014-02-07
1932,4,Ephemeral Shields,M15,Magic 2015,11,normal,common,en,0.3,EUR,04f9c2cc-2516-43d5-a7dc-27509f402077,Instant,{1}{W},2.0,"[""W""]","[""W""]","Convoke (Your creatures can help cast this spell. Each creature you tap while casting this spell pays for {1} or one mana of that creature's color.)
Target creature gains indestructible until end of turn. (Damage and effects that say ""destroy"" don't destroy it.)",2014-07-18
2313,1,Epic Downfall,TLA,Avatar: The Last Airbender,96,normal,uncommon,en,0.3,EUR,3b4a6804-04f5-4467-bb1c-9466a47bc55f,Sorcery,{1}{B},2.0,"[""B""]","[""B""]",Exile target creature with mana value 3 or greater.,2025-11-21
1127,1,Epiphany Storm,BNG,Born of the Gods,91,normal,common,en,0.3,EUR,dd3a0128-4499-498d-9721-b1fd70ea84b4,Enchantment — Aura,{R},1.0,"[""R""]","[""R""]","Enchant creature
Enchanted creature has ""{R}, {T}, Discard a card: Draw a card.""",2014-02-07
726,1,Equestrian Skill,SOI,Shadows over Innistrad,204,normal,common,en,0.3,EUR,f9af14d1-a304-4744-9d6f-9ff5fcd92ad3,Enchantment — Aura,{3}{G},4.0,"[""G""]","[""G""]","Enchant creature
Enchanted creature gets +3/+3.
As long as enchanted creature is a Human, it has trample.",2016-04-08
380,1,Erebos's Emissary,THS,Theros,86,normal,uncommon,en,0.3,EUR,5aa96f63-d5c3-47d3-a54d-a67883406fc5,Enchantment Creature — Snake,{3}{B},4.0,"[""B""]","[""B""]","Bestow {5}{B} (If you cast this card for its bestow cost, it's an Aura spell with enchant creature. It becomes a creature again if it's not attached.)
Discard a creature card: This creature gets +2/+2 until end of turn. If this permanent is an Aura, enchanted creature gets +2/+2 until end of turn instead.
Enchanted creature gets +3/+3.",2013-09-27
381,1,Eriette's Whisper,WOE,Wilds of Eldraine,88,normal,common,en,0.3,EUR,dfed2acf-9ac8-447b-94f5-7db3a713c991,Sorcery,{3}{B},4.0,"[""B""]","[""B""]","Target opponent discards two cards. Create a Wicked Role token attached to up to one target creature you control. (If you control another Role on it, put that one into the graveyard. Enchanted creature gets +1/+1. When this token is put into a graveyard, each opponent loses 1 life.)",2023-09-08
602,1,Erstwhile Trooper,GRN,Guilds of Ravnica,169,normal,common,en,0.3,EUR,351ee4ba-882d-48c1-837d-e9eccc5bc50d,Creature — Zombie Soldier,{1}{B}{G},3.0,"[""B"",""G""]","[""B"",""G""]",Discard a creature card: This creature gets +2/+2 and gains trample until end of turn. Activate only once each turn.,2018-10-05
1933,1,Escape from Orthanc,LTR,The Lord of the Rings: Tales of Middle-earth,12,normal,common,en,0.3,EUR,f4ff3330-dcca-4435-87e7-871be91a68b0,Instant,{W},1.0,"[""W""]","[""W""]",Target creature gets +1/+3 and gains flying until end of turn. Untap it.,2023-06-23
1430,1,Essence Backlash,RTR,Return to Ravnica,160,normal,common,en,0.3,EUR,a98609dc-ea90-4c7e-a191-5e5d0ba16847,Instant,{2}{U}{R},4.0,"[""R"",""U""]","[""R"",""U""]",Counter target creature spell. Essence Backlash deals damage equal to that spell's power to its controller.,2012-10-05
1536,1,Essence Capture,RNA,Ravnica Allegiance,37,normal,uncommon,en,0.3,EUR,ce137910-0f0e-4f94-9b95-6e0eeeba164e,Instant,{U}{U},2.0,"[""U""]","[""U""]",Counter target creature spell. Put a +1/+1 counter on up to one target creature you control.,2019-01-25
64,1,Essence Depleter,OGW,Oath of the Gatewatch,69,normal,uncommon,en,0.3,EUR,996da623-1c34-4545-a800-648238ea91ae,Creature — Eldrazi Drone,{2}{B},3.0,[],"[""B""]","Devoid (This card has no color.)
{1}{C}: Target opponent loses 1 life and you gain 1 life. ({C} represents colorless mana.)",2016-01-22
382,1,Essence Drain,M13,Magic 2013,93,normal,common,en,0.3,EUR,58df0c6d-3fd2-4d87-81e2-6640e6e75985,Sorcery,{4}{B},5.0,"[""B""]","[""B""]",Essence Drain deals 3 damage to any target and you gain 3 life.,2012-07-13
1537,1,Essence Scatter,M19,Core Set 2019,54,normal,common,en,0.3,EUR,975f61eb-a121-4f43-93a4-c6f20c6aee84,Instant,{1}{U},2.0,"[""U""]","[""U""]",Counter target creature spell.,2018-07-13
383,3,Eternal Thirst,IMA,Iconic Masters,89,normal,common,en,0.34,EUR,14ab1802-1756-44cf-8cf5-ca69f24875f2,Enchantment — Aura,{1}{B},2.0,"[""B""]","[""B""]","Enchant creature
Enchanted creature has lifelink and ""Whenever a creature an opponent controls dies, put a +1/+1 counter on this creature."" (Damage dealt by a creature with lifelink also causes its controller to gain that much life.)",2017-11-17
1538,1,Eternal of Harsh Truths,HOU,Hour of Devastation,34,normal,uncommon,en,0.3,EUR,0389daf7-0818-488f-8e6a-94818a6c94a6,Creature — Zombie Cleric,{2}{U},3.0,"[""U""]","[""U""]","Afflict 2 (Whenever this creature becomes blocked, defending player loses 2 life.)
Whenever this creature attacks and isn't blocked, draw a card.",2017-07-14
1539,2,Eternity Snare,BNG,Born of the Gods,37,normal,uncommon,en,0.3,EUR,fa167147-68ca-49af-98d3-538474ea1158,Enchantment — Aura,{5}{U},6.0,"[""U""]","[""U""]","Enchant creature
When this Aura enters, draw a card.
Enchanted creature doesn't untap during its controller's untap step.",2014-02-07
1014,1,Ethereal Ambush,FRF,Fate Reforged,152,normal,common,en,0.3,EUR,825d3f4d-eba3-4c45-8846-03b246e93f6c,Instant,{3}{G}{U},5.0,"[""G"",""U""]","[""G"",""U""]","Manifest the top two cards of your library. (To manifest a card, put it onto the battlefield face down as a 2/2 creature. Turn it face up any time for its mana cost if it's a creature card.)",2015-01-23
1934,1,Ethereal Guidance,SOI,Shadows over Innistrad,18,normal,common,en,0.3,EUR,f47dd220-6193-4e31-a1df-591b6424ad27,Sorcery,{2}{W},3.0,"[""W""]","[""W""]",Creatures you control get +2/+1 until end of turn.,2016-04-08
1540,1,Ethersworn Adjudicator,C16,Commander 2016,90,normal,mythic,en,0.85,EUR,f84cedf6-2ad7-4b94-95b3-70deb03ef23b,Artifact Creature — Vedalken Knight,{4}{U},5.0,"[""U""]","[""B"",""U"",""W""]","Flying
{1}{W}{B}, {T}: Destroy target creature or enchantment.
{2}{U}: Untap this creature.",2016-11-11
1541,1,Evanescent Intellect,BNG,Born of the Gods,38,normal,common,en,0.3,EUR,d38cfe97-77b3-4423-95ac-88eb850cf854,Enchantment — Aura,{U},1.0,"[""U""]","[""U""]","Enchant creature
Enchanted creature has ""{1}{U}, {T}: Target player mills three cards.""",2014-02-07
625,1,Evangel of Synthesis,BRO,The Brothers' War,209,normal,uncommon,en,0.3,EUR,e8b60003-a987-49b0-a0f8-bb825c97da4d,Creature — Phyrexian Human Cleric,{U}{B},2.0,"[""B"",""U""]","[""B"",""U""]","When this creature enters, draw a card, then discard a card.
As long as you've drawn two or more cards this turn, this creature gets +1/+0 and has menace.",2022-11-18
2469,1,Evershrike's Gift,ECL,Lorwyn Eclipsed,15,normal,uncommon,en,0.3,EUR,231e46b6-b91a-4582-8894-e7de1c50213f,Enchantment — Aura,{W},1.0,"[""W""]","[""W""]","Enchant creature
Enchanted creature gets +1/+0 and has flying.
{1}{W}, Blight 2: Return this card from your graveyard to your hand. Activate only as a sorcery. (To blight 2, put two -1/-1 counters on a creature you control.)",2026-01-23
384,2,Evil Reawakened,FIN,Final Fantasy,98,normal,uncommon,en,0.3,EUR,eb98cbc3-749c-44f4-974c-00be1286d69e,Sorcery,{4}{B},5.0,"[""B""]","[""B""]",Return target creature card from your graveyard to the battlefield with two additional +1/+1 counters on it.,2025-06-13
385,2,Eviscerate,DOM,Dominaria,91,normal,common,en,0.3,EUR,62ba90b8-3a30-4058-b8d3-72900b1f4fe0,Sorcery,{3}{B},4.0,"[""B""]","[""B""]",Destroy target creature.,2018-04-27
65,18,Evolving Wilds,C19,Commander 2019,241,normal,common,en,0.3,EUR,b6f4f0c7-63c8-4d43-9ccb-920733980de0,Land,,0.0,[],[],"{T}, Sacrifice this land: Search your library for a basic land card, put it onto the battlefield tapped, then shuffle.",2019-08-23
2389,1,Evolving Wilds,ECL,Lorwyn Eclipsed,264,normal,common,en,0.3,EUR,8c632984-5176-4c37-91df-6577cc294b85,Land,,0.0,[],[],"{T}, Sacrifice this land: Search your library for a basic land card, put it onto the battlefield tapped, then shuffle.",2026-01-23
1128,1,Excavation Explosion,BRO,The Brothers' War,132,normal,common,en,0.3,EUR,a169612e-f5de-4653-bc31-9ede8c5bdc75,Sorcery,{2}{R},3.0,"[""R""]","[""R""]","Excavation Explosion deals 3 damage to any target. Create a tapped Powerstone token. (It's an artifact with ""{T}: Add {C}. This mana can't be spent to cast a nonartifact spell."")",2022-11-18
1935,1,Excommunicate,M11,Magic 2011,14,normal,common,en,0.3,EUR,8aec6e3f-bc90-4e21-a087-330f7e072fc6,Sorcery,{2}{W},3.0,"[""W""]","[""W""]",Put target creature on top of its owner's library.,2010-07-16
1936,3,Excoriate,E01,Archenemy: Nicol Bolas,5,normal,common,en,0.3,EUR,ba8db734-1923-40e9-821b-17b534ba5995,Sorcery,{3}{W},4.0,"[""W""]","[""W""]",Exile target tapped creature.,2017-06-16
386,1,Executioner's Capsule,C16,Commander 2016,109,normal,common,en,0.42,EUR,81c1fe5e-375a-4ca0-a0fe-a3b0d36b0e7c,Artifact,{B},1.0,"[""B""]","[""B""]","{1}{B}, {T}, Sacrifice this artifact: Destroy target nonblack creature.",2016-11-11
1129,2,Exhibition Magician,SNC,Streets of New Capenna,106,normal,common,en,0.3,EUR,cbb4479f-3157-44b4-b18b-7553c7513118,Creature — Human Wizard,{2}{R},3.0,"[""R""]","[""R""]","When this creature enters, choose one —
• Create a 1/1 green and white Citizen creature token.
• Create a Treasure token. (It's an artifact with ""{T}, Sacrifice this token: Add one mana of any color."")",2022-04-29
387,5,Exhume,PD3,Premium Deck Series: Graveborn,17,foil,common,en,3.43,EUR,84d885c0-5271-4ba0-8d63-fa3f72693399,Sorcery,{1}{B},2.0,"[""B""]","[""B""]",Each player puts a creature card from their graveyard onto the battlefield.,2011-11-18
1542,1,Expendable Lackey,SNC,Streets of New Capenna,43,normal,common,en,0.3,EUR,9515329a-0738-4b23-a326-ff417f47da77,Creature — Human Citizen,{U},1.0,"[""U""]","[""U""]","{1}{U}, Exile this card from your graveyard: Create a 1/1 blue Fish creature token with ""This token can't be blocked."" Activate only as a sorcery.",2022-04-29
1543,1,Experimental Aviator,KLD,Kaladesh,46,normal,uncommon,en,0.3,EUR,962dc573-612d-434b-82fb-af9c3e3c9aca,Creature — Human Artificer,{3}{U}{U},5.0,"[""U""]","[""U""]","Flying
When this creature enters, create two 1/1 colorless Thopter artifact creature tokens with flying.",2016-09-30
727,2,Explorer's Cache,LCI,The Lost Caverns of Ixalan,184,normal,uncommon,en,0.3,EUR,86b36214-9c7e-4a24-93d4-17b2d00cbc51,Artifact,{1}{G},2.0,"[""G""]","[""G""]","This artifact enters with two +1/+1 counters on it.
Whenever a creature you control with a +1/+1 counter on it dies, put a +1/+1 counter on this artifact.
{T}: Move a +1/+1 counter from this artifact onto target creature. Activate only as a sorcery.",2023-11-17
66,1,Explosive Apparatus,M19,Core Set 2019,233,normal,common,en,0.3,EUR,608f431b-a05c-4610-94f7-928d87b2c056,Artifact,{1},1.0,[],[],"{3}, {T}, Sacrifice this artifact: It deals 2 damage to any target.",2018-07-13
1937,1,Expose Evil,SOI,Shadows over Innistrad,19,normal,common,en,0.3,EUR,9de0341a-cd45-439c-adc2-8d24c47c4bd5,Instant,{1}{W},2.0,"[""W""]","[""W""]","Tap up to two target creatures.
Investigate. (Create a Clue token. It's an artifact with ""{2}, Sacrifice this token: Draw a card."")",2016-04-08
388,1,Extract the Truth,SNC,Streets of New Capenna,78,normal,common,en,0.3,EUR,2bdb9df1-4475-45e7-bc9c-40937c8c1722,Sorcery,{1}{B},2.0,"[""B""]","[""B""]","Choose one —
• Target opponent reveals their hand. You may choose a creature, enchantment, or planeswalker card from it. That player discards that card.
• Target opponent sacrifices an enchantment of their choice.",2022-04-29
389,2,Eye Gouge,BNG,Born of the Gods,67,normal,common,en,0.3,EUR,94d4eb34-0529-48a0-ac52-b57cead7b651,Instant,{B},1.0,"[""B""]","[""B""]","Target creature gets -1/-1 until end of turn. If it's a Cyclops, destroy it.",2014-02-07
1544,2,Eye of Nowhere,CHK,Champions of Kamigawa,59,normal,common,en,0.3,EUR,b307af89-1890-4fac-a12e-f8a678f1101f,Sorcery — Arcane,{U}{U},2.0,"[""U""]","[""U""]",Return target permanent to its owner's hand.,2004-10-01
1545,1,Fact or Fiction,C19,Commander 2019,85,normal,uncommon,en,0.3,EUR,d7a7a247-51bd-4244-81c7-2b406a23cc69,Instant,{3}{U},4.0,"[""U""]","[""U""]",Reveal the top five cards of your library. An opponent separates those cards into two piles. Put one pile into your hand and the other into your graveyard.,2019-08-23
728,4,Fade into Antiquity,CN2,Conspiracy: Take the Crown,181,normal,common,en,0.3,EUR,d74b6f74-9021-467a-974f-8b04ed1bac9a,Sorcery,{2}{G},3.0,"[""G""]","[""G""]",Exile target artifact or enchantment.,2016-08-26
1546,1,Fae Flight,MKM,Murders at Karlov Manor,295,normal,uncommon,en,0.42,EUR,51724cc6-edf7-490d-8039-b11b91ae1eb4,Enchantment — Aura,{1}{U},2.0,"[""U""]","[""U""]","Flash
Enchant creature
When this Aura enters, enchanted creature gains hexproof until end of turn.
Enchanted creature gets +1/+0 and has flying.",2024-02-09
390,1,Faerie Fencing,WOE,Wilds of Eldraine,90,normal,uncommon,en,0.3,EUR,6bdcaf24-4352-47cf-a043-899be47ab1bb,Instant,{X}{B},1.0,"[""B""]","[""B""]",Target creature gets -X/-X until end of turn. That creature gets an additional -3/-3 until end of turn if you controlled a Faerie as you cast this spell.,2023-09-08
1547,1,Faerie Invaders,DDN,Duel Decks: Speed vs. Cunning,57,normal,common,en,0.3,EUR,5546fbd6-908d-46be-8d17-9470842f78a7,Creature — Faerie Rogue,{4}{U},5.0,"[""U""]","[""U""]","Flash (You may cast this spell any time you could cast an instant.)
Flying",2014-09-05
1548,1,Faerie Trickery,LRW,Lorwyn,62,normal,common,en,0.42,EUR,defb9f0b-195e-4aeb-92c1-8f827ad6724b,Kindred Instant — Faerie,{1}{U}{U},3.0,"[""U""]","[""U""]","Counter target non-Faerie spell. If that spell is countered this way, exile it instead of putting it into its owner's graveyard.",2007-10-12
1549,1,Faerie Vandal,ELD,Throne of Eldraine,45,normal,uncommon,en,0.3,EUR,789c5c2b-3e51-4f6c-ac76-d276facf716f,Creature — Faerie Rogue,{1}{U},2.0,"[""U""]","[""U""]","Flash (You may cast this spell any time you could cast an instant.)
Flying
Whenever you draw your second card each turn, put a +1/+1 counter on this creature.",2019-10-04
1550,1,Failed Inspection,KLD,Kaladesh,47,normal,common,en,0.3,EUR,f8900f91-cb17-4f99-a5ce-15819369beb8,Instant,{2}{U}{U},4.0,"[""U""]","[""U""]","Counter target spell. Draw a card, then discard a card.",2016-09-30
729,1,Fairgrounds Trumpeter,KLD,Kaladesh,155,normal,uncommon,en,0.3,EUR,65983338-8806-4386-94a6-4670eb853848,Creature — Elephant,{2}{G},3.0,"[""G""]","[""G""]","At the beginning of each end step, if a +1/+1 counter was put on a permanent under your control this turn, put a +1/+1 counter on this creature.",2016-09-30
1130,1,Fall of the Hammer,CM2,Commander Anthology Volume II,97,normal,common,en,0.3,EUR,6b40108a-c9b6-4364-9d5a-c87a9cc4e94b,Instant,{1}{R},2.0,"[""R""]","[""R""]",Target creature you control deals damage equal to its power to another target creature.,2018-06-08
67,1,Fallaji Dragon Engine,BRO,The Brothers' War,159,normal,uncommon,en,0.3,EUR,f7761ed0-a784-4dfb-ab6c-0f4b9a411cf3,Artifact Creature — Dragon,{8},8.0,[],"[""R""]","Prototype {2}{R} — 1/3 (You may cast this spell with different mana cost, color, and size. It keeps its abilities and types.)
Flying
{2}: This creature gets +1/+0 until end of turn.",2022-11-18
730,1,Fallaji Excavation,BRO,The Brothers' War,178,normal,uncommon,en,0.3,EUR,ac75c41f-82dc-4b06-a233-9b74ea177a3d,Sorcery,{3}{G}{G},5.0,"[""G""]","[""G""]","Create three tapped Powerstone tokens. You gain 3 life. (The tokens are artifacts with ""{T}: Add {C}. This mana can't be spent to cast a nonartifact spell."")",2022-11-18
1442,1,Fallaji Vanguard,BRO,The Brothers' War,210,normal,uncommon,en,0.3,EUR,ffe9ee1c-5eb3-4d63-a641-0ec5adf7b058,Creature — Human Soldier,{2}{R}{W},4.0,"[""R"",""W""]","[""R"",""W""]","First strike
Whenever this creature or another creature you control enters, target creature gets +2/+0 until end of turn.",2022-11-18
2229,4,Fallen Angel,A25,Masters 25,91,normal,uncommon,en,0.3,EUR,d3baa621-1b50-4a7f-9ed4-4ae0e0e9e4e7,Creature — Angel,{3}{B}{B},5.0,"[""B""]","[""B""]","Flying
Sacrifice a creature: This creature gets +2/+1 until end of turn.",2018-03-16
2297,1,Fancy Footwork,TLA,Avatar: The Last Airbender,19,normal,uncommon,en,0.3,EUR,9c59f8c5-4063-4e5a-b684-fde175c4a981,Instant — Lesson,{2}{W},3.0,"[""W""]","[""W""]",Untap one or two target creatures. They each get +2/+2 until end of turn.,2025-11-21
731,1,Fang of Shigeki,NEO,Kamigawa: Neon Dynasty,183,normal,common,en,0.3,EUR,2dd0fef1-209f-4de5-a736-8f9bca2faa0a,Enchantment Creature — Snake Ninja,{G},1.0,"[""G""]","[""G""]",Deathtouch,2022-02-18
1938,1,"Faramir, Field Commander",LTR,The Lord of the Rings: Tales of Middle-earth,14,normal,uncommon,en,0.3,EUR,17c2250a-9af1-40de-9f09-7e8c7daec520,Legendary Creature — Human Soldier,{3}{W},4.0,"[""W""]","[""W""]","At the beginning of your end step, if a creature died under your control this turn, draw a card.
Whenever the Ring tempts you, if you chose a creature other than Faramir as your Ring-bearer, create a 1/1 white Human Soldier creature token.",2023-06-23
1809,1,Farm // Market,C19,Commander 2019,192,normal,uncommon,en,0.3,EUR,fe3b32dc-f7e6-455c-b9d1-c7f8d6259179,Instant // Sorcery,{2}{W} // {2}{U},6.0,"[""U"",""W""]","[""U"",""W""]",,2019-08-23
1551,1,Fate Foretold,THS,Theros,48,normal,common,en,0.3,EUR,90d3ef99-6c86-4d70-a9a4-9c3cd4eb9538,Enchantment — Aura,{1}{U},2.0,"[""U""]","[""U""]","Enchant creature
When this Aura enters, draw a card.
When enchanted creature dies, its controller draws a card.",2013-09-27
1939,2,Fate Forgotten,DTK,Dragons of Tarkir,17,normal,common,en,0.3,EUR,9b2161d9-ad52-45a6-9be9-e7ff09ec8f5a,Instant,{2}{W},3.0,"[""W""]","[""W""]",Exile target artifact or enchantment.,2015-03-27
1940,2,Fate of the Sun-Cryst,FIN,Final Fantasy,19,normal,common,en,0.3,EUR,900cdf11-b42e-4dcc-97c3-2e4d8e406a70,Instant,{4}{W},5.0,"[""W""]","[""W""]","This spell costs {2} less to cast if it targets a tapped creature.
Destroy target nonland permanent.",2025-06-13
1941,2,Fated Retribution,BNG,Born of the Gods,11,normal,rare,en,0.42,EUR,8158b330-2868-4147-907e-4d86e44cfaad,Instant,{4}{W}{W}{W},7.0,"[""W""]","[""W""]","Destroy all creatures and planeswalkers. If it's your turn, scry 2.",2014-02-07
1131,1,Faultgrinder,CMD,Commander 2011,122,normal,common,en,0.3,EUR,b66ca1a0-d638-48df-8474-143228c23382,Creature — Elemental,{6}{R},7.0,"[""R""]","[""R""]","Trample
When this creature enters, destroy target land.
Evoke {4}{R} (You may cast this spell for its evoke cost. If you do, it's sacrificed when it enters.)",2011-06-17
732,2,Favor of Jukai,NEO,Kamigawa: Neon Dynasty,184,normal,common,en,0.3,EUR,1013266a-81f4-4441-8dcf-2764d14afceb,Enchantment — Aura,{3}{G},4.0,"[""G""]","[""G""]","Enchant artifact or creature
As long as enchanted permanent is a creature, it gets +3/+3 and has reach.
Channel — {1}{G}, Discard this card: Target creature gets +3/+3 and gains reach until end of turn.",2022-02-18
1552,1,Fear of Falling,DSK,Duskmourn: House of Horror,56,normal,uncommon,en,0.3,EUR,0e814e48-cd9d-428f-90e2-74d97cb9c8f1,Enchantment Creature — Nightmare,{3}{U}{U},5.0,"[""U""]","[""U""]","Flying
Whenever this creature attacks, target creature defending player controls gets -2/-0 and loses flying until your next turn.",2024-09-27
1132,1,Fearless Halberdier,M20,Core Set 2020,329,normal,common,en,0.3,EUR,89f08297-f477-4330-a99e-3f0847c31364,Creature — Human Warrior,{2}{R},3.0,"[""R""]","[""R""]",,2019-07-12
1133,1,Fearsome Temper,BNG,Born of the Gods,95,normal,common,en,0.3,EUR,c6e7884c-2d66-42d1-87d1-1341a6fa52d8,Enchantment — Aura,{2}{R},3.0,"[""R""]","[""R""]","Enchant creature
Enchanted creature gets +2/+2 and has ""{2}{R}: Target creature can't block this creature this turn.""",2014-02-07
391,2,Feast on the Fallen,M15,Magic 2015,96,normal,uncommon,en,0.3,EUR,d96a9227-14ce-4d35-b5e6-0d0c657207c0,Enchantment,{2}{B},3.0,"[""B""]","[""B""]","At the beginning of each upkeep, if an opponent lost life last turn, put a +1/+1 counter on target creature you control.",2014-07-18
2446,1,Feed the Flames,ECL,Lorwyn Eclipsed,137,normal,common,en,0.3,EUR,59740755-c353-4b6c-a84c-3b76133ce3ec,Instant,{3}{R},4.0,"[""R""]","[""R""]","Feed the Flames deals 5 damage to target creature. If that creature would die this turn, exile it instead.",2026-01-23
2312,1,Feed the Swarm,TLE,Avatar: The Last Airbender Eternal,257,normal,common,en,0.59,EUR,2246c098-1071-4cc3-a60a-802406e2827b,Sorcery,{1}{B},2.0,"[""B""]","[""B""]",Destroy target creature or enchantment an opponent controls. You lose life equal to that permanent's mana value.,2025-11-21
392,2,Feed the Swarm,ZNR,Zendikar Rising,102,normal,common,en,0.59,EUR,f6b2eba7-862a-4efd-9f65-065fb2070855,Sorcery,{1}{B},2.0,"[""B""]","[""B""]",Destroy target creature or enchantment an opponent controls. You lose life equal to that permanent's mana value.,2020-09-25
2380,1,Feisty Spikeling,ECL,Lorwyn Eclipsed,223,normal,common,en,0.3,EUR,f69f3a27-ecda-4d27-82fe-612ed57dbb28,Creature — Shapeshifter,{1}{R/W},2.0,"[""R"",""W""]","[""R"",""W""]","Changeling (This card is every creature type.)
During your turn, this creature has first strike.",2026-01-23
393,2,Felhide Brawler,BNG,Born of the Gods,70,normal,common,en,0.3,EUR,4a829bb0-6a84-46de-9c2d-14176cf542e6,Creature — Minotaur,{1}{B},2.0,"[""B""]","[""B""]",This creature can't block unless you control another Minotaur.,2014-02-07
394,2,Felhide Minotaur,THS,Theros,87,normal,common,en,0.3,EUR,b4e424de-81be-4f90-a7a2-4102c8ba8989,Creature — Minotaur,{2}{B},3.0,"[""B""]","[""B""]",,2013-09-27
1942,1,Felidar Cub,BFZ,Battle for Zendikar,25,normal,common,en,0.3,EUR,ea76a183-e15c-4968-b29d-91c074aa8681,Creature — Cat Beast,{1}{W},2.0,"[""W""]","[""W""]",Sacrifice this creature: Destroy target enchantment.,2015-10-02
395,1,Fell Horseman // Deathly Ride,WOE,Wilds of Eldraine,92,normal,common,en,0.3,EUR,43bb3890-4013-48be-8cb5-54fd8fd8ec52,Creature — Zombie Knight // Sorcery — Adventure,{3}{B} // {1}{B},4.0,"[""B""]","[""B""]",,2023-09-08
1134,1,Fencer's Magemark,GPT,Guildpact,65,normal,common,en,0.3,EUR,318a33fb-8b36-4dad-9eef-e0e601723f78,Enchantment — Aura,{2}{R},3.0,"[""R""]","[""R""]","Enchant creature
Creatures you control that are enchanted get +1/+1 and have first strike.",2006-02-03
396,1,Feral Abomination,M20,Core Set 2020,101,normal,common,en,0.3,EUR,b2890cb5-7899-42f4-9686-a8b5ac796c23,Creature — Thrull,{5}{B},6.0,"[""B""]","[""B""]",Deathtouch (Any amount of damage this deals to a creature is enough to destroy it.),2019-07-12
733,3,Feral Incarnation,M15,Magic 2015,174,normal,uncommon,en,0.3,EUR,d8c0c7e7-81f5-4e75-8120-95488fd6ff60,Sorcery,{8}{G},9.0,"[""G""]","[""G""]","Convoke (Your creatures can help cast this spell. Each creature you tap while casting this spell pays for {1} or one mana of that creature's color.)
Create three 3/3 green Beast creature tokens.",2014-07-18
734,1,Feral Invocation,M20,Core Set 2020,170,normal,common,en,0.3,EUR,c2d08b7a-4ed9-4e4c-a52e-9bf2a16420a9,Enchantment — Aura,{2}{G},3.0,"[""G""]","[""G""]","Flash (You may cast this spell any time you could cast an instant.)
Enchant creature
Enchanted creature gets +2/+2.",2019-07-12
68,1,Fertile Thicket,DDR,Duel Decks: Nissa vs. Ob Nixilis,27,normal,common,en,0.3,EUR,c30fb2f1-f0a6-430f-86e5-817b55da469e,Land,,0.0,[],"[""G""]","This land enters tapped.
When this land enters, you may look at the top five cards of your library. If you do, reveal up to one basic land card from among them, then put that card on top of your library and the rest on the bottom in any order.
{T}: Add {G}.",2016-09-02
1135,3,Fervent Strike,DOM,Dominaria,117,normal,common,en,0.3,EUR,e4f76e51-a726-4a5f-ae2b-2e826e89f5f7,Instant,{R},1.0,"[""R""]","[""R""]",Target creature gets +1/+0 and gains first strike and haste until end of turn.,2018-04-27
397,3,Festergloom,CN2,Conspiracy: Take the Crown,135,normal,common,en,0.3,EUR,5da1371f-8888-4428-b3f4-d8f07e12f91b,Sorcery,{2}{B},3.0,"[""B""]","[""B""]",Nonblack creatures get -1/-1 until end of turn.,2016-08-26
1943,1,Feudkiller's Verdict,MMA,Modern Masters,15,normal,uncommon,en,0.34,EUR,f2993319-5b3d-48ca-b78d-563a8b66d76d,Kindred Sorcery — Giant,{4}{W}{W},6.0,"[""W""]","[""W""]","You gain 10 life. Then if you have more life than an opponent, create a 5/5 white Giant Warrior creature token.",2013-06-07
735,2,Fiddlehead Kami,SOK,Saviors of Kamigawa,130,normal,common,en,0.3,EUR,db328ac4-1b7d-4310-9798-8c8dc8740062,Creature — Spirit,{4}{G},5.0,"[""G""]","[""G""]","Whenever you cast a Spirit or Arcane spell, regenerate this creature.",2005-06-03
69,1,Field Creeper,M19,Core Set 2019,234,normal,common,en,0.3,EUR,e148c1bf-84a2-48cd-882e-ad0fd74b8f0f,Artifact Creature — Scarecrow,{2},2.0,[],[],,2018-07-13
1553,1,Field of Reality,CHK,Champions of Kamigawa,60,normal,common,en,0.3,EUR,2ff7c6fc-324b-4cff-9109-6d817767865f,Enchantment — Aura,{2}{U},3.0,"[""U""]","[""U""]","Enchant creature
Enchanted creature can't be blocked by Spirits.
{1}{U}: Return this Aura to its owner's hand.",2004-10-01
1944,2,Fierce Retribution,VOW,Innistrad: Crimson Vow,13,normal,common,en,0.3,EUR,9597b163-5c6b-4f64-b1f1-5f1fa2e23e5d,Instant,{1}{W},2.0,"[""W""]","[""W""]","Cleave {5}{W} (You may cast this spell for its cleave cost. If you do, remove the words in square brackets.)
Destroy target [attacking] creature.",2021-11-19
1136,1,Fiery Conclusion,PCA,Planechase Anthology,42,normal,common,en,0.3,EUR,97cb8431-f741-4b1b-bfa7-87d828fe99fb,Instant,{1}{R},2.0,"[""R""]","[""R""]","As an additional cost to cast this spell, sacrifice a creature.
Fiery Conclusion deals 5 damage to target creature.",2016-11-25
1137,1,Fiery Intervention,DOM,Dominaria,118,normal,common,en,0.3,EUR,67f36a25-3692-4f2e-a25e-84b90656e6a4,Sorcery,{4}{R},5.0,"[""R""]","[""R""]","Choose one —
• Fiery Intervention deals 5 damage to target creature.
• Destroy target artifact.",2018-04-27
70,1,Filigree Familiar,GNT,Game Night,52,normal,uncommon,en,0.3,EUR,df50ecad-6af3-40c5-a4cf-8e3c24a78f77,Artifact Creature — Fox,{3},3.0,[],[],"When this creature enters, you gain 2 life.
When this creature dies, draw a card.",2018-11-16
398,1,Fill with Fright,BBD,Battlebond,144,normal,common,en,0.3,EUR,e666ad2c-eced-4d62-8533-bb6a1e76d122,Sorcery,{3}{B},4.0,"[""B""]","[""B""]","Target player discards two cards. Scry 2. (Look at the top two cards of your library, then put any number of them on the bottom and the rest on top in any order.)",2018-06-08
399,1,Final Punishment,9ED,Ninth Edition,131,normal,rare,en,0.42,EUR,72df60bb-3309-43e0-ab4a-cec1390fc7cf,Sorcery,{3}{B}{B},5.0,"[""B""]","[""B""]",Target player loses life equal to the damage already dealt to that player this turn.,2005-07-29
1554,1,Finch Formation,BLB,Bloomburrow,50,normal,common,en,0.3,EUR,1c671eab-d1ef-4d79-94eb-8b85f0d18699,Creature — Bird Scout,{2}{U},3.0,"[""U""]","[""U""]","Offspring {3} (You may pay an additional {3} as you cast this spell. If you do, when this creature enters, create a 1/1 token copy of it.)
Flying
When this creature enters, target creature you control gains flying until end of turn.",2024-08-02
2475,1,Firdoch Core,ECL,Lorwyn Eclipsed,255,normal,common,en,0.33,EUR,8e45cd37-bf97-4742-978d-96f96ed653cd,Kindred Artifact — Shapeshifter,{3},3.0,,,"Changeling (This card is every creature type.)
{T}: Add one mana of any color.
{4}: This artifact becomes a 4/4 artifact creature until end of turn.",2026-01-23
1138,1,Fire Elemental,M20,Core Set 2020,138,normal,common,en,0.3,EUR,4df16df8-3270-4a09-8167-5b6a2068edb9,Creature — Elemental,{3}{R}{R},5.0,"[""R""]","[""R""]",,2019-07-12
2294,1,Fire Nation Cadets,TLA,Avatar: The Last Airbender,134,normal,common,en,0.3,EUR,1a3a862c-9c9a-41cd-94d1-2d0cff22a6cd,Creature — Human Soldier,{R},1.0,"[""R""]","[""R""]","This creature has firebending 2 as long as there's a Lesson card in your graveyard. (Whenever this creature attacks, add {R}{R}. This mana lasts until end of combat.)
{2}: This creature gets +1/+0 until end of turn.",2025-11-21
2322,1,Fire Nation Salvagers,TLE,Avatar: The Last Airbender Eternal,106,normal,rare,en,0.42,EUR,fea1319c-7589-480d-a204-65ec68837e59,Creature — Human Soldier,{3}{B}{B},5.0,"[""B""]","[""B""]","Menace
When this creature enters, put a +1/+1 counter on target creature or Vehicle you control.
Whenever one or more creatures you control with counters on them deal combat damage to a player, put target creature or Vehicle card from that player's graveyard onto the battlefield under your control.",2025-11-21
1140,1,Fire Urchin,GRN,Guilds of Ravnica,101,normal,common,en,0.3,EUR,b3a843ff-6bd0-42d5-9348-44b774d438b1,Creature — Elemental,{1}{R},2.0,"[""R""]","[""R""]","Trample
Whenever you cast an instant or sorcery spell, this creature gets +1/+0 until end of turn.",2018-10-05
1139,1,Fire of Orthanc,LTR,The Lord of the Rings: Tales of Middle-earth,127,normal,common,en,0.3,EUR,9b5871c5-bb94-4803-93ba-cd1a630b00d6,Sorcery,{3}{R},4.0,"[""R""]","[""R""]",Destroy target artifact or land. Creatures without flying can't block this turn.,2023-06-23
2271,1,Firebender Ascension,TLA,Avatar: The Last Airbender,137,normal,rare,en,2.4,EUR,2929b702-03c6-4cf0-a3f7-61b27f4803be,Enchantment,{1}{R},2.0,"[""R""]","[""R""]","When this enchantment enters, create a 2/2 red Soldier creature token with firebending 1.
Whenever a creature you control attacking causes a triggered ability of that creature to trigger, put a quest counter on this enchantment. Then if it has four or more quest counters on it, you may copy that ability. You may choose new targets for the copy.",2025-11-21
1141,1,Firefiend Elemental,ORI,Magic Origins,146,normal,common,en,0.3,EUR,55051412-8749-4b65-ac76-c20ef57fd2e3,Creature — Elemental,{3}{R},4.0,"[""R""]","[""R""]","Haste (This creature can attack and {T} as soon as it comes under your control.)
Renown 1 (When this creature deals combat damage to a player, if it isn't renowned, put a +1/+1 counter on it and it becomes renowned.)",2015-07-17
71,1,Fireforger's Puzzleknot,KLD,Kaladesh,213,normal,common,en,0.3,EUR,7a1c11ca-c81b-451e-a767-68865827e06d,Artifact,{2},2.0,[],"[""R""]","When this artifact enters, it deals 1 damage to any target.
{2}{R}, Sacrifice this artifact: It deals 1 damage to any target.",2016-09-30
1142,1,Fires of Mount Doom,LTR,The Lord of the Rings: Tales of Middle-earth,392,normal,rare,en,4.72,EUR,ce2d9aab-5673-4a6a-be86-13508b8929bd,Legendary Enchantment,{2}{R},3.0,"[""R""]","[""R""]","When Fires of Mount Doom enters, it deals 2 damage to target creature an opponent controls. Destroy all Equipment attached to that creature.
{2}{R}: Exile the top card of your library. You may play that card this turn. When you play a card this way, Fires of Mount Doom deals 2 damage to each player.",2023-06-23
1945,2,First Response,M15,Magic 2015,12,normal,uncommon,en,0.3,EUR,36341d37-064e-449e-8be7-a2716ae7e317,Enchantment,{3}{W},4.0,"[""W""]","[""W""]","At the beginning of each upkeep, if you lost life last turn, create a 1/1 white Soldier creature token.",2014-07-18
2283,1,First-Time Flyer,TLA,Avatar: The Last Airbender,49,foil,common,en,0.42,EUR,ea22d29d-3a62-4ae2-91d5-21a678be9b48,Creature — Human Pilot Ally,{1}{U},2.0,"[""U""]","[""U""]","Flying
This creature gets +1/+1 as long as there's a Lesson card in your graveyard.",2025-11-21
736,2,Fistful of Force,LRW,Lorwyn,212,normal,common,en,0.3,EUR,f7f77c7e-d35f-477e-acc4-a393044319ea,Instant,{1}{G},2.0,"[""G""]","[""G""]","Target creature gets +2/+2 until end of turn. Clash with an opponent. If you win, that creature gets an additional +2/+2 and gains trample until end of turn. (Each clashing player reveals the top card of their library, then puts that card on their choice of the top or bottom. A player wins if their card had a greater mana value.)",2007-10-12
1143,1,Flame Discharge,NEO,Kamigawa: Neon Dynasty,142,normal,uncommon,en,0.3,EUR,0b44534f-d10c-4754-8585-5fe9db5fd4ea,Instant,{X}{R},1.0,"[""R""]","[""R""]","Flame Discharge deals X damage to target creature or planeswalker. If you controlled a modified creature as you cast this spell, it deals X plus 2 damage instead. (Equipment, Auras you control, and counters are modifications.)",2022-02-18
2411,2,Flame-Chain Mauler,ECL,Lorwyn Eclipsed,138,normal,common,en,0.3,EUR,752d7e8e-0dd0-4ace-9c89-a8f9ce73775e,Creature — Elemental Warrior,{1}{R},2.0,"[""R""]","[""R""]",{1}{R}: This creature gets +1/+0 and gains menace until end of turn. (It can't be blocked except by two or more creatures.),2026-01-23
72,1,Flamecast Wheel,THS,Theros,215,normal,uncommon,en,0.3,EUR,5cfa31c9-5a11-4366-9063-056a659f3d0d,Artifact,{1},1.0,[],[],"{5}, {T}, Sacrifice this artifact: It deals 3 damage to target creature.",2013-09-27
1144,1,Flamekin Brawler,JVC,Duel Decks Anthology: Jace vs. Chandra,35,normal,common,en,0.3,EUR,42da4ec7-9d30-4c4e-9220-db0f4172bf9c,Creature — Elemental Warrior,{R},1.0,"[""R""]","[""R""]",{R}: This creature gets +1/+0 until end of turn.,2014-12-05
2435,1,Flamekin Gildweaver,ECL,Lorwyn Eclipsed,140,normal,common,en,0.3,EUR,b1628ece-a028-49d4-9065-ee997838c20a,Creature — Elemental Sorcerer,{3}{R},4.0,"[""R""]","[""R""]","Trample
When this creature enters, create a Treasure token. (It's an artifact with ""{T}, Sacrifice this token: Add one mana of any color."")",2026-01-23
1145,1,Flamespeaker Adept,THS,Theros,123,normal,uncommon,en,0.3,EUR,b84b90b6-71e2-429e-9853-50bcbd6538db,Creature — Human Shaman,{2}{R},3.0,"[""R""]","[""R""]","Whenever you scry, this creature gets +2/+0 and gains first strike until end of turn.",2013-09-27
1146,1,Flamespeaker's Will,JOU,Journey into Nyx,95,normal,common,en,0.3,EUR,32b5e3bb-f9e8-4a74-9798-41d8f8515e12,Enchantment — Aura,{R},1.0,"[""R""]","[""R""]","Enchant creature you control
Enchanted creature gets +1/+1.
Whenever enchanted creature deals combat damage to a player, you may sacrifice this Aura. If you do, destroy target artifact.",2014-05-02
2378,1,Flaring Cinder,ECL,Lorwyn Eclipsed,225,normal,common,en,0.3,EUR,0691a1a9-18e7-44b7-9a34-764b1ab45a76,Creature — Elemental Sorcerer,{1}{U/R}{U/R},3.0,"[""R"",""U""]","[""R"",""U""]","When this creature enters and whenever you cast a spell with mana value 4 or greater, you may discard a card. If you do, draw a card.",2026-01-23
2487,1,Flaring Cinder,ECL,Lorwyn Eclipsed,225,normal,common,en,0.3,EUR,0691a1a9-18e7-44b7-9a34-764b1ab45a76,Creature — Elemental Sorcerer,{1}{U/R}{U/R},3.0,"[""R"",""U""]","[""R"",""U""]","When this creature enters and whenever you cast a spell with mana value 4 or greater, you may discard a card. If you do, draw a card.",2026-01-23
73,1,Flaying Tendrils,OGW,Oath of the Gatewatch,70,normal,uncommon,en,0.3,EUR,77899cb2-4d87-4c2d-99ae-1ae75bc5dc86,Sorcery,{1}{B}{B},3.0,[],"[""B""]","Devoid (This card has no color.)
All creatures get -2/-2 until end of turn. If a creature would die this turn, exile it instead.",2016-01-22
1015,1,Fleetfeather Cockatrice,JOU,Journey into Nyx,149,normal,uncommon,en,0.3,EUR,1139236e-5d71-4fc1-937d-ba1efadee031,Creature — Cockatrice,{3}{G}{U},5.0,"[""G"",""U""]","[""G"",""U""]","Flash (You may cast this spell any time you could cast an instant.)
Flying, deathtouch
{5}{G}{U}: Monstrosity 3. (If this creature isn't monstrous, put three +1/+1 counters on it and it becomes monstrous.)",2014-05-02
74,1,Fleetfeather Sandals,THS,Theros,216,normal,common,en,0.3,EUR,2222f499-09f9-45a6-8255-9de79df76f1c,Artifact — Equipment,{2},2.0,[],[],"Equipped creature has flying and haste.
Equip {2} ({2}: Attach to target creature you control. Equip only as a sorcery.)",2013-09-27
1555,1,Fleeting Memories,SOI,Shadows over Innistrad,62,normal,uncommon,en,0.3,EUR,4b9eaf90-2a9e-44a7-bdae-03c26f9d21e7,Enchantment,{2}{U},3.0,"[""U""]","[""U""]","When this enchantment enters, investigate. (Create a Clue token. It's an artifact with ""{2}, Sacrifice this token: Draw a card."")
Whenever you sacrifice a Clue, target player mills three cards.",2016-04-08
737,1,Flesh Burrower,DSK,Duskmourn: House of Horror,178,normal,common,en,0.3,EUR,60499c90-a512-4abb-98eb-0735a7138421,Creature — Insect,{1}{G},2.0,"[""G""]","[""G""]","Deathtouch
Whenever this creature attacks, another target creature you control gains deathtouch until end of turn.",2024-09-27
400,6,Flesh to Dust,ORI,Magic Origins,280,normal,common,en,0.3,EUR,4fd4b0f6-fc67-48aa-9f17-21a79bd0c3d3,Instant,{3}{B}{B},5.0,"[""B""]","[""B""]",Destroy target creature. It can't be regenerated.,2015-07-17
401,1,Fleshbag Marauder,GNT,Game Night,29,normal,uncommon,en,0.42,EUR,4d481e22-328a-478c-9dee-3ef715c2ced3,Creature — Zombie Warrior,{2}{B},3.0,"[""B""]","[""B""]","When this creature enters, each player sacrifices a creature of their choice.",2018-11-16
402,1,Fleshmad Steed,THS,Theros,88,normal,common,en,0.3,EUR,378c5ba0-bf4f-43d5-b371-0991db5a2e32,Creature — Horse,{1}{B},2.0,"[""B""]","[""B""]","Whenever another creature dies, tap this creature.",2013-09-27
2290,1,Flexible Waterbender,TLA,Avatar: The Last Airbender,50,normal,common,en,0.3,EUR,1447ebce-7e48-4b21-a39c-740920538bdd,Creature — Human Warrior Ally,{3}{U},4.0,"[""U""]","[""U""]","Vigilance
Waterbend {3}: This creature has base power and toughness 5/2 until end of turn. (While paying a waterbend cost, you can tap your artifacts and creatures to help. Each one pays for {1}.)",2025-11-21
1147,1,Flick a Coin,WOE,Wilds of Eldraine,128,normal,common,en,0.85,EUR,673a67b2-fbb0-4be4-9edd-93946a583f23,Instant,{2}{R},3.0,"[""R""]","[""R""]","Flick a Coin deals 1 damage to any target. You create a Treasure token. (It's an artifact with ""{T}, Sacrifice this token: Add one mana of any color."")
Draw a card.",2023-09-08
1556,2,Flitterstep Eidolon,BNG,Born of the Gods,40,normal,uncommon,en,0.3,EUR,9a79cee0-6023-42bc-a934-69b99fd5fb02,Enchantment Creature — Spirit,{1}{U},2.0,"[""U""]","[""U""]","Bestow {5}{U} (If you cast this card for its bestow cost, it's an Aura spell with enchant creature. It becomes a creature again if it's not attached.)
This creature can't be blocked.
Enchanted creature gets +1/+1 and can't be blocked.",2014-02-07
2461,1,Flock Impostor,ECL,Lorwyn Eclipsed,16,normal,uncommon,en,0.3,EUR,d32d0336-5140-41f9-bc67-f3d743b9231d,Creature — Shapeshifter,{2}{W},3.0,"[""W""]","[""W""]","Changeling (This card is every creature type.)
Flash
Flying
When this creature enters, return up to one other target creature you control to its owner's hand.",2026-01-23
1557,1,Flood of Recollection,RIX,Rivals of Ixalan,38,normal,uncommon,en,0.3,EUR,03a353c1-a640-4b01-9754-3fb6011c8211,Sorcery,{U}{U},2.0,"[""U""]","[""U""]",Return target instant or sorcery card from your graveyard to your hand. Exile Flood of Recollection.,2018-01-19
1558,3,Floodtide Serpent,BNG,Born of the Gods,41,normal,common,en,0.3,EUR,7a2a4b24-096a-4d36-a872-73fa4552bb35,Creature — Serpent,{4}{U},5.0,"[""U""]","[""U""]",This creature can't attack unless you return an enchantment you control to its owner's hand. (This cost is paid as attackers are declared.),2014-02-07
1148,2,Flurry of Horns,JOU,Journey into Nyx,96,normal,common,en,0.3,EUR,333ff270-4bc7-48ee-9738-f8c70b8a7e40,Sorcery,{4}{R},5.0,"[""R""]","[""R""]",Create two 2/3 red Minotaur creature tokens with haste.,2014-05-02
2221,2,Flusterstorm,MH1,Modern Horizons,255,normal,rare,en,7.73,EUR,46a00405-13ad-4531-9bfb-fea0ca57f196,Instant,{U},1.0,"[""U""]","[""U""]","Counter target instant or sorcery spell unless its controller pays {1}.
Storm (When you cast this spell, copy it for each spell cast before it this turn. You may choose new targets for the copies.)",2019-06-14
1559,1,Fogwalker,EMN,Eldritch Moon,60,normal,common,en,0.3,EUR,0894d76b-801a-4e3b-8378-bfa81fe24d59,Creature — Spirit,{1}{U},2.0,"[""U""]","[""U""]","Skulk (This creature can't be blocked by creatures with greater power.)
When this creature enters, target creature an opponent controls doesn't untap during its controller's next untap step.",2016-07-22
1560,1,Font of Fortunes,JOU,Journey into Nyx,38,normal,common,en,0.3,EUR,25de3481-9b0d-4747-a97b-171b6aa41073,Enchantment,{1}{U},2.0,"[""U""]","[""U""]","{1}{U}, Sacrifice this enchantment: Draw two cards.",2014-05-02
1946,1,Font of Vigor,JOU,Journey into Nyx,11,normal,common,en,0.3,EUR,d4ef3a8e-ef8b-417a-a3a9-cb0ce88cb0c9,Enchantment,{1}{W},2.0,"[""W""]","[""W""]","{2}{W}, Sacrifice this enchantment: You gain 7 life.",2014-05-02
75,1,Food,TELD,Throne of Eldraine Tokens,18,normal,common,en,0.3,EUR,261aed78-2d57-4ed4-b3d2-53b139b6bd44,Token Artifact — Food,,0.0,[],[],"{2}, {T}, Sacrifice this token: You gain 3 life.",2019-10-04
2352,1,Food,TTLA,Avatar: The Last Airbender Tokens,19,normal,common,en,0.0,EUR,db202f04-61e7-4e12-848e-6c1761956a58,Token Artifact — Food,,0.0,[],[],"{2}, {T}, Sacrifice this token: You gain 3 life.",2025-11-21
2518,1,Food,TTMT,Teenage Mutant Ninja Turtles Tokens,8,normal,common,en,,EUR,e2b62092-57df-4d95-b2b9-961794e7c20b,,,,,,,
1947,1,Food Coma,WOE,Wilds of Eldraine,308,normal,uncommon,en,0.3,EUR,61ba2aed-3514-4db9-8da0-329620b12f63,Enchantment,{3}{W},4.0,"[""W""]","[""W""]","When this enchantment enters, exile target creature an opponent controls until this enchantment leaves the battlefield. Create a Food token. (It's an artifact with ""{2}, {T}, Sacrifice this token: You gain 3 life."")",2023-09-08
2589,2,Foot Elite,TMT,Teenage Mutant Ninja Turtles,146,normal,common,en,0.3,EUR,24bd571e-652a-4e7c-afc6-a45f0ccf62f6,,,,,,,
2570,1,Foot Ninjas,TMT,Teenage Mutant Ninja Turtles,147,normal,common,en,0.3,EUR,abb1ab9c-b067-4b75-8e5b-a893b7948df1,,,,,,,
738,1,For the Family,SNC,Streets of New Capenna,146,normal,common,en,0.3,EUR,052be93c-1970-4d05-a3d1-e87a6e51c423,Instant,{G},1.0,"[""G""]","[""G""]","Target creature gets +2/+2 until end of turn. If you control four or more creatures, that creature gets +4/+4 until end of turn instead.",2022-04-29
2462,1,Foraging Wickermaw,ECL,Lorwyn Eclipsed,256,normal,common,en,0.3,EUR,f524bc08-caeb-4362-b960-eb8e0e4159d0,Artifact Creature — Scarecrow,{2},2.0,,,"When this creature enters, surveil 1. (Look at the top card of your library. You may put it into your graveyard.)
{1}: Add one mana of any color. This creature becomes that color until end of turn. Activate only once each turn.",2026-01-23
1149,2,Foray of Orcs,LTR,The Lord of the Rings: Tales of Middle-earth,128,normal,uncommon,en,0.3,EUR,5fea0c66-c776-4dc7-a235-f3822521cacd,Sorcery,{3}{R},4.0,"[""R""]","[""R""]","Amass Orcs 2. When you do, Foray of Orcs deals X damage to target creature an opponent controls, where X is the amassed Army's power. (To amass Orcs 2, put two +1/+1 counters on an Army you control. It's also an Orc. If you don't control an Army, create a 0/0 black Orc Army creature token first.)",2023-06-23
1561,1,Forbidden Alchemy,UMA,Ultimate Masters,56,normal,uncommon,en,0.3,EUR,e70dcc0d-aaa2-4815-be83-daafe441ceb4,Instant,{2}{U},3.0,"[""U""]","[""B"",""U""]","Look at the top four cards of your library. Put one of them into your hand and the rest into your graveyard.
Flashback {6}{B} (You may cast this card from your graveyard for its flashback cost. Then exile it.)",2018-12-07
2468,1,Forest,ECL,Lorwyn Eclipsed,273,normal,common,en,0.42,EUR,b460f5f7-c7c9-400c-8419-23d614f45bf9,Basic Land — Forest,,0.0,,"[""G""]",({T}: Add {G}.),2026-01-23
2371,1,Forest,ECL,Lorwyn Eclipsed,278,normal,common,en,0.42,EUR,b43297de-7378-474f-a85f-910fa7cbb4f4,Basic Land — Forest,,0.0,[],"[""G""]",({T}: Add {G}.),2026-01-23
2400,1,Forest,ECL,Lorwyn Eclipsed,283,normal,common,en,0.42,EUR,bdbce923-c05e-4554-8c4c-5c4e6d791856,Basic Land — Forest,,0.0,[],"[""G""]",({T}: Add {G}.),2026-01-23
76,5,Forest,ELD,Throne of Eldraine,267,normal,common,en,0.42,EUR,daff5153-cdb8-4ed2-b17e-7ee2aa689da0,Basic Land — Forest,,0.0,[],"[""G""]",({T}: Add {G}.),2019-10-04
2348,6,Forest,TLA,Avatar: The Last Airbender,286,normal,common,en,0.42,EUR,a305e44f-4253-4754-b83f-1e34103d77b0,Basic Land — Forest,,0.0,[],"[""G""]",({T}: Add {G}.),2025-11-21
2351,1,Forest,TLA,Avatar: The Last Airbender,291,normal,common,en,0.59,EUR,05683891-cdd4-4401-b7d5-0ef17e79c699,Basic Land — Forest,,0.0,[],"[""G""]",({T}: Add {G}.),2025-11-21
2511,1,Forest,TMT,Teenage Mutant Ninja Turtles,195,normal,common,en,0.51,EUR,6194850b-d70a-4f3e-be3e-bfb23ce1170b,,,,,,,
1150,4,Forge Devil,M15,Magic 2015,140,normal,common,en,0.3,EUR,5bbf66a4-8fd4-4c87-89e2-c6ad6c4de7ab,Creature — Devil,{R},1.0,"[""R""]","[""R""]","When this creature enters, it deals 1 damage to target creature and 1 damage to you.",2014-07-18
1562,1,Forging the Anchor,BRO,The Brothers' War,50,normal,uncommon,en,0.3,EUR,057f6add-1f1d-4cce-9c9d-5e59fb74d78e,Sorcery,{2}{U},3.0,"[""U""]","[""U""]",Look at the top five cards of your library. You may reveal any number of artifact cards from among them and put the revealed cards into your hand. Put the rest on the bottom of your library in a random order.,2022-11-18
77,1,Forgotten Monument,LCI,The Lost Caverns of Ixalan,272,normal,uncommon,en,0.3,EUR,de8c1c02-e533-46b2-a3eb-91dff561854b,Land — Cave,,0.0,[],[],"{T}: Add {C}.
Other Caves you control have ""{T}, Pay 1 life: Add one mana of any color.""",2023-11-17
739,1,Fork in the Road,SOI,Shadows over Innistrad,205,normal,common,en,0.3,EUR,0a7ad701-65c3-494a-8986-b4ea1bab46bc,Sorcery,{1}{G},2.0,"[""G""]","[""G""]",Search your library for up to two basic land cards and reveal them. Put one into your hand and the other into your graveyard. Then shuffle.,2016-04-08
403,1,Forlorn Pseudamma,BNG,Born of the Gods,71,normal,uncommon,en,0.3,EUR,1c236a33-fb20-41f4-8946-beb65d1cf684,Creature — Zombie,{3}{B},4.0,"[""B""]","[""B""]","Intimidate (This creature can't be blocked except by artifact creatures and/or creatures that share a color with it.)
Inspired — Whenever this creature becomes untapped, you may pay {2}{B}. If you do, create a 2/2 black Zombie enchantment creature token.",2014-02-07
404,2,Forsaken Drifters,BNG,Born of the Gods,72,normal,common,en,0.3,EUR,05445d18-3590-4216-9392-9438d9f9395d,Creature — Zombie,{3}{B},4.0,"[""B""]","[""B""]","When this creature dies, mill four cards.",2014-02-07
1948,1,Fortified Rampart,BFZ,Battle for Zendikar,27,normal,common,en,0.3,EUR,5095e2ab-a7f5-45bc-8b2f-31198ea27bba,Creature — Wall,{1}{W},2.0,"[""W""]","[""W""]",Defender,2015-10-02
405,1,Foundry Screecher,KLD,Kaladesh,82,normal,common,en,0.3,EUR,4313802f-b969-47d0-b4aa-b049df0755c0,Creature — Bat,{2}{B},3.0,"[""B""]","[""B""]","Flying
This creature gets +1/+0 as long as you control an artifact.",2016-09-30
1151,3,Foundry Street Denizen,DDT,Duel Decks: Merfolk vs. Goblins,38,normal,common,en,0.3,EUR,a328c8d8-a404-43b5-8c79-2e79d639fb40,Creature — Goblin Warrior,{R},1.0,"[""R""]","[""R""]","Whenever another red creature you control enters, this creature gets +1/+0 until end of turn.",2017-10-24
78,1,Foundry of the Consuls,C18,Commander 2018,248,normal,uncommon,en,0.3,EUR,09d83c1d-6916-48e7-8a0d-b5abadc34b2a,Land,,0.0,[],[],"{T}: Add {C}.
{5}, {T}, Sacrifice this land: Create two 1/1 colorless Thopter artifact creature tokens with flying.",2018-08-10
79,1,Fountainport Bell,BLB,Bloomburrow,245,normal,common,en,0.3,EUR,a5c94bc0-a49d-451b-8e8d-64d46b8b8603,Artifact,{1},1.0,[],[],"When this artifact enters, you may search your library for a basic land card, reveal it, then shuffle and put that card on top.
{1}, Sacrifice this artifact: Draw a card.",2024-08-02
740,2,Freelance Muscle,SNC,Streets of New Capenna,147,normal,uncommon,en,0.3,EUR,570f7c90-109b-4d6d-8205-d158753719e8,Creature — Rhino Warrior,{4}{G},5.0,"[""G""]","[""G""]","Whenever this creature attacks or blocks, it gets +X/+X until end of turn, where X is the greatest power and/or toughness among other creatures you control.",2022-04-29
1152,2,Frenzied Goblin,GK1,GRN Guild Kit,81,normal,uncommon,en,0.3,EUR,42d06c9a-f7e0-486b-b1d7-dc70a627c974,Creature — Goblin Berserker,{R},1.0,"[""R""]","[""R""]","Whenever this creature attacks, you may pay {R}. If you do, target creature can't block this turn.",2018-11-02
1153,1,Freya Crescent,FIN,Final Fantasy,138,normal,uncommon,en,0.3,EUR,9921f646-e893-44db-ac89-0633c1009788,Legendary Creature — Rat Knight,{R},1.0,"[""R""]","[""R""]","Jump — During your turn, Freya Crescent has flying.
{T}: Add {R}. Spend this mana only to cast an Equipment spell or activate an equip ability.",2025-06-13
1563,3,Frilled Sea Serpent,M20,Core Set 2020,61,normal,common,en,0.3,EUR,b59698a5-be76-4ce2-a337-9052821f239f,Creature — Serpent,{4}{U}{U},6.0,"[""U""]","[""U""]",{5}{U}{U}: This creature can't be blocked this turn.,2019-07-12
1154,1,Frilled Sparkshooter,BLB,Bloomburrow,136,normal,common,en,0.3,EUR,674bbd6d-e329-42cf-963d-88d1ce8fe51e,Creature — Lizard Archer,{3}{R},4.0,"[""R""]","[""R""]","Menace, reach
This creature enters with a +1/+1 counter on it if an opponent lost life this turn.",2024-08-02
1949,1,"Frodo, Determined Hero",LTR,The Lord of the Rings: Tales of Middle-earth,388,normal,rare,en,3.0,EUR,226694d7-ba9b-4e79-b45a-634769815e74,Legendary Creature — Halfling Warrior,{1}{W},2.0,"[""W""]","[""W""]","Whenever Frodo enters or attacks, you may attach target Equipment you control with mana value 2 or 3 to Frodo.
During your turn, prevent all damage that would be dealt to Frodo.",2023-06-23
1564,4,Frost Lynx,M20,Core Set 2020,62,normal,common,en,0.3,EUR,64e1a5af-442f-4fcf-be99-6f62176be36c,Creature — Elemental Cat,{2}{U},3.0,"[""U""]","[""U""]","When this creature enters, tap target creature an opponent controls. That creature doesn't untap during its controller's next untap step.",2019-07-12
1950,1,Frostbridge Guard,WOE,Wilds of Eldraine,14,normal,common,en,0.3,EUR,b9dec431-a20e-4c1c-9855-904779756509,Creature — Elemental Soldier,{1}{W},2.0,"[""W""]","[""W""]","{2}{W}, {T}: Tap target creature.",2023-09-08
1431,1,Frostburn Weird,RTR,Return to Ravnica,215,normal,common,en,0.3,EUR,ba5a68d3-6bc9-4de8-bc06-e1106cf9b3d4,Creature — Weird,{U/R}{U/R},2.0,"[""R"",""U""]","[""R"",""U""]",{U/R}: This creature gets +1/-1 until end of turn.,2012-10-05
1155,2,Frostwielder,CHK,Champions of Kamigawa,167,normal,common,en,0.3,EUR,a54df527-6949-4b74-821b-b051f493f3c5,Creature — Human Shaman,{2}{R}{R},4.0,"[""R""]","[""R""]","If a creature dealt damage by this creature this turn would die, exile it instead.
{T}: This creature deals 1 damage to any target.",2004-10-01
1565,4,Fugitive Wizard,M15,Magic 2015,56,normal,common,en,0.3,EUR,520ad9d0-5f41-4183-a04e-58a61ad7202b,Creature — Human Wizard,{U},1.0,"[""U""]","[""U""]",,2014-07-18
406,1,Fungal Infection,DOM,Dominaria,94,normal,common,en,0.3,EUR,a3f6baa5-666d-40b0-82e8-b0df10ff3cdd,Instant,{B},1.0,"[""B""]","[""B""]",Target creature gets -1/-1 until end of turn. Create a 1/1 green Saproling creature token.,2018-04-27
1156,1,Furious Reprisal,KLD,Kaladesh,115,normal,uncommon,en,0.3,EUR,e3eeeecd-1d62-49f3-82b0-60f1f5e57d97,Sorcery,{3}{R},4.0,"[""R""]","[""R""]",Furious Reprisal deals 2 damage to each of two targets.,2016-09-30
1157,1,Furnace Whelp,IMA,Iconic Masters,129,normal,common,en,0.3,EUR,1267597a-bbfe-4fb7-91b7-7fee371f0dfd,Creature — Dragon,{2}{R}{R},4.0,"[""R""]","[""R""]","Flying
{R}: This creature gets +1/+0 until end of turn.",2017-11-17
1566,1,Furtive Homunculus,SOI,Shadows over Innistrad,64,normal,common,en,0.3,EUR,f376ec9b-48ac-4ed7-bfa2-60e9dca32dd7,Creature — Homunculus,{1}{U},2.0,"[""U""]","[""U""]",Skulk (This creature can't be blocked by creatures with greater power.),2016-04-08
2219,2,Futurist Operative,NEO,Kamigawa: Neon Dynasty,333,normal,uncommon,en,0.3,EUR,47bad5c1-5804-4fba-91d9-3a49951f6e06,Creature — Human Ninja,{3}{U},4.0,"[""U""]","[""U""]","As long as this creature is tapped, it's a Human Citizen with base power and toughness 1/1 and can't be blocked.
{2}{U}: Untap this creature.",2022-02-18
1567,1,Futurist Sentinel,NEO,Kamigawa: Neon Dynasty,54,normal,common,en,0.3,EUR,8672f626-3e46-447b-841f-6a04cd380653,Artifact — Vehicle,{3}{U},4.0,"[""U""]","[""U""]",Crew 3 (Tap any number of creatures you control with total power 3 or more: This Vehicle becomes an artifact creature until end of turn.),2022-02-18
1951,1,G'raha Tia,FIN,Final Fantasy,21,normal,uncommon,en,0.3,EUR,076a8eca-ed73-4ee9-aab4-d9d43d394ee6,Legendary Creature — Cat Archer,{4}{W},5.0,"[""W""]","[""W""]","Reach
The Allagan Eye — Whenever one or more other creatures and/or artifacts you control die, draw a card. This ability triggers only once each turn.",2025-06-13
741,3,Gaea's Gift,BRO,The Brothers' War,182,normal,common,en,2.14,EUR,5503186a-46fe-4956-8ae3-5ab3343f8a93,Instant,{1}{G},2.0,"[""G""]","[""G""]","Put a +1/+1 counter on target creature you control. It gains reach, trample, hexproof, and indestructible until end of turn. (It can't be the target of spells or abilities your opponents control. Damage and effects that say ""destroy"" don't destroy it.)",2022-11-18
742,1,Galadhrim Bow,LTR,The Lord of the Rings: Tales of Middle-earth,167,normal,common,en,0.3,EUR,9df34f21-798f-440d-8b09-ec5b5c0b8c12,Artifact — Equipment,{2}{G},3.0,"[""G""]","[""G""]","Flash
When this Equipment enters, attach it to target creature you control. Untap that creature.
Equipped creature gets +1/+2 and has reach.
Equip {2} ({2}: Attach to target creature you control. Equip only as a sorcery.)",2023-06-23
743,1,"Galadriel, Gift-Giver",LTR,The Lord of the Rings: Tales of Middle-earth,296,normal,rare,en,5.15,EUR,8229264e-af6c-4f1f-b86a-257889ace9ce,Legendary Creature — Elf Noble,{3}{G}{G},5.0,"[""G""]","[""G""]","Whenever Galadriel enters or attacks, choose one —
• Put a +1/+1 counter on another target creature.
• Create a Food token. (It's an artifact with ""{2}, {T}, Sacrifice this token: You gain 3 life."")
• Create a Treasure token. (It's an artifact with ""{T}, Sacrifice this token: Add one mana of any color."")",2023-06-23
1568,1,Galestrike,AKH,Amonkhet,54,normal,uncommon,en,0.3,EUR,6fe6633a-dee9-4840-9a18-ab4a511eb4c4,Instant,{2}{U},3.0,"[""U""]","[""U""]","Return target tapped creature to its owner's hand.
Draw a card.",2017-04-28
1028,1,Gallant Citizen,SPM,Marvel's Spider-Man,129,normal,common,en,0.3,EUR,43790471-6ec8-4c1d-b6d3-74c6cdf8ce43,Creature — Human Citizen,{G/W}{G/W},2.0,"[""G"",""W""]","[""G"",""W""]","When this creature enters, draw a card.",2025-09-26
2374,1,Gallant Fowlknight,ECL,Lorwyn Eclipsed,17,normal,common,en,0.3,EUR,fb6096ba-8083-4207-9a3f-c1e4ff095204,Creature — Kithkin Knight,{3}{W},4.0,"[""W""]","[""W""]","When this creature enters, creatures you control get +1/+0 until end of turn. Kithkin creatures you control also gain first strike until end of turn.",2026-01-23
1432,1,Gandalf the Grey,LTR,The Lord of the Rings: Tales of Middle-earth,207,normal,rare,en,0.42,EUR,e2b975e6-e709-481f-bfbc-41a832508283,Legendary Creature — Avatar Wizard,{3}{U}{R},5.0,"[""R"",""U""]","[""R"",""U""]","Whenever you cast an instant or sorcery spell, choose one that hasn't been chosen —
• You may tap or untap target permanent.
• Gandalf deals 3 damage to each opponent.
• Copy target instant or sorcery spell you control. You may choose new targets for the copy.
• Put Gandalf on top of its owner's library.",2023-06-23
1569,2,"Gandalf, Friend of the Shire",LTR,The Lord of the Rings: Tales of Middle-earth,401,normal,uncommon,en,3.0,EUR,646ff18e-9d6a-4a55-838c-0bd88b8c9fae,Legendary Creature — Avatar Wizard,{3}{U},4.0,"[""U""]","[""U""]","Flash
You may cast sorcery spells as though they had flash.
Whenever the Ring tempts you, if you chose a creature other than Gandalf as your Ring-bearer, draw a card.",2023-06-23
1952,1,"Gandalf, White Rider",LTR,The Lord of the Rings: Tales of Middle-earth,389,normal,rare,en,4.29,EUR,187807bc-0058-49a1-9a67-01019c5440c2,Legendary Creature — Avatar Wizard,{3}{W},4.0,"[""W""]","[""W""]","Vigilance
Whenever you cast a spell, creatures you control get +1/+0 until end of turn. Scry 1.
When Gandalf dies, you may put it into its owner's library fifth from the top.",2023-06-23
2381,1,Gangly Stompling,ECL,Lorwyn Eclipsed,226,normal,common,en,0.3,EUR,502000a7-a3c1-4259-aea5-ff01724396a1,Creature — Shapeshifter,{2}{R/G},3.0,"[""G"",""R""]","[""G"",""R""]","Changeling (This card is every creature type.)
Trample",2026-01-23
407,4,Gargantuan Leech,LCI,The Lost Caverns of Ixalan,107,normal,uncommon,en,0.3,EUR,94724efb-4785-4751-9fe1-07f243dd6008,Creature — Leech,{7}{B},8.0,"[""B""]","[""B""]","This spell costs {1} less to cast for each Cave you control and each Cave card in your graveyard.
Lifelink",2023-11-17
80,3,Gargoyle Sentinel,M19,Core Set 2019,236,normal,uncommon,en,0.3,EUR,381e9f97-9655-4f41-9829-4ac26c2ed6ac,Artifact Creature — Gargoyle,{3},3.0,[],[],"Defender (This creature can't attack.)
{3}: Until end of turn, this creature loses defender and gains flying.",2018-07-13
1443,1,Garrison Sergeant,GRN,Guilds of Ravnica,172,normal,common,en,0.3,EUR,2bd957a1-a354-48e9-80ad-66e49aa845fc,Creature — Lizard Soldier,{3}{R}{W},5.0,"[""R"",""W""]","[""R"",""W""]",This creature has double strike as long as you control a Gate.,2018-10-05
744,1,Garruk's Packleader,C19,Commander 2019,168,normal,uncommon,en,0.3,EUR,dafeafa0-b937-4387-8626-449a810486b4,Creature — Beast,{4}{G},5.0,"[""G""]","[""G""]","Whenever another creature you control with power 3 or greater enters, you may draw a card.",2019-08-23
1158,1,Gastal Blockbuster,DFT,Aetherdrift,128,normal,common,en,0.3,EUR,dca41ec6-8f8f-42ef-abac-cc645c6440b7,Creature — Human Berserker,{2}{R},3.0,"[""R""]","[""R""]","When this creature enters, you may sacrifice a creature or Vehicle. When you do, destroy target artifact an opponent controls.",2025-02-14
1159,1,Gastal Thrillroller,DFT,Aetherdrift,313,normal,rare,en,0.42,EUR,03a07256-3305-4178-bd4f-d1583d23106d,Artifact — Vehicle,{2}{R},3.0,"[""R""]","[""R""]","Trample, haste
When this Vehicle enters, it becomes an artifact creature until end of turn.
Crew 2
{2}{R}, Discard a card: Return this card from your graveyard to the battlefield with a finality counter on it. Activate only as a sorcery.",2025-02-14
81,1,Gates of Istfell,KHM,Kaldheim,256,normal,uncommon,en,0.3,EUR,2627acb7-57d9-4429-9bc5-e7dd444d8d48,Land,,0.0,[],"[""U"",""W""]","This land enters tapped.
{T}: Add {W}.
{2}{W}{U}{U}, {T}, Sacrifice this land: You gain 2 life and draw two cards.",2021-02-05
745,2,Gather Courage,GK1,GRN Guild Kit,105,normal,common,en,0.3,EUR,ccb80abd-cbf0-4b7c-a588-29926a09bf29,Instant,{G},1.0,"[""G""]","[""G""]","Convoke (Your creatures can help cast this spell. Each creature you tap while casting this spell pays for {1} or one mana of that creature's color.)
Target creature gets +2/+2 until end of turn.",2018-11-02
1953,2,Gathering Throng,SNC,Streets of New Capenna,13,normal,common,en,0.3,EUR,290347b9-d3cc-4882-8da6-9d8b8677f276,Creature — Human Citizen,{2}{W},3.0,"[""W""]","[""W""]","When this creature enters, you may search your library for any number of cards named Gathering Throng, reveal them, put them into your hand, then shuffle.",2022-04-29
1570,2,Gearseeker Serpent,KLD,Kaladesh,48,normal,common,en,0.3,EUR,d32d8327-6ec2-4d43-b254-b04407612715,Creature — Serpent,{5}{U}{U},7.0,"[""U""]","[""U""]","Affinity for artifacts (This spell costs {1} less to cast for each artifact you control.)
{5}{U}: This creature can't be blocked this turn.",2016-09-30
82,1,Gearsmith Guardian,M19,Core Set 2019,237,normal,common,en,0.3,EUR,1d532b01-8bf7-4a27-a438-db03bcd00694,Artifact Creature — Construct,{5},5.0,[],[],This creature gets +2/+0 as long as you control a blue creature.,2018-07-13
1954,2,Geist of the Moors,A25,Masters 25,15,normal,common,en,0.3,EUR,6fd246d1-a7cb-45a0-b735-53509ba2d5ca,Creature — Spirit,{1}{W}{W},3.0,"[""W""]","[""W""]",Flying,2018-03-16
1160,4,Generator Servant,UMA,Ultimate Masters,133,normal,common,en,0.3,EUR,5ea15262-c00f-4865-bb6a-37ccb2ef62bd,Creature — Elemental,{1}{R},2.0,"[""R""]","[""R""]","{T}, Sacrifice this creature: Add {C}{C}. If that mana is spent on a creature spell, it gains haste until end of turn. (That creature can attack and {T} as soon as it comes under your control.)",2018-12-07
746,1,Generous Ent,LTR,The Lord of the Rings: Tales of Middle-earth,169,normal,common,en,1.97,EUR,85d22d5d-3875-42ff-b51e-c6e21db201f5,Creature — Treefolk,{5}{G},6.0,"[""G""]","[""G""]","Reach
When this creature enters, create a Food token. (It's an artifact with ""{2}, {T}, Sacrifice this token: You gain 3 life."")
Forestcycling {1} ({1}, Discard this card: Search your library for a Forest card, reveal it, put it into your hand, then shuffle.)",2023-06-23
747,2,Generous Visitor,NEO,Kamigawa: Neon Dynasty,185,normal,uncommon,en,0.3,EUR,d1066ccd-a932-4d05-98da-11ae4675364e,Creature — Spirit,{G},1.0,"[""G""]","[""G""]","Whenever you cast an enchantment spell, put a +1/+1 counter on target creature.",2022-02-18
1161,1,Geological Appraiser,LCI,The Lost Caverns of Ixalan,407,normal,uncommon,en,0.3,EUR,9fb48483-5990-46cf-b200-032500c4a6b3,Creature — Human Artificer,{2}{R}{R},4.0,"[""R""]","[""R""]","When this creature enters, if you cast it, discover 3. (Exile cards from the top of your library until you exile a nonland card with mana value 3 or less. Cast it without paying its mana cost or put it into your hand. Put the rest on the bottom in a random order.)",2023-11-17
748,2,Geothermal Kami,NEO,Kamigawa: Neon Dynasty,186,normal,common,en,0.3,EUR,559d7162-39fc-4d99-8c5f-b40a765b883a,Creature — Spirit,{3}{G},4.0,"[""G""]","[""G""]","When this creature enters, you may return an enchantment you control to its owner's hand. If you do, you gain 3 life.",2022-02-18
2330,1,Geyser Leaper,TLA,Avatar: The Last Airbender,52,normal,common,en,0.3,EUR,4d25428d-e5a5-43c4-8544-43120ed1c4d5,Creature — Human Warrior Ally,{4}{U},5.0,"[""U""]","[""U""]","Flying
Waterbend {4}: Draw a card, then discard a card. (While paying a waterbend cost, you can tap your artifacts and creatures to help. Each one pays for {1}.)",2025-11-21
408,1,Geyserfield Stalker,BFZ,Battle for Zendikar,111,normal,common,en,0.3,EUR,d4d1e1e1-fa24-4e78-a77c-4d41a58b8aa0,Creature — Elemental,{4}{B},5.0,"[""B""]","[""B""]","Menace (This creature can't be blocked except by two or more creatures.)
Landfall — Whenever a land you control enters, this creature gets +2/+2 until end of turn.",2015-10-02
409,1,Ghastly Demise,WC02,World Championship Decks 2002,cr139sb,normal,common,en,0.34,EUR,c1cae244-923e-4bcb-b79b-e11693167e12,Instant,{B},1.0,"[""B""]","[""B""]",Destroy target nonblack creature if its toughness is less than or equal to the number of cards in your graveyard.,2002-12-01
1162,1,Ghirapur Gearcrafter,DDU,Duel Decks: Elves vs. Inventors,46,normal,common,en,0.3,EUR,e6087550-9f15-4a06-b030-18b0be652065,Creature — Human Artificer,{2}{R},3.0,"[""R""]","[""R""]","When this creature enters, create a 1/1 colorless Thopter artifact creature token with flying. (A creature with flying can't be blocked except by creatures with flying or reach.)",2018-04-06
749,1,Ghirapur Guide,M19,Core Set 2019,182,normal,uncommon,en,0.3,EUR,06582256-37d4-442d-b452-9cd93d285d2f,Creature — Elf Scout,{2}{G},3.0,"[""G""]","[""G""]",{2}{G}: Target creature you control can't be blocked by creatures with power 2 or less this turn.,2018-07-13
1163,1,Ghitu Journeymage,DOM,Dominaria,126,normal,common,en,0.3,EUR,e4360bc9-76f0-4e82-8968-4c6c62a35ed1,Creature — Human Wizard,{2}{R},3.0,"[""R""]","[""R""]","When this creature enters, if you control another Wizard, this creature deals 2 damage to each opponent.",2018-04-27
1164,2,Ghitu Lavarunner,DOM,Dominaria,127,normal,common,en,0.3,EUR,c448ba82-a502-459f-9ebc-fc9e85674e6c,Creature — Human Wizard,{R},1.0,"[""R""]","[""R""]","As long as there are two or more instant and/or sorcery cards in your graveyard, this creature gets +1/+0 and has haste. (It can attack and {T} as soon as it comes under your control.)",2018-04-27
1955,1,Ghost Warden,10E,Tenth Edition,16,normal,common,en,0.3,EUR,2cd81534-79cb-4fde-bfa5-11c510ac6e11,Creature — Spirit,{1}{W},2.0,"[""W""]","[""W""]",{T}: Target creature gets +1/+1 until end of turn.,2007-07-13
1956,3,Ghostblade Eidolon,C15,Commander 2015,70,normal,uncommon,en,0.3,EUR,0795101e-07d9-419a-adca-3eb57536fd5f,Enchantment Creature — Spirit,{2}{W},3.0,"[""W""]","[""W""]","Bestow {5}{W} (If you cast this card for its bestow cost, it's an Aura spell with enchant creature. It becomes a creature again if it's not attached.)
Double strike (This creature deals both first-strike and regular combat damage.)
Enchanted creature gets +1/+1 and has double strike.",2015-11-13
1571,2,Ghostform,M19,Core Set 2019,58,normal,common,en,0.3,EUR,347760a1-03f5-4cc9-87ad-e08986b1ea21,Sorcery,{1}{U},2.0,"[""U""]","[""U""]",Up to two target creatures can't be blocked this turn.,2018-07-13
1957,1,Ghostly Dancers,DSK,Duskmourn: House of Horror,302,normal,rare,en,0.59,EUR,851b9caa-bb70-4d84-8139-b70867193922,Creature — Spirit,{3}{W}{W},5.0,"[""W""]","[""W""]","Flying
When this creature enters, return an enchantment card from your graveyard to your hand or unlock a locked door of a Room you control.
Eerie — Whenever an enchantment you control enters and whenever you fully unlock a Room, create a 3/1 white Spirit creature token with flying.",2024-09-27
1572,1,Ghostly Wings,SOI,Shadows over Innistrad,66,normal,common,en,0.3,EUR,f1b1848c-3160-45f5-91a0-74ab6d91c01b,Enchantment — Aura,{1}{U},2.0,"[""U""]","[""U""]","Enchant creature
Enchanted creature gets +1/+1 and has flying.
Discard a card: Return enchanted creature to its owner's hand.",2016-04-08
1165,1,Giant Cindermaw,BRO,The Brothers' War,136,normal,uncommon,en,0.3,EUR,1349465f-d29f-4d4b-a653-f4388574c336,Creature — Dinosaur Beast,{2}{R},3.0,"[""R""]","[""R""]","Trample (This creature can deal excess combat damage to the player or planeswalker it's attacking.)
Players can't gain life.",2022-11-18
750,2,Giant Growth,WAR,War of the Spark,162,normal,common,en,0.3,EUR,06ec9e8b-4bd8-4caf-a559-6514b7ab4ca4,Instant,{G},1.0,"[""G""]","[""G""]",Target creature gets +3/+3 until end of turn.,2019-05-03
1166,1,Giant Spectacle,KLD,Kaladesh,116,normal,common,en,0.3,EUR,7c425337-6f1f-494e-a7ae-7d533d7a0b4e,Enchantment — Aura,{1}{R},2.0,"[""R""]","[""R""]","Enchant creature
Enchanted creature gets +2/+1 and has menace.",2016-09-30
1167,1,Giant's Ire,LRW,Lorwyn,170,normal,common,en,0.3,EUR,046fa2db-4c73-401a-b9a4-b039554be625,Kindred Sorcery — Giant,{3}{R},4.0,"[""R""]","[""R""]","Giant's Ire deals 4 damage to target player or planeswalker. If you control a Giant, draw a card.",2007-10-12
1958,2,Gideon's Defeat,HOU,Hour of Devastation,13,normal,uncommon,en,0.3,EUR,4722eb81-1aa1-4863-8dfb-d9d6035bd6c6,Instant,{W},1.0,"[""W""]","[""W""]","Exile target white creature that's attacking or blocking. If it was a Gideon planeswalker, you gain 5 life.",2017-07-14
751,2,Gift of Growth,DOM,Dominaria,163,normal,common,en,0.3,EUR,7a3f8878-5928-47ec-bb31-f4ee24ad982b,Instant,{1}{G},2.0,"[""G""]","[""G""]","Kicker {2} (You may pay an additional {2} as you cast this spell.)
Untap target creature. It gets +2/+2 until end of turn. If this spell was kicked, that creature gets +4/+4 until end of turn instead.",2018-04-27
1959,2,Gift of Immortality,THS,Theros,14,normal,rare,en,6.87,EUR,2336faaa-fc6d-4fbb-bdd4-969eae565c72,Enchantment — Aura,{2}{W},3.0,"[""W""]","[""W""]","Enchant creature
When enchanted creature dies, return that card to the battlefield under its owner's control. Return this card to the battlefield attached to that creature at the beginning of the next end step.",2013-09-27
752,1,Gift of Strands,LTR,The Lord of the Rings: Tales of Middle-earth,170,normal,uncommon,en,0.3,EUR,8c54ee0c-1432-4f20-9a92-2cdfcbab30ac,Enchantment — Aura,{3}{G},4.0,"[""G""]","[""G""]","Flash
Enchant creature
When this Aura enters, scry 2.
Enchanted creature gets +3/+3.",2023-06-23
753,1,Gilt-Leaf Seer,DDR,Duel Decks: Nissa vs. Ob Nixilis,11,normal,common,en,0.3,EUR,b437bab9-2279-4160-85fd-d29c7a35ca2c,Creature — Elf Shaman,{2}{G},3.0,"[""G""]","[""G""]","{G}, {T}: Look at the top two cards of your library, then put them back in any order.",2016-09-02
410,1,Girder Goons,SNC,Streets of New Capenna,80,normal,common,en,0.3,EUR,4bfd6449-31a1-4572-8f9c-3f6f4670dc9d,Creature — Ogre Warrior,{4}{B},5.0,"[""B""]","[""B""]","When this creature dies, create a tapped 2/2 black Rogue creature token.
Blitz {3}{B} (If you cast this spell for its blitz cost, it gains haste and ""When this creature dies, draw a card."" Sacrifice it at the beginning of the next end step.)",2022-04-29
411,1,Give In to Violence,DSK,Duskmourn: House of Horror,101,normal,common,en,0.3,EUR,00ac1759-d4cc-41d5-a9b7-a89b80d2190c,Instant,{1}{B},2.0,"[""B""]","[""B""]",Target creature gets +2/+2 and gains lifelink until end of turn.,2024-09-27
412,2,Gix's Caress,BRO,The Brothers' War,96,normal,common,en,0.3,EUR,f1140cb9-6c48-4054-966e-5cc02aa7d5a4,Sorcery,{2}{B},3.0,"[""B""]","[""B""]","Target opponent reveals their hand. You choose a nonland card from it. That player discards that card.
Create a tapped Powerstone token. (It's an artifact with ""{T}: Add {C}. This mana can't be spent to cast a nonartifact spell."")",2022-11-18
413,2,Gixian Infiltrator,BRO,The Brothers' War,98,normal,common,en,0.51,EUR,c94a3317-7d1f-4f29-8353-180f1ab48d18,Creature — Phyrexian Human,{1}{B},2.0,"[""B""]","[""B""]","Whenever you sacrifice another permanent, put a +1/+1 counter on this creature.",2022-11-18
414,1,Gixian Skullflayer,BRO,The Brothers' War,100,normal,common,en,0.3,EUR,ebdcf02b-1876-44d7-8a22-679ea1272856,Creature — Phyrexian Human Assassin,{2}{B},3.0,"[""B""]","[""B""]","At the beginning of your upkeep, if there are three or more creature cards in your graveyard, put a +1/+1 counter on this creature.",2022-11-18
1573,3,Glacial Crasher,M15,Magic 2015,57,normal,common,en,0.3,EUR,e8bf55bf-ee38-4e68-81ca-0fdb8af779ef,Creature — Elemental,{4}{U}{U},6.0,"[""U""]","[""U""]","Trample (This creature can deal excess combat damage to the player or planeswalker it's attacking.)
This creature can't attack unless there is a Mountain on the battlefield.",2014-07-18
1168,2,Glacial Ray,MMA,Modern Masters,115,normal,common,en,0.3,EUR,5aa3b25c-a1e1-4eb0-9b65-3c4c6b2a8903,Instant — Arcane,{1}{R},2.0,"[""R""]","[""R""]","Glacial Ray deals 2 damage to any target.
Splice onto Arcane {1}{R} (As you cast an Arcane spell, you may reveal this card from your hand and pay its splice cost. If you do, add this card's effects to that spell.)",2013-06-07
2499,2,Glamer Gifter,ECL,Lorwyn Eclipsed,49,normal,uncommon,en,0.3,EUR,bd764dd4-2395-4138-ac29-260eac1aeaae,Creature — Faerie Wizard,{1}{U},2.0,"[""U""]","[""U""]","Flash
Flying
When this creature enters, choose up to one other target creature. Until end of turn, that creature has base power and toughness 4/4 and gains all creature types.",2026-01-23
621,1,Glamorous Outlaw,SNC,Streets of New Capenna,190,normal,common,en,0.3,EUR,452abab0-cf23-4b9d-831a-7b9fa1fd582a,Creature — Vampire Rogue,{3}{U}{B}{R},6.0,"[""B"",""R"",""U""]","[""B"",""R"",""U""]","When this creature enters, it deals 2 damage to each opponent and you scry 2.
{2}, Exile this card from your hand: Target land gains ""{T}: Add {U}, {B}, or {R}"" until this card is cast from exile. You may cast this card for as long as it remains exiled.",2022-04-29
1960,2,Glass Casket,ELD,Throne of Eldraine,393,normal,uncommon,en,0.3,EUR,2728180c-c24d-4deb-a901-ae90232ad45d,Artifact,{1}{W},2.0,"[""W""]","[""W""]","When this artifact enters, exile target creature an opponent controls with mana value 3 or less until this artifact leaves the battlefield.",2019-10-04
83,2,Glassblower's Puzzleknot,KLD,Kaladesh,217,normal,common,en,0.3,EUR,7d123031-6702-4d49-a788-42eb6dbc569e,Artifact,{2},2.0,[],"[""U""]","When this artifact enters, scry 2, then you get {E}{E}. (You get two energy counters. To scry 2, look at the top two cards of your library, then put any number of them on the bottom and the rest on top in any order.)
{2}{U}, Sacrifice this artifact: Scry 2, then you get {E}{E}.",2016-09-30
415,1,Glaze Fiend,PS11,Salvat 2011,70,normal,common,en,0.0,EUR,0d4ae740-300e-411a-bcd1-8ba122878924,Artifact Creature — Illusion,{1}{B},2.0,"[""B""]","[""B""]","Flying
Whenever another artifact you control enters, this creature gets +2/+2 until end of turn.",2011-01-01
416,1,Glidedive Duo,BLB,Bloomburrow,96,normal,common,en,0.3,EUR,4831e7ae-54e3-4bd9-b5af-52dc29f81715,Creature — Bat Lizard,{4}{B},5.0,"[""B""]","[""B""]","Flying
When this creature enters, each opponent loses 2 life and you gain 2 life.",2024-08-02
2305,1,Glider Kids,TLA,Avatar: The Last Airbender,21,normal,common,en,0.3,EUR,0613afb5-4cee-4132-8adf-404767ed8d07,Creature — Human Pilot Ally,{2}{W},3.0,"[""W""]","[""W""]","Flying
When this creature enters, scry 1. (Look at the top card of your library. You may put it on the bottom.)",2025-11-21
84,1,Glimmerlight,DSK,Duskmourn: House of Horror,249,normal,common,en,0.3,EUR,1071691c-5c65-42d4-ac96-d302185ca678,Artifact — Equipment,{2},2.0,[],[],"When this Equipment enters, create a 1/1 white Glimmer enchantment creature token.
Equipped creature gets +1/+1.
Equip {1} ({1}: Attach to target creature you control. Equip only as a sorcery.)",2024-09-27
1574,4,Glint,DTK,Dragons of Tarkir,55,normal,common,en,0.3,EUR,35fa105f-c76b-4fd0-9b83-34b46648e0d6,Instant,{1}{U},2.0,"[""U""]","[""U""]",Target creature you control gets +0/+3 and gains hexproof until end of turn. (It can't be the target of spells or abilities your opponents control.),2015-03-27
1575,1,Glint-Nest Crane,KLD,Kaladesh,50,normal,uncommon,en,0.3,EUR,6fa5b030-23a6-4fca-b318-c580e3ea2bad,Creature — Bird,{1}{U},2.0,"[""U""]","[""U""]","Flying
When this creature enters, look at the top four cards of your library. You may reveal an artifact card from among them and put it into your hand. Put the rest on the bottom of your library in any order.",2016-09-30
1169,1,Glitterfang,SOK,Saviors of Kamigawa,100,normal,common,en,0.3,EUR,a1519521-7f53-4f13-a104-daf52e8c7234,Creature — Spirit,{R},1.0,"[""R""]","[""R""]","Haste
At the beginning of the end step, return this creature to its owner's hand.",2005-06-03
1170,3,Glittering Stockpile,SNC,Streets of New Capenna,107,normal,uncommon,en,0.3,EUR,973685e8-3df1-436b-b5c2-01573a92b61e,Artifact — Treasure,{2}{R},3.0,"[""R""]","[""R""]","{T}: Add {R}. Put a stash counter on this artifact.
{T}, Sacrifice this artifact: Add X mana of any one color, where X is the number of stash counters on this artifact.",2022-04-29
754,3,Glittermonger,SNC,Streets of New Capenna,149,normal,common,en,0.3,EUR,1a3d70d2-0604-41b3-8dd1-bfeb05832271,Creature — Elf Rogue,{3}{G},4.0,"[""G""]","[""G""]","{T}: Create a Treasure token. (It's an artifact with ""{T}, Sacrifice this token: Add one mana of any color."")",2022-04-29
603,1,Gloomshrieker,NEO,Kamigawa: Neon Dynasty,219,normal,uncommon,en,0.3,EUR,a2b50751-7f65-4321-86da-eef735bf8b67,Enchantment Creature — Cat Beast,{1}{B}{G},3.0,"[""B"",""G""]","[""B"",""G""]","Menace (This creature can't be blocked except by two or more creatures.)
When this creature enters, return target permanent card from your graveyard to your hand.
If this creature would die, exile it instead.",2022-02-18
1576,1,Glorious Gale,LTR,The Lord of the Rings: Tales of Middle-earth,51,normal,common,en,0.3,EUR,6e1057de-5710-415c-9a51-1d8bd86021a3,Instant,{1}{U},2.0,"[""U""]","[""U""]","Counter target creature spell. If it was a legendary spell, the Ring tempts you.",2023-06-23
1961,1,Glory Seeker,W17,Welcome Deck 2017,2,normal,common,en,0.3,EUR,2bd51dd3-ce49-41cf-85ef-a5a1428bc71b,Creature — Human Soldier,{1}{W},2.0,"[""W""]","[""W""]",,2017-04-15
1171,1,Gluttonous Cyclops,JOU,Journey into Nyx,99,normal,common,en,0.3,EUR,e583f6be-3d78-4085-9059-c3c989a4977f,Creature — Cyclops,{5}{R},6.0,"[""R""]","[""R""]","{5}{R}{R}: Monstrosity 3. (If this creature isn't monstrous, put three +1/+1 counters on it and it becomes monstrous.)",2014-05-02
1172,1,Gnawing Crescendo,WOE,Wilds of Eldraine,131,normal,common,en,0.3,EUR,254fc64a-9734-44a6-8869-ab03512f1a99,Instant,{2}{R},3.0,"[""R""]","[""R""]","Creatures you control get +2/+0 until end of turn. Whenever a nontoken creature you control dies this turn, create a 1/1 black Rat creature token with ""This token can't block.""",2023-09-08
2485,1,Goatnap,ECL,Lorwyn Eclipsed,142,normal,uncommon,en,0.3,EUR,7d8dbec5-ae71-4f82-898a-b930ec677403,Sorcery,{2}{R},3.0,"[""R""]","[""R""]","Gain control of target creature until end of turn. Untap that creature. It gains haste until end of turn. If that creature is a Goat, it also gets +3/+0 until end of turn.",2026-01-23
2395,1,Goblin,TECL,Lorwyn Eclipsed Tokens,6,normal,common,en,0.0,EUR,6139a45d-ebc7-4bca-8c13-73c85ea5fe0d,Token Creature — Goblin,,0.0,"[""B"",""R""]",[],,2026-01-23
2458,1,Goblin,TECL,Lorwyn Eclipsed Tokens,6,normal,common,en,,EUR,6139a45d-ebc7-4bca-8c13-73c85ea5fe0d,Token Creature — Goblin,,0.0,"[""B"",""R""]",[],,2026-01-23
1173,1,Goblin,TMH1,Modern Horizons Tokens,10,normal,common,en,0.3,EUR,c5522b39-802a-4508-a671-2f73b0633032,Token Creature — Goblin,,0.0,"[""R""]","[""R""]",,2019-05-30
1174,1,Goblin Arsonist,DDK,Duel Decks: Sorin vs. Tibalt,42,normal,common,en,0.3,EUR,cc6f5598-6fbd-4808-bae6-e4d62ce6d315,Creature — Goblin Shaman,{R},1.0,"[""R""]","[""R""]","When this creature dies, you may have it deal 1 damage to any target.",2013-03-15
1175,3,Goblin Assailant,M20,Core Set 2020,330,normal,common,en,0.3,EUR,8cfefb65-b6e4-44a1-baa9-d3c00ee8ba96,Creature — Goblin Warrior,{1}{R},2.0,"[""R""]","[""R""]",,2019-07-12
1176,1,Goblin Fireleaper,LTR,The Lord of the Rings: Tales of Middle-earth,133,normal,uncommon,en,0.3,EUR,ec120dae-8c40-4053-9341-1f7774464634,Creature — Goblin Warrior,{1}{R},2.0,"[""R""]","[""R""]","{1}{R}: This creature gets +1/+0 until end of turn.
When this creature dies, it deals damage equal to its power to target creature an opponent controls.",2023-06-23
1177,1,Goblin Freerunner,OGW,Oath of the Gatewatch,111,normal,common,en,0.3,EUR,5082e0a1-5c3e-4b8c-ba88-290151564133,Creature — Goblin Warrior Ally,{3}{R},4.0,"[""R""]","[""R""]","Surge {1}{R} (You may cast this spell for its surge cost if you or a teammate has cast another spell this turn.)
Menace (This creature can't be blocked except by two or more creatures.)",2016-01-22
1178,1,Goblin Gathering,RNA,Ravnica Allegiance,104,normal,common,en,0.3,EUR,147bef05-4497-44d5-9dd6-fb5dc08e78f7,Sorcery,{2}{R},3.0,"[""R""]","[""R""]",Create a number of 1/1 red Goblin creature tokens equal to two plus the number of cards named Goblin Gathering in your graveyard.,2019-01-25
1179,1,Goblin Glory Chaser,DDT,Duel Decks: Merfolk vs. Goblins,43,normal,uncommon,en,0.3,EUR,07679f88-4bbe-46e1-9b24-3b9f5670860f,Creature — Goblin Warrior,{R},1.0,"[""R""]","[""R""]","Renown 1 (When this creature deals combat damage to a player, if it isn't renowned, put a +1/+1 counter on it and it becomes renowned.)
As long as this creature is renowned, it has menace. (It can't be blocked except by two or more creatures.)",2017-10-24
1180,1,Goblin Instigator,M19,Core Set 2019,142,normal,common,en,0.68,EUR,90cef94d-d941-4e08-afec-a116626b74fb,Creature — Goblin Rogue,{1}{R},2.0,"[""R""]","[""R""]","When this creature enters, create a 1/1 red Goblin creature token.",2018-07-13
1181,2,Goblin Motivator,M19,Core Set 2019,143,normal,common,en,0.3,EUR,94b3a4fb-9024-45ef-a54b-cf3a9fa5b9c2,Creature — Goblin Warrior,{R},1.0,"[""R""]","[""R""]",{T}: Target creature gains haste until end of turn. (It can attack and {T} this turn.),2018-07-13
1182,1,Goblin Mountaineer,ALA,Shards of Alara,102,normal,common,en,0.3,EUR,1afa1475-797d-4cdc-93d6-e186c25e0bf5,Creature — Goblin Scout,{R},1.0,"[""R""]","[""R""]",Mountainwalk (This creature can't be blocked as long as defending player controls a Mountain.),2008-10-03
1183,1,Goblin Rabblemaster,DDT,Duel Decks: Merfolk vs. Goblins,46,normal,rare,en,1.54,EUR,bce84a87-093a-42de-9696-8c3250e0f33b,Creature — Goblin Warrior,{2}{R},3.0,"[""R""]","[""R""]","Other Goblin creatures you control attack each combat if able.
At the beginning of combat on your turn, create a 1/1 red Goblin creature token with haste.
Whenever this creature attacks, it gets +1/+0 until end of turn for each other attacking Goblin.",2017-10-24
1184,3,Goblin Roughrider,M15,Magic 2015,146,normal,common,en,0.3,EUR,9097ec4a-6c0e-4c27-8910-29ac47612031,Creature — Goblin Knight,{2}{R},3.0,"[""R""]","[""R""]",,2014-07-18
1962,1,God-Favored General,BNG,Born of the Gods,14,normal,uncommon,en,0.3,EUR,984c2db0-5a79-47b8-8a42-5674c6d9d0fd,Creature — Human Soldier,{1}{W},2.0,"[""W""]","[""W""]","Inspired — Whenever this creature becomes untapped, you may pay {2}{W}. If you do, create two 1/1 white Soldier enchantment creature tokens.",2014-02-07
1577,1,Godhunter Octopus,JOU,Journey into Nyx,39,normal,common,en,0.3,EUR,da106c23-fd1c-461b-9301-159f93ef489b,Creature — Octopus,{5}{U},6.0,"[""U""]","[""U""]",This creature can't attack unless defending player controls an enchantment or an enchanted permanent.,2014-05-02
1963,2,Gods Willing,M20,Core Set 2020,19,normal,uncommon,en,0.3,EUR,90883bac-bcd8-4fa9-a17c-c2402fb0714e,Instant,{W},1.0,"[""W""]","[""W""]","Target creature you control gains protection from the color of your choice until end of turn. (It can't be blocked, targeted, dealt damage, enchanted, or equipped by anything of that color.)
Scry 1.",2019-07-12
755,1,Godtoucher,ALA,Shards of Alara,133,normal,common,en,0.3,EUR,032059cb-c1ad-4cc9-a89d-d68289800312,Creature — Elf Cleric,{3}{G},4.0,"[""G""]","[""G"",""W""]","{1}{W}, {T}: Prevent all damage that would be dealt to target creature with power 5 or greater this turn.",2008-10-03
85,2,Gold-Forged Sentinel,BBD,Battlebond,236,normal,uncommon,en,0.3,EUR,ca1bcaee-52bf-4000-8ffa-ee5e04703de6,Artifact Creature — Chimera,{6},6.0,[],[],Flying,2018-06-08
756,1,Golden Hind,JOU,Journey into Nyx,124,normal,common,en,0.3,EUR,1ae883ea-191e-4571-be3d-1e3149e6965e,Creature — Elk,{1}{G},2.0,"[""G""]","[""G""]",{T}: Add {G}.,2014-05-02
1964,1,Golden-Tail Disciple,NEO,Kamigawa: Neon Dynasty,15,normal,common,en,0.3,EUR,d631e7da-bd71-424a-a349-9bce0fd16b1f,Enchantment Creature — Fox Monk,{2}{W},3.0,"[""W""]","[""W""]",Lifelink (Damage dealt by this creature also causes you to gain that much life.),2022-02-18
1965,1,Goldmeadow Dodger,LRW,Lorwyn,16,normal,common,en,0.3,EUR,5305b5c6-2af6-4b5c-9a57-0a2d2628e2f4,Creature — Kithkin Rogue,{W},1.0,"[""W""]","[""W""]",This creature can't be blocked by creatures with power 4 or greater.,2007-10-12
2480,1,Goldmeadow Nomad,ECL,Lorwyn Eclipsed,18,normal,common,en,0.3,EUR,00ddbe6c-11de-4bc6-aabe-d6d8385a838a,Creature — Kithkin Scout,{W},1.0,"[""W""]","[""W""]","{W}, Exile this card from your graveyard: Create a 1/1 green and white Kithkin creature token. Activate only as a sorcery.",2026-01-23
86,1,Golem,TM20,Core Set 2020 Tokens,9,normal,common,en,0.3,EUR,78ea4711-a951-4a1b-88cb-f628f97b6164,Token Artifact Creature — Golem,,0.0,[],[],,2019-07-12
87,1,Golgari Guildgate,C19,Commander 2019,247,normal,common,en,0.3,EUR,9baed2e6-687f-4ab4-b378-4282f3a43c9c,Land — Gate,,0.0,[],"[""B"",""G""]","This land enters tapped.
{T}: Add {B} or {G}.",2019-08-23
88,1,Golgari Locket,GRN,Guilds of Ravnica,237,normal,common,en,0.3,EUR,1c2e7843-9a87-46cb-be06-6db58649db85,Artifact,{3},3.0,[],"[""B"",""G""]","{T}: Add {B} or {G}.
{B/G}{B/G}{B/G}{B/G}, {T}, Sacrifice this artifact: Draw two cards.",2018-10-05
2405,1,Goliath Daydreamer,ECL,Lorwyn Eclipsed,143,normal,rare,en,0.42,EUR,88e8cd13-2a29-4df6-937c-1bed68fbeafa,Creature — Giant Wizard,{2}{R}{R},4.0,"[""R""]","[""R""]","Whenever you cast an instant or sorcery spell from your hand, exile that card with a dream counter on it instead of putting it into your graveyard as it resolves.
Whenever this creature attacks, you may cast a spell from among cards you own in exile with dream counters on them without paying its mana cost.",2026-01-23
417,1,"Gollum, Patient Plotter",LTR,The Lord of the Rings: Tales of Middle-earth,84,normal,uncommon,en,0.3,EUR,4ddda7d4-0226-404f-8418-f1f5720dcef8,Legendary Creature — Halfling Horror,{1}{B},2.0,"[""B""]","[""B""]","When Gollum leaves the battlefield, the Ring tempts you.
{B}, Sacrifice a creature: Return this card from your graveyard to your hand. Activate only as a sorcery.",2023-06-23
418,1,"Gollum, Scheming Guide",LTR,The Lord of the Rings: Tales of Middle-earth,390,normal,rare,en,4.29,EUR,76aa1492-579f-4e36-8931-b2bf203e2d76,Legendary Creature — Halfling Horror,{1}{B},2.0,"[""B""]","[""B""]","Whenever Gollum attacks, look at the top two cards of your library, put them back in any order, then choose land or nonland. An opponent guesses whether the top card of your library is the chosen kind. Reveal that card. If they guessed right, remove Gollum from combat. Otherwise, you draw a card and Gollum can't be blocked this turn.",2023-06-23
1578,1,Gone Missing,SOI,Shadows over Innistrad,67,normal,common,en,0.3,EUR,e88ae6bf-9c58-4543-ba66-19ea41d01e9b,Sorcery,{4}{U},5.0,"[""U""]","[""U""]","Put target permanent on top of its owner's library.
Investigate. (Create a Clue token. It's an artifact with ""{2}, Sacrifice this token: Draw a card."")",2016-04-08
89,2,Goring Warplow,BRO,The Brothers' War,120,normal,common,en,0.3,EUR,9d927dfd-ae66-4235-a61b-39c85d0c1222,Artifact Creature — Construct,{6},6.0,[],"[""B""]","Prototype {1}{B} — 1/1 (You may cast this spell with different mana cost, color, and size. It keeps its abilities and types.)
Deathtouch",2022-11-18
1579,1,Gossip's Talent,BLB,Bloomburrow,51,normal,uncommon,en,0.34,EUR,b299889a-03d6-4659-b0e1-f0830842e40f,Enchantment — Class,{1}{U},2.0,"[""U""]","[""U""]","(Gain the next level as a sorcery to add its ability.)
Whenever a creature you control enters, surveil 1.
{1}{U}: Level 2
Whenever you attack, target attacking creature with power 3 or less can't be blocked this turn.
{3}{U}: Level 3
Whenever a creature you control deals combat damage to a player, you may exile it, then return it to the battlefield under its owner's control.",2024-08-02
419,1,"Gothmog, Morgul Lieutenant",LTR,The Lord of the Rings: Tales of Middle-earth,429,normal,uncommon,en,0.3,EUR,4b9af0ce-db08-4ccf-a9f3-b7c1eea14423,Legendary Creature — Human Soldier,{3}{B},4.0,"[""B""]","[""B""]","When Gothmog enters, amass Orcs 1. (Put a +1/+1 counter on an Army you control. It's also an Orc. If you don't control an Army, create a 0/0 black Orc Army creature token first.)
Creature tokens you control have deathtouch.",2023-06-23
757,3,Grafted Growth,NEO,Kamigawa: Neon Dynasty,188,normal,common,en,0.3,EUR,e7a15010-1b70-4b4f-8b5d-cb2d764a1799,Enchantment — Aura,{2}{G},3.0,"[""G""]","[""G""]","Enchant land
When this Aura enters, put a +1/+1 counter on target creature or Vehicle you control.
Enchanted land has ""{T}: Add two mana of any one color.""",2022-02-18
2325,1,Gran-Gran,TLA,Avatar: The Last Airbender,54,normal,uncommon,en,0.34,EUR,fa434b41-e5f7-4989-865a-95db67b05cb1,Legendary Creature — Human Peasant Ally,{U},1.0,"[""U""]","[""U""]","Whenever Gran-Gran becomes tapped, draw a card, then discard a card.
Noncreature spells you cast cost {1} less to cast as long as there are three or more Lesson cards in your graveyard.",2025-11-21
758,1,Grapple with the Past,C18,Commander 2018,148,normal,common,en,0.3,EUR,2fc31acb-dfb7-4ca7-85d9-53b8a7217676,Instant,{1}{G},2.0,"[""G""]","[""G""]","Mill three cards, then you may return a creature or land card from your graveyard to your hand. (To mill three cards, put the top three cards of your library into your graveyard.)",2018-08-10
90,2,Grave Birthing,BFZ,Battle for Zendikar,93,normal,common,en,0.3,EUR,0e996a30-3a4d-4a26-8386-f9eb9c999dc0,Instant,{2}{B},3.0,[],"[""B""]","Devoid (This card has no color.)
Target opponent exiles a card from their graveyard. You create a 1/1 colorless Eldrazi Scion creature token. It has ""Sacrifice this token: Add {C}.""
Draw a card.",2015-10-02
1185,1,Gravel-Hide Goblin,RNA,Ravnica Allegiance,105,normal,common,en,0.3,EUR,4942068c-ffde-4a6b-849e-8acf05e1d2e1,Creature — Goblin Shaman,{1}{R},2.0,"[""R""]","[""G"",""R""]",{3}{G}: This creature gets +2/+2 until end of turn.,2019-01-25
2444,1,Gravelgill Scoundrel,ECL,Lorwyn Eclipsed,53,normal,common,en,0.3,EUR,320bc30c-7a8a-411a-9f36-9c69126e131b,Creature — Merfolk Rogue,{1}{U},2.0,"[""U""]","[""U""]","Vigilance
Whenever this creature attacks, you may tap another untapped creature you control. If you do, this creature can't be blocked this turn.",2026-01-23
420,1,Gravepurge,DTK,Dragons of Tarkir,104,normal,common,en,0.3,EUR,b5bf549c-799f-456f-85d5-8a7302bc729d,Instant,{2}{B},3.0,"[""B""]","[""B""]","Put any number of target creature cards from your graveyard on top of your library.
Draw a card.",2015-03-27
2359,1,Graveshifter,ECL,Lorwyn Eclipsed,104,normal,uncommon,en,0.3,EUR,dadb02b9-d3a0-4b51-bbc3-53b2316cd70d,Creature — Shapeshifter,{3}{B},4.0,"[""B""]","[""B""]","Changeling (This card is every creature type.)
When this creature enters, you may return target creature card from your graveyard to your hand.",2026-01-23
421,1,Graveyard Shift,SNC,Streets of New Capenna,81,normal,uncommon,en,0.3,EUR,394d7fb3-44ee-409f-a992-27e5aabd9c2b,Sorcery,{4}{B},5.0,"[""B""]","[""B""]","This spell has flash as long as there are five or more mana values among cards in your graveyard.
Return target creature card from your graveyard to the battlefield.",2022-04-29
91,2,Graypelt Refuge,C19,Commander 2019,249,normal,uncommon,en,0.3,EUR,0849b6dd-0330-4b7e-b7da-98e767adb4a0,Land,,0.0,[],"[""G"",""W""]","This land enters tapped.
When this land enters, you gain 1 life.
{T}: Add {G} or {W}.",2019-08-23
1966,1,Great Desert Prospector,BRO,The Brothers' War,7,normal,uncommon,en,0.3,EUR,dc83d586-bf46-437f-a5a3-996bd62d5866,Creature — Human Artificer,{4}{W},5.0,"[""W""]","[""W""]","When this creature enters, create a tapped Powerstone token for each other creature you control. (They're artifacts with ""{T}: Add {C}. This mana can't be spent to cast a nonartifact spell."")",2022-11-18
2465,1,Great Forest Druid,ECL,Lorwyn Eclipsed,178,normal,common,en,0.3,EUR,8793a19e-6743-4031-86d9-2ff55f384549,Creature — Treefolk Druid,{1}{G},2.0,"[""G""]","[""G""]",{T}: Add one mana of any color.,2026-01-23
1967,3,Great Hart,BNG,Born of the Gods,15,normal,common,en,0.3,EUR,70cd7d2b-e9c4-4900-89a0-f6eb0c6cb22b,Creature — Elk,{3}{W},4.0,"[""W""]","[""W""]",,2014-02-07
759,1,Greater Tanuki,NEO,Kamigawa: Neon Dynasty,189,normal,common,en,0.3,EUR,b4fbaee3-a10f-4b2d-b07e-d041a96a7e27,Enchantment Creature — Dog,{4}{G}{G},6.0,"[""G""]","[""G""]","Trample
Channel — {2}{G}, Discard this card: Search your library for a basic land card, put it onto the battlefield tapped, then shuffle.",2022-02-18
760,1,Greenwood Sentinel,M20,Core Set 2020,174,normal,common,en,0.3,EUR,e9a1a70d-c146-453e-84c4-71cae4e0afaa,Creature — Elf Scout,{1}{G},2.0,"[""G""]","[""G""]",Vigilance (Attacking doesn't cause this creature to tap.),2019-07-12
1186,1,Gremlin,TAER,Aether Revolt Tokens,1,normal,common,en,0.3,EUR,c6071fed-39c1-4f3b-a821-1611aedd8054,Token Creature — Gremlin,,0.0,"[""R""]","[""R""]",,2017-01-20
1187,1,Gremlin Infestation,AER,Aether Revolt,83,normal,uncommon,en,0.3,EUR,b51438f5-c4d4-434a-b7ea-dee0b60303e4,Enchantment — Aura,{3}{R},4.0,"[""R""]","[""R""]","Enchant artifact
At the beginning of your end step, this Aura deals 2 damage to enchanted artifact's controller.
When enchanted artifact is put into a graveyard, create a 2/2 red Gremlin creature token.",2017-01-20
1968,1,Griffin Dreamfinder,BNG,Born of the Gods,16,normal,common,en,0.3,EUR,b569fadd-d9ca-4b0d-bee2-9d45574e56f0,Creature — Griffin,{3}{W}{W},5.0,"[""W""]","[""W""]","Flying
When this creature enters, return target enchantment card from your graveyard to your hand.",2014-02-07
604,2,Grim Contest,FRF,Fate Reforged,153,normal,common,en,0.3,EUR,24c44722-c65a-41ae-92a9-9c9d7d759a8e,Instant,{1}{B}{G},3.0,"[""B"",""G""]","[""B"",""G""]",Choose target creature you control and target creature an opponent controls. Each of those creatures deals damage equal to its toughness to the other.,2015-01-23
422,2,Grim Guardian,JOU,Journey into Nyx,73,normal,common,en,0.51,EUR,732b5444-0410-430b-87ca-cf2d9f165bd7,Enchantment Creature — Zombie,{2}{B},3.0,"[""B""]","[""B""]","Constellation — Whenever this creature or another enchantment you control enters, each opponent loses 1 life.",2014-05-02
1580,1,Grip of the Roil,OGW,Oath of the Gatewatch,56,normal,uncommon,en,0.3,EUR,6cf33069-013f-43ab-9a31-e67bb6dc996d,Instant,{2}{U},3.0,"[""U""]","[""U""]","Surge {1}{U} (You may cast this spell for its surge cost if you or a teammate has cast another spell this turn.)
Tap target creature. It doesn't untap during its controller's next untap step.
Draw a card.",2016-01-22
1581,1,Griptide,DDM,Duel Decks: Jace vs. Vraska,28,normal,common,en,0.3,EUR,77480b11-2470-401a-be19-710ea32b719d,Instant,{3}{U},4.0,"[""U""]","[""U""]",Put target creature on top of its owner's library.,2014-03-14
423,2,Griselbrand,MM3,Modern Masters 2017,72,normal,mythic,en,3.43,EUR,cf2a5c2e-7fe1-45eb-b01c-891ab961186f,Legendary Creature — Demon,{4}{B}{B}{B}{B},8.0,"[""B""]","[""B""]","Flying, lifelink
Pay 7 life: Draw seven cards.",2017-03-17
424,1,Grisly Sigil,SNC,Streets of New Capenna,82,normal,uncommon,en,0.3,EUR,6322e12d-b932-4ca1-a51d-e2a928140cc7,Sorcery,{B},1.0,"[""B""]","[""B""]","Casualty 1 (As you cast this spell, you may sacrifice a creature with power 1 or greater. When you do, copy this spell and you may choose a new target for the copy.)
Choose target creature or planeswalker. If it was dealt noncombat damage this turn, Grisly Sigil deals 3 damage to it and you gain 3 life. Otherwise, Grisly Sigil deals 1 damage to it and you gain 1 life.",2022-04-29
425,1,Grotesque Mutation,BBD,Battlebond,145,normal,common,en,0.3,EUR,83684009-f91d-4503-bdbb-181c53f394de,Instant,{1}{B},2.0,"[""B""]","[""B""]",Target creature gets +3/+1 and gains lifelink until end of turn. (Damage dealt by the creature also causes its controller to gain that much life.),2018-06-08
761,1,Grow from the Ashes,DOM,Dominaria,164,normal,common,en,0.3,EUR,51d4d1c2-671c-498c-a232-7d076e3dc3bb,Sorcery,{2}{G},3.0,"[""G""]","[""G""]","Kicker {2} (You may pay an additional {2} as you cast this spell.)
Search your library for a basic land card, put it onto the battlefield, then shuffle. If this spell was kicked, instead search your library for two basic land cards, put them onto the battlefield, then shuffle.",2018-04-27
2470,1,Grub's Command,ECL,Lorwyn Eclipsed,340,normal,rare,en,0.59,EUR,54a38e72-b308-410f-b182-454c935e2242,Kindred Sorcery — Goblin,{3}{B}{R},5.0,"[""B"",""R""]","[""B"",""R""]","Choose two —
• Create a token that's a copy of target Goblin you control.
• Creatures target player controls get +1/+1 and gain haste until end of turn.
• Destroy target artifact or creature.
• Target player mills five cards, then puts each Goblin card milled this way into their hand.",2026-01-23
426,1,Gruesome Realization,BRO,The Brothers' War,103,normal,uncommon,en,0.3,EUR,21cd0ece-a267-42ab-b95a-6e7931bd837a,Sorcery,{1}{B}{B},3.0,"[""B""]","[""B""]","Choose one —
• You draw two cards and you lose 2 life.
• Creatures your opponents control get -1/-1 until end of turn.",2022-11-18
92,1,Gruul Guildgate,RNA,Ravnica Allegiance,250,normal,common,en,0.3,EUR,8fffd445-de4f-45de-95b9-6e0855926a6a,Land — Gate,,0.0,[],"[""G"",""R""]","This land enters tapped.
{T}: Add {R} or {G}.",2019-01-25
762,1,Gruul Nodorog,GPT,Guildpact,88,normal,common,en,0.3,EUR,9855ce83-ae26-4b1d-ab7f-637cde09d679,Creature — Beast,{4}{G}{G},6.0,"[""G""]","[""G"",""R""]",{R}: This creature gains menace until end of turn. (It can't be blocked except by two or more creatures.),2006-02-03
93,1,Guardian Automaton,ORI,Magic Origins,227,normal,common,en,0.3,EUR,7e8916b7-f5e4-4fae-8db8-9859d69212ec,Artifact Creature — Construct,{4},4.0,[],[],"When this creature dies, you gain 3 life.",2015-07-17
1969,1,Guardian of the Great Door,LCI,The Lost Caverns of Ixalan,16,normal,uncommon,en,0.3,EUR,a86f3cb2-7822-4c19-bd84-cea177e5b6e9,Creature — Angel,{W}{W},2.0,"[""W""]","[""W""]","As an additional cost to cast this spell, tap four untapped artifacts, creatures, and/or lands you control.
Flying",2023-11-17
1970,1,Guardian's Magemark,GPT,Guildpact,8,normal,common,en,0.3,EUR,86a688e9-28ec-4604-8705-46549402a6f8,Enchantment — Aura,{2}{W},3.0,"[""W""]","[""W""]","Flash
Enchant creature
Creatures you control that are enchanted get +1/+1.",2006-02-03
1971,1,Guardians of Akrasa,M13,Magic 2013,18,normal,common,en,0.3,EUR,383c9aa5-30ad-4a2a-8b64-65d4b333c613,Creature — Human Soldier,{2}{W},3.0,"[""W""]","[""W""]","Defender (This creature can't attack.)
Exalted (Whenever a creature you control attacks alone, that creature gets +1/+1 until end of turn.)",2012-07-13
94,1,Guardians of Koilos,DOM,Dominaria,216,normal,common,en,0.3,EUR,bbbc615a-708a-444b-acab-871cce22694d,Artifact Creature — Construct,{5},5.0,[],[],"When this creature enters, you may return another target historic permanent you control to its owner's hand. (Artifacts, legendaries, and Sagas are historic.)",2018-04-27
95,3,Guardians of Meletis,ORI,Magic Origins,228,normal,common,en,0.3,EUR,2ff39de2-d071-4568-baac-25b505a2da56,Artifact Creature — Golem,{3},3.0,[],[],Defender (This creature can't attack.),2015-07-17
2220,2,Guardians of Oboro,NEO,Kamigawa: Neon Dynasty,317,normal,common,en,0.3,EUR,95dbd59e-a2f0-4031-b6c6-1b59fb7cb067,Creature — Moonfolk Samurai,{2}{U},3.0,"[""U""]","[""U""]","Defender
Modified creatures you control can attack as though they didn't have defender. (Equipment, Auras you control, and counters are modifications.)",2022-02-18
427,1,Gurgling Anointer,BRO,The Brothers' War,104,normal,uncommon,en,0.3,EUR,9ce0d139-2bea-48df-a007-cee7c8ce07bd,Creature — Phyrexian Horror,{2}{B},3.0,"[""B""]","[""B""]","Flying
Whenever you draw your second card each turn, put a +1/+1 counter on this creature.
When this creature dies, return another target creature card with mana value less than or equal to this creature's power from your graveyard to the battlefield.",2022-11-18
1582,1,Gurmag Drowner,DTK,Dragons of Tarkir,57,normal,common,en,0.3,EUR,5087a664-6ed7-43a1-8851-71bbee204eb1,Creature — Snake Wizard,{3}{U},4.0,"[""U""]","[""U""]","Exploit (When this creature enters, you may sacrifice a creature.)
When this creature exploits a creature, look at the top four cards of your library. Put one of them into your hand and the rest into your graveyard.",2015-03-27
1972,1,Gustrider Exuberant,ALA,Shards of Alara,13,normal,common,en,0.3,EUR,5343e6f2-7db7-4731-8e1b-70bf74316a79,Creature — Human Wizard,{2}{W},3.0,"[""W""]","[""W""]","Flying
Sacrifice this creature: Creatures you control with power 5 or greater gain flying until end of turn.",2008-10-03
2440,1,Gutsplitter Gang,ECL,Lorwyn Eclipsed,106,normal,uncommon,en,0.3,EUR,9ff74349-693d-4373-a194-9796316dd1f1,Creature — Goblin Berserker,{3}{B},4.0,"[""B""]","[""B""]","At the beginning of your first main phase, you may blight 2. If you don't, you lose 3 life. (To blight 2, put two -1/-1 counters on a creature you control.)",2026-01-23
1973,1,Haazda Officer,M20,Core Set 2020,305,normal,common,en,0.3,EUR,f766418a-eb1d-4536-ae51-7f3e8969bb78,Creature — Human Soldier,{2}{W},3.0,"[""W""]","[""W""]","When this creature enters, target creature you control gets +1/+1 until end of turn.",2019-07-12
96,2,Halo Scarab,SNC,Streets of New Capenna,239,normal,common,en,0.3,EUR,2eead159-b9a1-4c64-affe-c77b0a9e4775,Artifact Creature — Insect,{2},2.0,[],[],"{2}, Exile this card from your graveyard: Create a Treasure token. (It's an artifact with ""{T}, Sacrifice this token: Add one mana of any color."")",2022-04-29
2554,1,Hamato Guardian Stance,TMT,Teenage Mutant Ninja Turtles,8,normal,common,en,0.3,EUR,735b540b-b472-46fa-a232-d444cabf6c4c,,,,,,,
1188,4,Hammerhand,IMA,Iconic Masters,132,normal,common,en,0.3,EUR,f980def6-9a87-4948-9d02-956d568a95fe,Enchantment — Aura,{R},1.0,"[""R""]","[""R""]","Enchant creature
When this Aura enters, target creature can't block this turn.
Enchanted creature gets +1/+1 and has haste.",2017-11-17
1583,1,Harbor Serpent,M13,Magic 2013,53,normal,common,en,0.3,EUR,af0f7357-08b0-403e-8913-8965662a905e,Creature — Serpent,{4}{U}{U},6.0,"[""U""]","[""U""]","Islandwalk (This creature can't be blocked as long as defending player controls an Island.)
This creature can't attack unless there are five or more Islands on the battlefield.",2012-07-13
763,1,Hard-Hitting Question,MKM,Murders at Karlov Manor,164,normal,uncommon,en,0.3,EUR,8ad807c2-14a7-4464-bf57-c323fb3c0bd0,Sorcery,{G},1.0,"[""G""]","[""G""]",Target creature you control deals damage equal to its power to target creature or planeswalker you don't control.,2024-02-09
764,3,Harmonious Emergence,NEO,Kamigawa: Neon Dynasty,190,normal,common,en,0.3,EUR,c92ff968-b436-4313-8375-8a3bb41f9892,Enchantment — Aura,{3}{G},4.0,"[""G""]","[""G""]","Enchant land you control
Enchanted land is a 4/5 green Spirit creature with vigilance and haste. It's still a land.
If enchanted land would be destroyed, instead sacrifice this Aura and that land gains indestructible until end of turn.",2022-02-18
428,1,Harpy,TTHS,Theros Tokens,6,normal,common,en,0.3,EUR,26b24bbe-f5bc-44d3-b716-6612d39b07bc,Token Creature — Harpy,,0.0,"[""B""]","[""B""]",Flying,2013-09-27
1189,1,Harried Dronesmith,MKM,Murders at Karlov Manor,131,normal,uncommon,en,0.3,EUR,36cb25ee-3c84-40a8-ba45-7e44893deecf,Creature — Human Artificer,{3}{R},4.0,"[""R""]","[""R""]","At the beginning of combat on your turn, create a 1/1 colorless Thopter artifact creature token with flying. It gains haste until end of turn. Sacrifice it at the beginning of your next end step.",2024-02-09
1190,1,Harried Spearguard,WOE,Wilds of Eldraine,135,normal,common,en,0.3,EUR,1db79785-4f55-445f-93f2-14c6e4606fc5,Creature — Human Soldier,{R},1.0,"[""R""]","[""R""]","Haste
When this creature dies, create a 1/1 black Rat creature token with ""This token can't block.""",2023-09-08
639,1,Harsh Sustenance,FRF,Fate Reforged,154,normal,common,en,0.3,EUR,770d60a0-23fc-4224-873c-2e5549b3a816,Instant,{1}{W}{B},3.0,"[""B"",""W""]","[""B"",""W""]","Harsh Sustenance deals X damage to any target and you gain X life, where X is the number of creatures you control.",2015-01-23
1974,1,Harvestguard Alseids,JOU,Journey into Nyx,13,normal,common,en,0.3,EUR,3b9256e2-b59c-4997-91c1-4c565746d53d,Enchantment Creature — Nymph,{2}{W},3.0,"[""W""]","[""W""]","Constellation — Whenever this creature or another enchantment you control enters, prevent all damage that would be dealt to target creature this turn.",2014-05-02
97,1,Hashep Oasis,HOU,Hour of Devastation,177,normal,uncommon,en,0.3,EUR,3bba75d2-3f1b-4828-be11-2da695f7bde7,Land — Desert,,0.0,[],"[""G""]","{T}: Add {C}.
{T}, Pay 1 life: Add {G}.
{1}{G}{G}, {T}, Sacrifice a Desert: Target creature gets +3/+3 until end of turn. Activate only as a sorcery.",2017-07-14
98,1,Haunted Plate Mail,M15,Magic 2015,218,normal,rare,en,0.42,EUR,f7daae6f-fe19-4f42-b85d-75c996abe1be,Artifact — Equipment,{4},4.0,[],[],"Equipped creature gets +4/+4.
{0}: Until end of turn, this permanent becomes a 4/4 Spirit artifact creature that's no longer an Equipment. Activate only if you control no creatures.
Equip {4} ({4}: Attach to target creature you control. Equip only as a sorcery.)",2014-07-18
1191,1,Havoc Devils,M19,Core Set 2019,146,normal,common,en,0.3,EUR,2f003678-0f17-4f1d-87d5-83613a82044b,Creature — Devil,{2}{R}{R},4.0,"[""R""]","[""R""]",Trample (This creature can deal excess combat damage to the player or planeswalker it's attacking.),2018-07-13
99,1,Havoc Sower,OGW,Oath of the Gatewatch,71,normal,uncommon,en,0.3,EUR,f8585871-24a2-41d7-ae12-29aabfbc9ccc,Creature — Eldrazi Drone,{3}{B},4.0,[],"[""B""]","Devoid (This card has no color.)
{1}{C}: This creature gets +2/+1 until end of turn. ({C} represents colorless mana.)",2016-01-22
765,2,Heal the Scars,LRW,Lorwyn,217,normal,common,en,0.3,EUR,b802a7fe-9c8b-4bc3-95d8-4a5dafcf2c75,Instant,{3}{G},4.0,"[""G""]","[""G""]",Regenerate target creature. You gain life equal to that creature's toughness.,2007-10-12
1975,1,Healing Grace,DOM,Dominaria,20,normal,common,en,0.3,EUR,f7512d31-dc35-4046-a1ba-49b74239c329,Instant,{W},1.0,"[""W""]","[""W""]",Prevent the next 3 damage that would be dealt to any target this turn by a source of your choice. You gain 3 life.,2018-04-27
1192,1,Hearth Kami,CHK,Champions of Kamigawa,171,normal,common,en,0.3,EUR,d7361289-5111-49c2-a786-b7181384596b,Creature — Spirit,{1}{R},2.0,"[""R""]","[""R""]","{X}, Sacrifice this creature: Destroy target artifact with mana value X.",2004-10-01
2275,1,Heartless Act,TLA,Avatar: The Last Airbender,103,normal,uncommon,en,0.3,EUR,b57c57a8-d72b-4c6c-a2db-a7ef61190f42,Instant,{1}{B},2.0,"[""B""]","[""B""]","Choose one —
• Destroy target creature with no counters on it.
• Remove up to three counters from target creature.",2025-11-21
429,1,Heartless Pillage,XLN,Ixalan,109,normal,uncommon,en,0.3,EUR,c5e791ce-1380-4de0-b314-246ea6dfc3cc,Sorcery,{2}{B},3.0,"[""B""]","[""B""]","Target opponent discards two cards.
Raid — If you attacked this turn, create a Treasure token. (It's an artifact with ""{T}, Sacrifice this token: Add one mana of any color."")",2017-09-29
1193,1,Heat Ray,IMA,Iconic Masters,133,normal,common,en,0.3,EUR,d59a9859-c50a-4dc5-aae2-56fcafb1792d,Instant,{X}{R},1.0,"[""R""]","[""R""]",Heat Ray deals X damage to target creature.,2017-11-17
100,1,Heavyweight Demolisher,BRO,The Brothers' War,160,normal,uncommon,en,0.3,EUR,f72de800-b28e-42c4-a3ca-5ec3a765d807,Artifact Creature — Construct,{7},7.0,[],"[""R""]","Menace
At the beginning of your upkeep, tap this creature unless you pay {3}.
Unearth {6}{R}{R} ({6}{R}{R}: Return this card from your graveyard to the battlefield. It gains haste. Exile it at the beginning of the next end step or if it would leave the battlefield. Unearth only as a sorcery.)",2022-11-18
101,1,Hedron Crawler,OGW,Oath of the Gatewatch,164,normal,common,en,0.3,EUR,9f827f92-1df6-4fd0-aa61-ec2e53476f9c,Artifact Creature — Construct,{2},2.0,[],[],{T}: Add {C}. ({C} represents colorless mana.),2016-01-22
1194,1,"Heiko Yamazaki, the General",NEO,Kamigawa: Neon Dynasty,146,normal,uncommon,en,0.3,EUR,9ea5e61c-d903-410b-9acf-96a917ce05cc,Legendary Creature — Human Samurai,{3}{R},4.0,"[""R""]","[""R""]","Trample
Whenever a Samurai or Warrior you control attacks alone, you may cast target artifact card from your graveyard this turn.",2022-02-18
1195,2,"Heiko Yamazaki, the General",NEO,Kamigawa: Neon Dynasty,321,normal,uncommon,en,0.3,EUR,c91040c0-f025-4843-8c0e-3ac1b76c8582,Legendary Creature — Human Samurai,{3}{R},4.0,"[""R""]","[""R""]","Trample
Whenever a Samurai or Warrior you control attacks alone, you may cast target artifact card from your graveyard this turn.",2022-02-18
766,2,Heir of the Ancient Fang,NEO,Kamigawa: Neon Dynasty,191,normal,common,en,0.3,EUR,d45daa56-6ad8-4df7-9d81-3193fd32e574,Creature — Snake Samurai,{2}{G},3.0,"[""G""]","[""G""]","This creature enters with a +1/+1 counter on it if you control a modified creature. (Equipment, Auras you control, and counters are modifications.)",2022-02-18
1976,4,Heliod's Emissary,THS,Theros,18,normal,uncommon,en,0.3,EUR,49663acb-582e-495a-b45e-5fc5f4949f22,Enchantment Creature — Elk,{3}{W},4.0,"[""W""]","[""W""]","Bestow {6}{W} (If you cast this card for its bestow cost, it's an Aura spell with enchant creature. It becomes a creature again if it's not attached.)
Whenever this creature or enchanted creature attacks, tap target creature an opponent controls.
Enchanted creature gets +3/+3.",2013-09-27
1977,4,Heliod's Pilgrim,UMA,Ultimate Masters,19,normal,common,en,0.3,EUR,753dd235-55d3-4124-9b43-74517534bd87,Creature — Human Cleric,{2}{W},3.0,"[""W""]","[""W""]","When this creature enters, you may search your library for an Aura card, reveal it, put it into your hand, then shuffle.",2018-12-07
102,1,Helm of the Gods,ORI,Magic Origins,230,normal,rare,en,5.15,EUR,1ba006c8-0ffc-4e68-9a55-c7b842d3add9,Artifact — Equipment,{1},1.0,[],[],"Equipped creature gets +1/+1 for each enchantment you control.
Equip {1} ({1}: Attach to target creature you control. Equip only as a sorcery.)",2015-07-17
1978,1,Herald of Dromoka,DTK,Dragons of Tarkir,22,normal,common,en,0.3,EUR,8987b2af-66d6-4271-a139-37e544cdec62,Creature — Human Warrior,{1}{W},2.0,"[""W""]","[""W""]","Vigilance
Other Warrior creatures you control have vigilance.",2015-03-27
1979,1,Herald of War,AVR,Avacyn Restored,24,normal,rare,en,4.29,EUR,77e92bbb-c22d-4879-9437-b87a3ff70a2d,Creature — Angel,{3}{W}{W},5.0,"[""W""]","[""W""]","Flying
Whenever this creature attacks, put a +1/+1 counter on it.
Angel spells and Human spells you cast cost {1} less to cast for each +1/+1 counter on this creature.",2012-05-04
103,1,Hero,TFIN,Final Fantasy Tokens,26,foil,common,en,0.0,EUR,00686381-e0a5-4cd3-8812-3b4aaefa31fa,Token Creature — Hero,,0.0,[],[],,2025-06-13
104,1,Hidden Courtyard,LCI,The Lost Caverns of Ixalan,274,normal,common,en,0.3,EUR,b8685d46-99fc-44b3-be95-707a4b7b8327,Land — Cave,,0.0,[],"[""W""]","This land enters tapped.
{T}: Add {W}.
{4}{W}, {T}, Sacrifice this land: Discover 4. Activate only as a sorcery. (Exile cards from the top of your library until you exile a nonland card with mana value 4 or less. Cast it without paying its mana cost or put it into your hand. Put the rest on the bottom in a random order.)",2023-11-17
105,1,Hidden Grotto,BLB,Bloomburrow,254,normal,common,en,0.3,EUR,4ba8f2e7-8357-4862-97dc-1942d066023a,Land,,0.0,[],[],"When this land enters, surveil 1. (Look at the top card of your library. You may put it into your graveyard.)
{T}: Add {C}.
{1}, {T}: Add one mana of any color.",2024-08-02
106,1,Hidden Necropolis,LCI,The Lost Caverns of Ixalan,275,normal,common,en,0.3,EUR,f67fd04f-05da-4418-97de-abeb7346cc69,Land — Cave,,0.0,[],"[""B""]","This land enters tapped.
{T}: Add {B}.
{4}{B}, {T}, Sacrifice this land: Discover 4. Activate only as a sorcery. (Exile cards from the top of your library until you exile a nonland card with mana value 4 or less. Cast it without paying its mana cost or put it into your hand. Put the rest on the bottom in a random order.)",2023-11-17
640,1,Hidden Stockpile,AER,Aether Revolt,129,normal,uncommon,en,0.3,EUR,8d2176a5-66f8-4a21-bbe2-969c82ca36bd,Enchantment,{W}{B},2.0,"[""B"",""W""]","[""B"",""W""]","Revolt — At the beginning of your end step, if a permanent left the battlefield under your control this turn, create a 1/1 colorless Servo artifact creature token.
{1}, Sacrifice a creature: Scry 1.",2017-01-20
430,1,High Fae Negotiator,WOE,Wilds of Eldraine,94,normal,uncommon,en,0.3,EUR,f0fc77e7-154d-4433-93b3-1a1dee34791b,Creature — Faerie Warlock,{3}{B}{B},5.0,"[""B""]","[""B""]","Bargain (You may sacrifice an artifact, enchantment, or token as you cast this spell.)
Flying
When this creature enters, if it was bargained, each opponent loses 3 life and you gain 3 life.",2023-09-08
767,1,High-Rise Sawjack,SNC,Streets of New Capenna,150,normal,common,en,0.3,EUR,2399c6d7-57f9-4100-ad64-3c8897a438f7,Creature — Elf Citizen,{2}{G},3.0,"[""G""]","[""G""]","Reach (This creature can block creatures with flying.)
Whenever this creature blocks a creature with flying, this creature gets +2/+0 until end of turn.",2022-04-29
107,1,High-Speed Hoverbike,NEO,Kamigawa: Neon Dynasty,247,normal,uncommon,en,0.3,EUR,7c619116-1eae-439d-9b1f-639643458a23,Artifact — Vehicle,{2},2.0,[],[],"Flash
Flying
When this Vehicle enters, tap up to one target creature.
Crew 1 (Tap any number of creatures you control with total power 1 or more: This Vehicle becomes an artifact creature until end of turn.)",2022-02-18
768,1,Highspire Artisan,KLD,Kaladesh,157,normal,common,en,0.3,EUR,72a26cb0-655f-4bf8-899a-952d5bfe2b42,Creature — Elf Artificer,{2}{G},3.0,"[""G""]","[""G""]","Reach (This creature can block creatures with flying.)
Fabricate 1 (When this creature enters, put a +1/+1 counter on it or create a 1/1 colorless Servo artifact creature token.)",2016-09-30
2543,1,Highspire Bell-Ringer,TDM,Tarkir: Dragonstorm,47,normal,common,en,0.3,EUR,e75dccf7-2894-4c4a-b516-3eee73acddd3,,,,,,,
1584,1,Hightide Hermit,KLD,Kaladesh,51,normal,common,en,0.3,EUR,69c871fa-d333-4c73-9d5c-f5cfec5954da,Creature — Crab,{4}{U},5.0,"[""U""]","[""U""]","Defender
When this creature enters, you get {E}{E}{E}{E} (four energy counters).
Pay {E}{E}: This creature can attack this turn as though it didn't have defender.",2016-09-30
1196,2,Hijack,XLN,Ixalan,148,normal,common,en,0.3,EUR,519c5660-4daf-4404-b808-66d1c840ab70,Sorcery,{1}{R}{R},3.0,"[""R""]","[""R""]",Gain control of target artifact or creature until end of turn. Untap it. It gains haste until end of turn.,2017-09-29
1980,1,Hillcomber Giant,MMA,Modern Masters,18,normal,common,en,0.3,EUR,e3d48857-2fb6-4163-8785-12436db1b37c,Creature — Giant Scout,{2}{W}{W},4.0,"[""W""]","[""W""]",Mountainwalk (This creature can't be blocked as long as defending player controls a Mountain.),2013-06-07
2343,1,Hippo-Cows,TLE,Avatar: The Last Airbender Eternal,252,normal,common,en,0.3,EUR,24ca6ca8-e239-4fe5-8711-24098b74e2fe,Creature — Hippo Ox,{4}{G},5.0,"[""G""]","[""G""]",Trample (This creature can deal excess combat damage to the player it's attacking.),2025-11-21
1585,1,Hisoka's Defiance,CHK,Champions of Kamigawa,67,normal,common,en,0.3,EUR,09fd4d01-1204-46a3-b237-45c37985acac,Instant,{1}{U},2.0,"[""U""]","[""U""]",Counter target Spirit or Arcane spell.,2004-10-01
1586,1,Hisoka's Guard,CHK,Champions of Kamigawa,68,normal,common,en,0.3,EUR,4d7aec86-7b12-4025-af06-1c1928e56c19,Creature — Human Wizard,{1}{U},2.0,"[""U""]","[""U""]","You may choose not to untap this creature during your untap step.
{1}{U}, {T}: Target creature you control other than this creature has shroud for as long as this creature remains tapped. (It can't be the target of spells or abilities.)",2004-10-01
1197,1,Hissing Iguanar,UMA,Ultimate Masters,134,normal,common,en,0.3,EUR,e549b7d4-0120-44d1-8692-e5e997d26535,Creature — Lizard,{2}{R},3.0,"[""R""]","[""R""]","Whenever another creature dies, you may have this creature deal 1 damage to target player or planeswalker.",2018-12-07
769,1,Historian's Wisdom,NEO,Kamigawa: Neon Dynasty,192,normal,uncommon,en,0.3,EUR,941f91bb-f5a3-4cca-85b5-b610502460bb,Enchantment — Aura,{2}{G},3.0,"[""G""]","[""G""]","Enchant artifact or creature
When this Aura enters, if enchanted permanent is a creature with the greatest power among creatures on the battlefield, draw a card.
As long as enchanted permanent is a creature, it gets +2/+1.",2022-02-18
770,1,Hitchclaw Recluse,GRN,Guilds of Ravnica,133,normal,common,en,0.3,EUR,fe349432-8726-49cf-ad07-6f8add8f78c8,Creature — Spider,{2}{G},3.0,"[""G""]","[""G""]",Reach,2018-10-05
1198,1,Hoarding Dragon,IMA,Iconic Masters,134,normal,uncommon,en,0.3,EUR,5c6cd59a-f184-4e8e-885e-36fbceddfc06,Creature — Dragon,{3}{R}{R},5.0,"[""R""]","[""R""]","Flying
When this creature enters, you may search your library for an artifact card, exile it, then shuffle.
When this creature dies, you may put the exiled card into its owner's hand.",2017-11-17
2318,1,Hog-Monkey,TLA,Avatar: The Last Airbender,104,normal,common,en,0.3,EUR,4f442970-5355-4abf-8684-17daaa8e469b,Creature — Boar Monkey,{2}{B},3.0,"[""B""]","[""B""]","At the beginning of combat on your turn, target creature you control with a +1/+1 counter on it gains menace until end of turn. (It can't be blocked except by two or more creatures.)
Exhaust — {5}: Put two +1/+1 counters on this creature. (Activate each exhaust ability only once.)",2025-11-21
2346,1,Hog-Monkey Rampage,TLE,Avatar: The Last Airbender Eternal,255,normal,uncommon,en,0.3,EUR,97c41057-cf06-4f78-8c68-870fb763cfa6,Instant,{1}{R/G},2.0,"[""G"",""R""]","[""G"",""R""]",Choose target creature you control and target creature an opponent controls. Put a +1/+1 counter on the creature you control if it has power 4 or greater. Then those creatures fight each other. (Each deals damage equal to its power to the other.),2025-11-21
1981,2,Hold at Bay,BNG,Born of the Gods,18,normal,common,en,0.3,EUR,ffeb407d-6a42-488a-9869-83da3047e45d,Instant,{1}{W},2.0,"[""W""]","[""W""]",Prevent the next 7 damage that would be dealt to any target this turn.,2014-02-07
108,1,Holdout Settlement,OGW,Oath of the Gatewatch,172,normal,common,en,0.3,EUR,cf08c317-6f2d-47e3-ab5b-8af73fd3e404,Land,,0.0,[],[],"{T}: Add {C}. ({C} represents colorless mana.)
{T}, Tap an untapped creature you control: Add one mana of any color.",2016-01-22
1982,3,Hopeful Eidolon,THS,Theros,19,normal,common,en,0.3,EUR,4c69995b-ef31-4635-8d5a-b31f73993364,Enchantment Creature — Spirit,{W},1.0,"[""W""]","[""W""]","Bestow {3}{W} (If you cast this card for its bestow cost, it's an Aura spell with enchant creature. It becomes a creature again if it's not attached.)
Lifelink (Damage dealt by this creature also causes you to gain that much life.)
Enchanted creature gets +1/+1 and has lifelink.",2013-09-27
1016,1,Horizon Chimera,C16,Commander 2016,204,normal,uncommon,en,0.3,EUR,7022506d-8685-41e0-bd1a-2c27c964128b,Creature — Chimera,{2}{G}{U},4.0,"[""G"",""U""]","[""G"",""U""]","Flash
Flying, trample
Whenever you draw a card, you gain 1 life.",2016-11-11
1587,1,Horizon Scholar,M19,Core Set 2019,59,normal,uncommon,en,0.3,EUR,7e925a7a-da5b-4d5d-b5ff-37645ac217f9,Creature — Sphinx,{5}{U},6.0,"[""U""]","[""U""]","Flying
When this creature enters, scry 2. (Look at the top two cards of your library, then put any number of them on the bottom and the rest on top in any order.)",2018-07-13
1199,2,Horned Stoneseeker,BRO,The Brothers' War,138,normal,uncommon,en,0.3,EUR,5cd965a9-caa2-42a3-b2f9-e4f57341ac27,Creature — Lizard,{1}{R},2.0,"[""R""]","[""R""]","Menace
When this creature enters, create a tapped Powerstone token. (It's an artifact with ""{T}: Add {C}. This mana can't be spent to cast a nonartifact spell."")
When this creature leaves the battlefield, sacrifice a Powerstone.",2022-11-18
431,1,Hornet Harasser,LRW,Lorwyn,118,normal,common,en,0.3,EUR,45598727-a8b1-4b3e-87c6-70c36f0d4fe8,Creature — Goblin Shaman,{2}{B}{B},4.0,"[""B""]","[""B""]","When this creature dies, target creature gets -2/-2 until end of turn.",2007-10-12
771,2,Hornet Nest,M15,Magic 2015,177,normal,rare,en,0.51,EUR,4784dbd3-8ae0-45a0-8cde-908fba6af9d2,Creature — Insect,{2}{G},3.0,"[""G""]","[""G""]","Defender (This creature can't attack.)
Whenever this creature is dealt damage, create that many 1/1 green Insect creature tokens with flying and deathtouch. (Any amount of damage a creature with deathtouch deals to a creature is enough to destroy it.)",2014-07-18
1588,1,Horses of the Bruinen,LTR,The Lord of the Rings: Tales of Middle-earth,55,normal,uncommon,en,0.3,EUR,f7725dc2-2654-4ffb-b6b3-510ae64ec6af,Sorcery,{3}{U}{U},5.0,"[""U""]","[""U""]",Return up to two target creatures to their owners' hands. Scry 1. The Ring tempts you.,2023-06-23
109,1,Hot Soup,M15,Magic 2015,219,normal,uncommon,en,0.85,EUR,cc46f4b0-1992-4060-8f21-643698d476f7,Artifact — Equipment,{1},1.0,[],[],"Equipped creature can't be blocked.
Whenever equipped creature is dealt damage, destroy it.
Equip {3} ({3}: Attach to target creature you control. Equip only as a sorcery.)",2014-07-18
1200,1,Hotfoot Gnome,LCI,The Lost Caverns of Ixalan,154,normal,common,en,0.3,EUR,87468b6b-6f78-42e4-ab0d-6730aeecdc3f,Artifact Creature — Gnome,{2}{R},3.0,"[""R""]","[""R""]","Haste
{T}: Another target creature gains haste until end of turn.",2023-11-17
432,1,Hound of the Farbogs,SOI,Shadows over Innistrad,117,normal,common,en,0.3,EUR,0fc37615-ef72-4176-9e94-080e56af1d8a,Creature — Zombie Dog,{4}{B},5.0,"[""B""]","[""B""]",Delirium — This creature has menace as long as there are four or more card types among cards in your graveyard. (A creature with menace can't be blocked except by two or more creatures.),2016-04-08
1589,1,Hour of Need,JOU,Journey into Nyx,40,normal,uncommon,en,0.3,EUR,737b859d-d81e-4da3-a8bf-9a8f23c75a50,Instant,{2}{U},3.0,"[""U""]","[""U""]","Strive — This spell costs {1}{U} more to cast for each target beyond the first.
Exile any number of target creatures. For each creature exiled this way, its controller creates a 4/4 blue Sphinx creature token with flying.",2014-05-02
772,1,Howling Galefang,WOE,Wilds of Eldraine,175,normal,uncommon,en,0.3,EUR,86311523-d0eb-4db3-b586-8349de9c2d37,Creature — Beast,{2}{G}{G},4.0,"[""G""]","[""G""]","Vigilance
This creature has haste as long as you own a card in exile that has an Adventure.",2023-09-08
110,1,Hulking Metamorph,BRO,The Brothers' War,79,normal,uncommon,en,0.3,EUR,420f0b81-8b87-4854-9dc4-6da84cc38623,Artifact Creature — Shapeshifter,{9},9.0,[],"[""U""]","Prototype {2}{U}{U} — 3/3 (You may cast this spell with different mana cost, color, and size. It keeps its abilities and types.)
You may have this creature enter as a copy of an artifact or creature you control, except it's an artifact creature in addition to its other types, and its power and toughness are equal to this creature's power and toughness.",2022-11-18
1983,2,Human Soldier,TSOI,Shadows over Innistrad Tokens,2,normal,common,en,0.42,EUR,d9cbf36e-4044-4f08-9bae-f0dcb2455716,Token Creature — Human Soldier,,0.0,"[""W""]","[""W""]",,2016-04-08
773,1,Humble Budoka,CHK,Champions of Kamigawa,214,normal,common,en,0.3,EUR,f31bbc89-d5ee-4813-9ebe-ac5b998b076b,Creature — Human Monk,{1}{G},2.0,"[""G""]","[""G""]",Shroud (This creature can't be the target of spells or abilities.),2004-10-01
774,1,Humbler of Mortals,JOU,Journey into Nyx,127,normal,common,en,0.3,EUR,f12149b9-b450-4ad6-ab5d-9a0eeb36997e,Enchantment Creature — Elemental,{4}{G}{G},6.0,"[""G""]","[""G""]","Constellation — Whenever this creature or another enchantment you control enters, creatures you control gain trample until end of turn.",2014-05-02
2530,1,Humbling Elder,TDM,Tarkir: Dragonstorm,48,normal,common,en,0.3,EUR,3a84c3f8-0030-4653-880e-b2d19272f5fa,,,,,,,
1984,1,Hundred-Talon Kami,CHK,Champions of Kamigawa,16,normal,common,en,0.3,EUR,a7b2892a-5c16-4624-9a47-6a47f10e2466,Creature — Spirit,{4}{W},5.0,"[""W""]","[""W""]","Flying
Soulshift 4 (When this creature dies, you may return target Spirit card with mana value 4 or less from your graveyard to your hand.)",2004-10-01
2242,4,Hunt the Weak,RIX,Rivals of Ixalan,133,normal,common,en,0.3,EUR,05d6cab6-b0f9-4631-a4bd-5ff1d6d53880,Sorcery,{3}{G},4.0,"[""G""]","[""G""]",Put a +1/+1 counter on target creature you control. Then that creature fights target creature you don't control. (Each deals damage equal to its power to the other.),2018-01-19
775,4,Hunter's Ambush,M15,Magic 2015,180,normal,common,en,0.3,EUR,d2971049-b916-4b76-b18f-8650d8d2545d,Instant,{2}{G},3.0,"[""G""]","[""G""]",Prevent all combat damage that would be dealt by nongreen creatures this turn.,2014-07-18
776,1,Hunter's Prowess,E02,Explorers of Ixalan,33,normal,rare,en,0.59,EUR,2c0e5ac0-48f2-44c2-814e-9bc90ff01760,Sorcery,{4}{G},5.0,"[""G""]","[""G""]","Until end of turn, target creature gets +3/+3 and gains trample and ""Whenever this creature deals combat damage to a player, draw that many cards.""",2017-11-24
1590,1,Hurl into History,LCI,The Lost Caverns of Ixalan,59,normal,uncommon,en,0.3,EUR,5946463a-2240-4376-b6f5-fd6e3a9cc51c,Instant,{3}{U}{U},5.0,"[""U""]","[""U""]","Counter target artifact or creature spell. Discover X, where X is that spell's mana value. (Exile cards from the top of your library until you exile a nonland card with that mana value or less. Cast it without paying its mana cost or put it into your hand. Put the rest on the bottom in a random order.)",2023-11-17
1201,1,Hurly-Burly,CN2,Conspiracy: Take the Crown,165,normal,common,en,0.3,EUR,0236a0a6-c1ed-4355-82a0-a513cf925382,Sorcery,{1}{R},2.0,"[""R""]","[""R""]","Choose one —
• Hurly-Burly deals 1 damage to each creature without flying.
• Hurly-Burly deals 1 damage to each creature with flying.",2016-08-26
1810,3,Hussar Patrol,DDN,Duel Decks: Speed vs. Cunning,55,normal,common,en,0.3,EUR,faaf07b2-57b0-4437-a8d7-51ff8894a7db,Creature — Human Knight,{2}{W}{U},4.0,"[""U"",""W""]","[""U"",""W""]","Flash (You may cast this spell any time you could cast an instant.)
Vigilance",2014-09-05
1591,3,Hydrosurge,M15,Magic 2015,58,normal,common,en,0.3,EUR,1fd4dacb-912e-4e54-ab60-16a5262d0fbb,Instant,{U},1.0,"[""U""]","[""U""]",Target creature gets -5/-0 until end of turn.,2014-07-18
1592,1,Hypnotic Grifter,SNC,Streets of New Capenna,45,normal,uncommon,en,0.3,EUR,69af30b3-d4b0-453a-891f-4506e06b5e14,Creature — Human Rogue,{U},1.0,"[""U""]","[""U""]","{3}: This creature connives. (Draw a card, then discard a card. If you discarded a nonland card, put a +1/+1 counter on this creature.)",2022-04-29
2553,1,Ice Cream Kitty,TMT,Teenage Mutant Ninja Turtles,150,normal,common,en,0.3,EUR,66081fd3-2457-4602-96c4-3075ddfec1c2,,,,,,,
1593,1,Ice Out,WOE,Wilds of Eldraine,54,normal,common,en,0.3,EUR,88ffafda-c852-497a-8156-4f759cdf3693,Instant,{1}{U}{U},3.0,"[""U""]","[""U""]","Bargain (You may sacrifice an artifact, enchantment, or token as you cast this spell.)
This spell costs {1} less to cast if it's bargained.
Counter target spell.",2023-09-08
1594,1,Icewrought Sentry,WOE,Wilds of Eldraine,55,normal,uncommon,en,0.3,EUR,859419d3-cd15-4362-98b3-a7ff98e29692,Creature — Elemental Soldier,{2}{U},3.0,"[""U""]","[""U""]","Vigilance
Whenever this creature attacks, you may pay {1}{U}. When you do, tap target creature an opponent controls.
Whenever you tap an untapped creature an opponent controls, this creature gets +2/+1 until end of turn.",2023-09-08
1595,1,Ideas Unbound,SOK,Saviors of Kamigawa,40,normal,common,en,0.42,EUR,1b0fe46d-08d6-48c3-be0d-650d8d3d66af,Sorcery — Arcane,{U}{U},2.0,"[""U""]","[""U""]",Draw three cards. Discard three cards at the beginning of the next end step.,2005-06-03
1202,1,Idol of the Deep King // Sovereign's Macuahuitl,LCI,The Lost Caverns of Ixalan,155,normal,common,en,0.3,EUR,d1d8d8ef-c8b2-4e7c-89e4-b381dff20584,Artifact // Artifact — Equipment,,3.0,,"[""R""]",,2023-11-17
2328,1,Iguana Parrot,TLA,Avatar: The Last Airbender,56,normal,common,en,0.3,EUR,7faa3e3d-c08a-4908-85ef-1370d3f90815,Creature — Lizard Bird Pirate,{2}{U},3.0,"[""U""]","[""U""]","Flying, vigilance
Prowess (Whenever you cast a noncreature spell, this creature gets +1/+1 until end of turn.)",2025-11-21
1596,3,Il Mheg Pixie,FIN,Final Fantasy,57,normal,uncommon,en,0.3,EUR,ae612312-3a8e-495f-8730-deaaf7505ca1,Creature — Faerie,{1}{U},2.0,"[""U""]","[""U""]","Flying
Whenever this creature attacks, surveil 1. (Look at the top card of your library. You may put it into your graveyard.)",2025-06-13
1203,1,Ill-Tempered Cyclops,CN2,Conspiracy: Take the Crown,166,normal,common,en,0.3,EUR,7590def9-1b7d-4dae-845b-d544752360eb,Creature — Cyclops,{3}{R},4.0,"[""R""]","[""R""]","Trample
{5}{R}: Monstrosity 3. (If this creature isn't monstrous, put three +1/+1 counters on it and it becomes monstrous.)",2016-08-26
2557,1,Illegitimate Business,TMT,Teenage Mutant Ninja Turtles,186,normal,common,en,0.3,EUR,71597acf-1ce6-46a8-b6c0-88755c8a377c,,,,,,,
433,2,Illicit Shipment,SNC,Streets of New Capenna,83,normal,uncommon,en,0.3,EUR,1f7cced2-390b-499f-ace3-e52fd53d4712,Sorcery,{3}{B}{B},5.0,"[""B""]","[""B""]","Casualty 3 (As you cast this spell, you may sacrifice a creature with power 3 or greater. When you do, copy this spell.)
Search your library for a card, put it into your hand, then shuffle.",2022-04-29
1985,1,Illuminator Virtuoso,SNC,Streets of New Capenna,17,normal,uncommon,en,0.3,EUR,52ba20d9-9423-4114-8734-1dac307483c8,Creature — Human Rogue,{1}{W},2.0,"[""W""]","[""W""]","Double strike
Whenever this creature becomes the target of a spell you control, it connives. (Draw a card, then discard a card. If you discarded a nonland card, put a +1/+1 counter on this creature.)",2022-04-29
2367,1,Illusion Spinners,ECL,Lorwyn Eclipsed,55,normal,uncommon,en,0.3,EUR,eb4229a9-8df4-4adc-9d3e-acd2221fa3e9,Creature — Faerie Wizard,{4}{U},5.0,"[""U""]","[""U""]","You may cast this spell as though it had flash if you control a Faerie.
Flying
This creature has hexproof as long as it's untapped. (It can't be the target of spells or abilities your opponents control.)",2026-01-23
1597,1,Illusory Angel,IMA,Iconic Masters,59,normal,uncommon,en,0.3,EUR,0a88a855-827c-4b08-bc1c-2c8f7cf92660,Creature — Angel Illusion,{2}{U},3.0,"[""U""]","[""U""]","Cast this spell only if you've cast another spell this turn.
Flying",2017-11-17
1598,1,Imaginary Threats,HOU,Hour of Devastation,37,normal,uncommon,en,0.3,EUR,50c3a6a5-9a50-4a38-9f5f-b8caa320909d,Instant,{2}{U}{U},4.0,"[""U""]","[""U""]","Creatures target opponent controls attack this turn if able. During that player's next untap step, creatures they control don't untap.
Cycling {2} ({2}, Discard this card: Draw a card.)",2017-07-14
1204,2,Imodane's Recruiter // Train Troops,WOE,Wilds of Eldraine,229,normal,uncommon,en,0.3,EUR,4dbaa855-3f8e-42e6-8ec8-5ffbc5c8acf0,Creature — Human Knight // Sorcery — Adventure,{2}{R} // {4}{W},3.0,"[""R""]","[""R"",""W""]",,2023-09-08
1986,2,Imperial Oath,NEO,Kamigawa: Neon Dynasty,17,normal,common,en,0.3,EUR,3d6750dd-2303-493b-885d-1bfb5787b16c,Sorcery,{5}{W},6.0,"[""W""]","[""W""]",Create three 2/2 white Samurai creature tokens with vigilance. Scry 3.,2022-02-18
1987,1,Imperial Subduer,NEO,Kamigawa: Neon Dynasty,19,normal,common,en,0.3,EUR,13246172-7554-4edc-b6db-23dc91e4290a,Creature — Human Samurai,{2}{W},3.0,"[""W""]","[""W""]","Whenever a Samurai or Warrior you control attacks alone, tap target creature you don't control.",2022-02-18
1205,2,Impetuous Sunchaser,BNG,Born of the Gods,99,normal,common,en,0.3,EUR,e6d4c13b-95ef-49df-b349-26e0fec109ad,Creature — Human Soldier,{1}{R},2.0,"[""R""]","[""R""]","Flying, haste
This creature attacks each combat if able.",2014-02-07
1206,1,Improvised Club,LTR,The Lord of the Rings: Tales of Middle-earth,137,normal,common,en,0.3,EUR,b8397d13-eeaf-4b4e-b3cd-9a9ac231873a,Instant,{1}{R},2.0,"[""R""]","[""R""]","As an additional cost to cast this spell, sacrifice an artifact or creature.
Improvised Club deals 4 damage to any target.",2023-06-23
1207,1,Impulsive Pilferer,CMR,Commander Legends,185,normal,common,en,0.34,EUR,55ba9bea-5549-45cf-896c-501a1c81fd5a,Creature — Goblin Pirate,{R},1.0,"[""R""]","[""R""]","When this creature dies, create a Treasure token. (It's an artifact with ""{T}, Sacrifice this token: Add one mana of any color."")
Encore {3}{R} ({3}{R}, Exile this card from your graveyard: For each opponent, create a token copy that attacks that opponent this turn if able. They gain haste. Sacrifice them at the beginning of the next end step. Activate only as a sorcery.)",2020-11-20
434,1,In Garruk's Wake,C19,Commander 2019,121,normal,rare,en,2.14,EUR,6dd6ab0e-0c3c-4e91-9d9f-6c0dccc88737,Sorcery,{7}{B}{B},9.0,"[""B""]","[""B""]",Destroy all creatures you don't control and all planeswalkers you don't control.,2019-08-23
605,1,Iname as One,SOK,Saviors of Kamigawa,151,normal,rare,en,1.28,EUR,4e13f122-0dfe-42f3-9815-9ae1a29fca99,Legendary Creature — Spirit,{8}{B}{B}{G}{G},12.0,"[""B"",""G""]","[""B"",""G""]","When Iname as One enters, if you cast it from your hand, you may search your library for a Spirit permanent card, put it onto the battlefield, then shuffle.
When Iname as One dies, you may exile it. If you do, return target Spirit permanent card from your graveyard to the battlefield.",2005-06-03
1208,1,Incendiary Sabotage,KLD,Kaladesh,119,normal,uncommon,en,0.3,EUR,0ee44ca0-1989-42fa-8024-b6b3e5c3883c,Instant,{2}{R}{R},4.0,"[""R""]","[""R""]","As an additional cost to cast this spell, sacrifice an artifact.
Incendiary Sabotage deals 3 damage to each creature.",2016-09-30
435,1,Incriminate,SNC,Streets of New Capenna,84,normal,common,en,0.3,EUR,198ec497-4e95-4386-9ca4-35d2d3f59733,Sorcery,{1}{B},2.0,"[""B""]","[""B""]",Choose two target creatures controlled by the same player. That player sacrifices one of them of their choice.,2022-04-29
111,1,Incubator Drone,BFZ,Battle for Zendikar,60,normal,common,en,0.3,EUR,e0855762-7068-4111-a6bf-fe6d5b092c74,Creature — Eldrazi Drone,{3}{U},4.0,[],"[""U""]","Devoid (This card has no color.)
When this creature enters, create a 1/1 colorless Eldrazi Scion creature token. It has ""Sacrifice this token: Add {C}.""",2015-10-02
1209,1,Incurable Ogre,ALA,Shards of Alara,105,normal,common,en,0.3,EUR,5ad3381e-ae2f-40cf-8a7b-62375e9f453e,Creature — Ogre Mutant,{3}{R},4.0,"[""R""]","[""R""]",,2008-10-03
1988,1,Indomitable Will,CHK,Champions of Kamigawa,17,normal,common,en,0.3,EUR,73263906-c66b-4f85-b138-0b5deda64ab1,Enchantment — Aura,{1}{W},2.0,"[""W""]","[""W""]","Flash (You may cast this spell any time you could cast an instant.)
Enchant creature
Enchanted creature gets +1/+2.",2004-10-01
1210,1,Infectious Bloodlust,ORI,Magic Origins,152,normal,common,en,0.3,EUR,ee44df88-45a4-46ef-a8bd-f7fb7b9542b8,Enchantment — Aura,{1}{R},2.0,"[""R""]","[""R""]","Enchant creature
Enchanted creature gets +2/+1, has haste, and attacks each combat if able.
When enchanted creature dies, you may search your library for a card named Infectious Bloodlust, reveal it, put it into your hand, then shuffle.",2015-07-17
1211,4,Inferno Fist,M15,Magic 2015,150,normal,common,en,0.3,EUR,721a42f4-5884-418f-b1f9-7cb651559ad0,Enchantment — Aura,{1}{R},2.0,"[""R""]","[""R""]","Enchant creature you control
Enchanted creature gets +2/+0.
{R}, Sacrifice this Aura: This Aura deals 2 damage to any target.",2014-07-18
1212,1,Inferno Jet,HOU,Hour of Devastation,99,normal,uncommon,en,0.3,EUR,0c6a43fe-369d-4943-a825-570eb3cceba4,Sorcery,{5}{R},6.0,"[""R""]","[""R""]","Inferno Jet deals 6 damage to target opponent or planeswalker.
Cycling {2} ({2}, Discard this card: Draw a card.)",2017-07-14
1599,1,Infiltrator's Magemark,GPT,Guildpact,28,normal,common,en,0.3,EUR,e63a62b7-7c66-422d-8588-d48ec49de127,Enchantment — Aura,{2}{U},3.0,"[""U""]","[""U""]","Enchant creature
Creatures you control that are enchanted get +1/+1 and can't be blocked except by creatures with defender.",2006-02-03
1600,1,Ingenious Skaab,EMN,Eldritch Moon,66,normal,common,en,0.3,EUR,19d6ed0b-40ba-407d-94de-05a705e79b95,Creature — Zombie Horror,{2}{U},3.0,"[""U""]","[""U""]","Prowess (Whenever you cast a noncreature spell, this creature gets +1/+1 until end of turn.)
{U}: This creature gets +1/-1 until end of turn.",2016-07-22
1213,1,Ingot Chewer,UMA,Ultimate Masters,135,normal,common,en,0.3,EUR,f84b4b61-0e92-4ca2-b4e0-ae846a2a8e37,Creature — Elemental,{4}{R},5.0,"[""R""]","[""R""]","When this creature enters, destroy target artifact.
Evoke {R} (You may cast this spell for its evoke cost. If you do, it's sacrificed when it enters.)",2018-12-07
436,1,Inkrise Infiltrator,NEO,Kamigawa: Neon Dynasty,341,normal,common,en,0.3,EUR,f66aaba3-4a28-4fcf-926a-34bbbf0dbeb4,Creature — Human Ninja,{1}{B},2.0,"[""B""]","[""B""]","Flying
{3}{B}: This creature gets +2/+2 until end of turn.",2022-02-18
777,1,"Inner Calm, Outer Strength",SOK,Saviors of Kamigawa,133,normal,common,en,0.3,EUR,40f56817-aabf-469c-a82c-37315decc73c,Instant — Arcane,{2}{G},3.0,"[""G""]","[""G""]","Target creature gets +X/+X until end of turn, where X is the number of cards in your hand.",2005-06-03
1989,1,Inquisitor's Ox,SOI,Shadows over Innistrad,24,normal,common,en,0.3,EUR,fd1401fe-9e88-401b-96f0-5f58808a519f,Creature — Ox,{3}{W},4.0,"[""W""]","[""W""]",Delirium — This creature gets +1/+0 and has vigilance as long as there are four or more card types among cards in your graveyard.,2016-04-08
606,1,Insect,TGRN,Guilds of Ravnica Tokens,5,normal,common,en,0.68,EUR,0436e71b-c1f9-4ca8-a29c-775da858a0cd,Token Creature — Insect,,0.0,"[""B"",""G""]","[""B"",""G""]",,2018-10-05
2265,3,Inspired Charge,M20,Core Set 2020,24,normal,common,en,0.3,EUR,43479f67-57b2-4a99-8928-10fc9dde33b9,Instant,{2}{W}{W},4.0,"[""W""]","[""W""]",Creatures you control get +2/+1 until end of turn.,2019-07-12
1990,1,Inspiring Captain,M20,Core Set 2020,25,normal,common,en,0.3,EUR,98d14836-0ab4-4df3-a996-76b0dda23ff6,Creature — Human Knight,{3}{W},4.0,"[""W""]","[""W""]","When this creature enters, creatures you control get +1/+1 until end of turn.",2019-07-12
1991,2,Inspiring Roar,AER,Aether Revolt,186,normal,common,en,0.3,EUR,4ef9708e-bfe4-4d24-8304-1618daa1c3ee,Sorcery,{3}{W},4.0,"[""W""]","[""W""]",Put a +1/+1 counter on each creature you control.,2017-01-20
2539,1,Inspirited Vanguard,TDM,Tarkir: Dragonstorm,146,normal,uncommon,en,0.3,EUR,c642d6ac-f0f0-4b4c-a7ee-50631531f6d1,,,,,,,
1992,1,Intercessor's Arrest,NEO,Kamigawa: Neon Dynasty,20,normal,common,en,0.3,EUR,e83f2148-bb5d-4236-8d12-150deed0577e,Enchantment — Aura,{2}{W},3.0,"[""W""]","[""W""]","Enchant permanent
Enchanted permanent can't attack, block, or crew Vehicles. Its activated abilities can't be activated unless they're mana abilities.",2022-02-18
1214,2,Into the Fray,SOK,Saviors of Kamigawa,106,normal,common,en,0.3,EUR,c99d116c-41c0-41af-9a68-9ac995f3000b,Instant — Arcane,{R},1.0,"[""R""]","[""R""]","Target creature attacks this turn if able.
Splice onto Arcane {R} (As you cast an Arcane spell, you may reveal this card from your hand and pay its splice cost. If you do, add this card's effects to that spell.)",2005-06-03
1601,2,Into the Void,CN2,Conspiracy: Take the Crown,112,normal,uncommon,en,0.3,EUR,55e240e7-d7b3-4fce-9acd-48b6a3bf2a80,Sorcery,{3}{U},4.0,"[""U""]","[""U""]",Return up to two target creatures to their owners' hands.,2016-08-26
778,1,Intrepid Provisioner,SOI,Shadows over Innistrad,213,normal,common,en,0.3,EUR,da3ac63b-8386-4175-9555-84c54566f5b4,Creature — Human Scout,{3}{G},4.0,"[""G""]","[""G""]","Trample
When this creature enters, another target Human you control gets +2/+2 until end of turn.",2016-04-08
2287,1,Invasion Tactics,TLA,Avatar: The Last Airbender,183,normal,uncommon,en,0.3,EUR,27c6330d-49f6-4707-b4d4-d1411fa422eb,Enchantment,{4}{G},5.0,"[""G""]","[""G""]","When this enchantment enters, creatures you control get +2/+2 until end of turn.
Whenever one or more Allies you control deal combat damage to a player, draw a card.",2025-11-21
779,4,Invasive Species,M15,Magic 2015,181,normal,common,en,0.3,EUR,c1fb5a98-94f4-419f-850b-e3a01f17080f,Creature — Insect,{2}{G},3.0,"[""G""]","[""G""]","When this creature enters, return another permanent you control to its owner's hand.",2014-07-18
1602,1,Invasive Surgery,SOI,Shadows over Innistrad,68,normal,uncommon,en,0.3,EUR,6e644e38-39bf-40bd-9be1-5eb80f472e81,Instant,{U},1.0,"[""U""]","[""U""]","Counter target sorcery spell.
Delirium — If there are four or more card types among cards in your graveyard, search the graveyard, hand, and library of that spell's controller for any number of cards with the same name as that spell, exile those cards, then that player shuffles.",2016-04-08
112,2,Inventor's Goggles,DDU,Duel Decks: Elves vs. Inventors,55,normal,common,en,0.3,EUR,8fc62d61-2bc0-4b84-a0e9-5a01fcd4ef92,Artifact — Equipment,{1},1.0,[],[],"Equipped creature gets +1/+2.
Whenever an Artificer you control enters, you may attach this Equipment to it.
Equip {2} ({2}: Attach to target creature you control. Equip only as a sorcery.)",2018-04-06
993,1,Invigorating Hot Spring,NEO,Kamigawa: Neon Dynasty,223,normal,uncommon,en,0.3,EUR,59a118d1-30b8-42c0-ac42-6fba0778200a,Enchantment,{1}{R}{G},3.0,"[""G"",""R""]","[""G"",""R""]","This enchantment enters with four +1/+1 counters on it.
Modified creatures you control have haste. (Equipment, Auras you control, and counters are modifications.)
Remove a +1/+1 counter from this enchantment: Put a +1/+1 counter on target creature you control. Activate only as a sorcery and only once each turn.",2022-02-18
1603,3,Invisibility,M15,Magic 2015,61,normal,common,en,0.3,EUR,348d6493-681a-4ea9-9154-ea09f2648e8a,Enchantment — Aura,{U}{U},2.0,"[""U""]","[""U""]","Enchant creature
Enchanted creature can't be blocked except by Walls.",2014-07-18
1993,1,Invoke the Divine,M19,Core Set 2019,16,normal,common,en,0.3,EUR,7c1d36b5-37fb-4e52-ad85-c3a09a990ea0,Instant,{2}{W},3.0,"[""W""]","[""W""]",Destroy target artifact or enchantment. You gain 4 life.,2018-07-13
2266,2,"Iona, Shield of Emeria",V15,From the Vault: Angels,9,foil,mythic,en,5.15,EUR,08a75fdb-05c0-4095-9eca-f24313571d1e,Legendary Creature — Angel,{6}{W}{W}{W},9.0,"[""W""]","[""W""]","Flying
As Iona enters, choose a color.
Your opponents can't cast spells of the chosen color.",2015-08-21
1811,1,Iridescent Angel,V15,From the Vault: Angels,10,foil,mythic,en,1.28,EUR,b0769d87-62f7-469a-936f-5a4f6b9360b6,Creature — Angel,{5}{W}{U},7.0,"[""U"",""W""]","[""U"",""W""]","Flying, protection from each color",2015-08-21
1444,1,Iroas's Champion,ORI,Magic Origins,214,normal,uncommon,en,0.3,EUR,c0441583-c9d5-47a1-8754-c9162cec64bc,Creature — Human Soldier,{1}{R}{W},3.0,"[""R"",""W""]","[""R"",""W""]",Double strike (This creature deals both first-strike and regular combat damage.),2015-07-17
113,1,Iron Apprentice,NEO,Kamigawa: Neon Dynasty,248,normal,common,en,0.3,EUR,13d6d9fc-509b-42db-8ac1-85066eb6e9c4,Artifact Creature — Construct,{1},1.0,[],[],"This creature enters with a +1/+1 counter on it.
When this creature dies, if it had counters on it, put those counters on target creature you control.",2022-02-18
114,1,Iron League Steed,KLD,Kaladesh,219,normal,uncommon,en,0.3,EUR,c47993b2-694d-4697-8b06-64aa5663598b,Artifact Creature — Construct,{4},4.0,[],[],"Haste
Fabricate 1 (When this creature enters, put a +1/+1 counter on it or create a 1/1 colorless Servo artifact creature token.)",2016-09-30
115,1,Iron-Craw Crusher,BRO,The Brothers' War,200,normal,uncommon,en,0.3,EUR,64e2ec10-f45f-46ef-a076-52425bf3fe3b,Artifact Creature — Wurm,{7},7.0,[],"[""G""]","Prototype {2}{G}{G} — 2/5 (You may cast this spell with different mana cost, color, and size. It keeps its abilities and types.)
Whenever this creature attacks, target attacking creature gets +X/+0 until end of turn, where X is this creature's power.",2022-11-18
2368,1,Iron-Shield Elf,ECL,Lorwyn Eclipsed,108,normal,uncommon,en,0.3,EUR,9e0140b2-0185-4adb-b365-2611ce89a0e2,Creature — Elf Warrior,{1}{B},2.0,"[""B""]","[""B""]","Discard a card: This creature gains indestructible until end of turn. Tap it. (Damage and effects that say ""destroy"" don't destroy it. If its toughness is 0 or less, it still dies.)",2026-01-23
2489,1,Island,ECL,Lorwyn Eclipsed,270,normal,common,en,0.42,EUR,b0da67fb-1cb2-4105-ab5c-b7c680b8116c,Basic Land — Island,,0.0,,"[""U""]",({T}: Add {U}.),2026-01-23
2412,1,Island,ECL,Lorwyn Eclipsed,280,normal,common,en,0.42,EUR,d6a5ba11-3156-4a0c-958d-5756e18b767b,Basic Land — Island,,0.0,[],"[""U""]",({T}: Add {U}.),2026-01-23
116,4,Island,ELD,Throne of Eldraine,256,normal,common,en,0.42,EUR,772b4f6b-dc2b-4247-8f55-f37608d75725,Basic Land — Island,,0.0,[],"[""U""]",({T}: Add {U}.),2019-10-04
2535,1,Island,TDM,Tarkir: Dragonstorm,280,normal,common,en,0.42,EUR,15be7923-6efc-4650-b8d1-f61cb33ef81d,,,,,,,
2355,7,Island,TLA,Avatar: The Last Airbender,283,normal,common,en,0.42,EUR,a2e22347-f0cb-4cfd-88a3-4f46a16e4946,Basic Land — Island,,0.0,[],"[""U""]",({T}: Add {U}.),2025-11-21
2350,1,Island,TLA,Avatar: The Last Airbender,288,normal,common,en,0.51,EUR,d894c61a-4062-442e-8ead-5197c3bffd00,Basic Land — Island,,0.0,[],"[""U""]",({T}: Add {U}.),2025-11-21
1604,1,Isolation at Orthanc,LTR,The Lord of the Rings: Tales of Middle-earth,57,normal,common,en,0.3,EUR,54b9c323-ac9b-4864-bd57-81b557f44114,Instant,{3}{U},4.0,"[""U""]","[""U""]",Put target creature into its owner's library second from the top.,2023-06-23
117,1,It of the Horrid Swarm,EMN,Eldritch Moon,8,normal,common,en,0.3,EUR,2e9160cb-d3de-49ca-a97d-2cd259cd5447,Creature — Eldrazi Insect,{8},8.0,[],"[""G""]","Emerge {6}{G} (You may cast this spell by sacrificing a creature and paying the emerge cost reduced by that creature's mana value.)
When you cast this spell, create two 1/1 green Insect creature tokens.",2016-07-22
1215,3,Item Shopkeep,FIN,Final Fantasy,142,normal,common,en,0.3,EUR,bd2db3f5-fd0d-4817-af90-6bea1f07e16b,Creature — Human Citizen,{1}{R},2.0,"[""R""]","[""R""]","Whenever you attack, target attacking equipped creature gains menace until end of turn. (It can't be blocked except by two or more creatures.)",2025-06-13
2209,2,Izzet Guildgate,C19,Commander 2019,253,normal,common,en,0.3,EUR,c60c576b-a1ea-41d2-a1d8-4417c11ed48e,Land — Gate,,0.0,[],"[""R"",""U""]","This land enters tapped.
{T}: Add {U} or {R}.",2019-08-23
118,2,Izzet Locket,C19,Commander 2019,215,normal,common,en,0.3,EUR,a32ecc71-b924-4414-94ee-c6cb0ba752e5,Artifact,{3},3.0,[],"[""R"",""U""]","{T}: Add {U} or {R}.
{U/R}{U/R}{U/R}{U/R}, {T}, Sacrifice this artifact: Draw two cards.",2019-08-23
1605,3,Jace's Ingenuity,M15,Magic 2015,63,normal,uncommon,en,0.3,EUR,ad4932ba-e272-4f22-89f5-a6153ca570b5,Instant,{3}{U}{U},5.0,"[""U""]","[""U""]",Draw three cards.,2014-07-18
1606,1,Jace's Scrutiny,SOI,Shadows over Innistrad,70,normal,common,en,0.3,EUR,3d0eea0d-c790-4d91-962f-f05b22d0c8fa,Instant,{1}{U},2.0,"[""U""]","[""U""]","Target creature gets -4/-0 until end of turn.
Investigate. (Create a Clue token. It's an artifact with ""{2}, Sacrifice this token: Draw a card."")",2016-04-08
1216,1,Jackhammer,SNC,Streets of New Capenna,111,normal,common,en,0.3,EUR,d74ba9fe-2dcb-4da7-ba64-cd932edb5b24,Artifact — Equipment,{1}{R},2.0,"[""R""]","[""R""]","Equipped creature gets +2/+0.
Equip {2} ({2}: Attach to target creature you control. Equip only as a sorcery.)",2022-04-29
1607,2,"Jalira, Master Polymorphist",A25,Masters 25,63,normal,uncommon,en,0.3,EUR,1f9719c8-2dfe-4141-9ede-2ee3a282b5e9,Legendary Creature — Human Wizard,{3}{U},4.0,"[""U""]","[""U""]","{2}{U}, {T}, Sacrifice another creature: Reveal cards from the top of your library until you reveal a nonlegendary creature card. Put that card onto the battlefield and the rest on the bottom of your library in a random order.",2018-03-16
119,1,Jayemdae Tome,ORI,Magic Origins,231,normal,uncommon,en,0.3,EUR,518af905-f518-4269-89b4-781085be8dd2,Artifact,{4},4.0,[],[],"{4}, {T}: Draw a card.",2015-07-17
2567,1,"Jennika, Bad Apple Big Sister",TMT,Teenage Mutant Ninja Turtles,10,normal,common,en,0.3,EUR,a5b83101-e3ef-4ffe-a886-4fc2b57a0947,,,,,,,
2523,1,Jeskai Revelation,TDM,Tarkir: Dragonstorm,196,normal,mythic,en,2.41,EUR,3cac0ad3-5107-4ed6-a688-d44bbd65e407,,,,,,,
2301,1,"Jet, Freedom Fighter",TLA,Avatar: The Last Airbender,229,normal,uncommon,en,0.3,EUR,9202c044-15e4-4218-a94d-16287ba19d69,Legendary Creature — Human Rebel Ally,{2}{R/W}{R/W}{R/W},5.0,"[""R"",""W""]","[""R"",""W""]","When Jet enters, he deals damage equal to the number of creatures you control to target creature an opponent controls.
When Jet dies, put a +1/+1 counter on each of up to two target creatures.",2025-11-21
994,1,Jetmir's Fixer,SNC,Streets of New Capenna,194,normal,common,en,0.3,EUR,3e5aa701-28e8-47fa-8c26-4da2f943f582,Creature — Cat Warrior,{R}{G},2.0,"[""G"",""R""]","[""G"",""R""]","{R}{G}: This creature gets +1/+1 until end of turn. If mana from a Treasure was spent to activate this ability, put a +1/+1 counter on this creature instead.",2022-04-29
780,2,Jewel Thief,SNC,Streets of New Capenna,151,normal,common,en,0.51,EUR,736e498e-1245-40c1-96a4-c9bcfd1cfe1f,Creature — Cat Rogue,{2}{G},3.0,"[""G""]","[""G""]","Vigilance, trample
When this creature enters, create a Treasure token. (It's an artifact with ""{T}, Sacrifice this token: Add one mana of any color."")",2022-04-29
1608,1,Jhessian Lookout,ALA,Shards of Alara,46,normal,common,en,0.3,EUR,f55b1b92-575e-4b6f-9179-21d0bc1acd11,Creature — Human Scout,{1}{U},2.0,"[""U""]","[""U""]",,2008-10-03
437,2,Join the Maestros,SNC,Streets of New Capenna,85,normal,common,en,0.3,EUR,ff2665f7-6cf8-4f9b-810e-17e264753225,Sorcery,{4}{B},5.0,"[""B""]","[""B""]","Casualty 2 (As you cast this spell, you may sacrifice a creature with power 2 or greater. When you do, copy this spell.)
Create a 4/3 black Ogre Warrior creature token.",2022-04-29
781,1,Joraga Invocation,ORI,Magic Origins,183,normal,uncommon,en,0.3,EUR,65c89431-0881-4aa6-ac15-d4c13b075273,Sorcery,{4}{G}{G},6.0,"[""G""]","[""G""]",Each creature you control gets +3/+3 until end of turn and must be blocked this turn if able.,2015-07-17
1609,1,Jorubai Murk Lurker,M15,Magic 2015,65,normal,uncommon,en,0.3,EUR,7af346ac-32a6-49a8-986d-834b2c8c0478,Creature — Leech,{2}{U},3.0,"[""U""]","[""B"",""U""]","This creature gets +1/+1 as long as you control a Swamp.
{1}{B}: Target creature gains lifelink until end of turn. (Damage dealt by the creature also causes its controller to gain that much life.)",2014-07-18
1994,1,Journey to Nowhere,CMD,Commander 2011,17,normal,common,en,0.68,EUR,4686b51c-e02b-48c1-bafe-e8d08a5407b9,Enchantment,{1}{W},2.0,"[""W""]","[""W""]","When this enchantment enters, exile target creature.
When this enchantment leaves the battlefield, return the exiled card to the battlefield under its owner's control.",2011-06-17
120,1,Jousting Lance,DOM,Dominaria,221,normal,common,en,0.3,EUR,446579ab-5e36-44e2-84d7-cfa537619146,Artifact — Equipment,{2},2.0,[],[],"Equipped creature gets +2/+0.
During your turn, equipped creature has first strike.
Equip {3} ({3}: Attach to target creature you control. Equip only as a sorcery.)",2018-04-27
1995,2,Judge of Currents,LRW,Lorwyn,22,normal,common,en,0.3,EUR,3073f3f5-bff8-4ec1-a68f-c83d63435843,Creature — Merfolk Wizard,{1}{W},2.0,"[""W""]","[""W""]","Whenever a Merfolk you control becomes tapped, you may gain 1 life.",2007-10-12
1217,1,Judgment Bolt,FIN,Final Fantasy,559,normal,rare,en,0.42,EUR,05b04b06-9271-4a28-a60e-287df0d1a4d1,Instant,{3}{R},4.0,"[""R""]","[""R""]","Judgment Bolt deals 5 damage to target creature and X damage to that creature's controller, where X is the number of Equipment you control.",2025-06-13
121,2,Juggernaut,BBD,Battlebond,238,normal,uncommon,en,0.3,EUR,ee7403f9-ee88-47dd-8d31-13976b895b34,Artifact Creature — Juggernaut,{4},4.0,[],[],"This creature attacks each combat if able.
This creature can't be blocked by Walls.",2018-06-08
782,2,Jukai Preserver,NEO,Kamigawa: Neon Dynasty,195,normal,common,en,0.3,EUR,e66120a5-95a3-4d15-873c-cfba221a2299,Enchantment Creature — Human Druid,{3}{G},4.0,"[""G""]","[""G""]","When this creature enters, put a +1/+1 counter on target creature you control.
Channel — {2}{G}, Discard this card: Put a +1/+1 counter on each of up to two target creatures you control.",2022-02-18
783,1,Jukai Trainee,NEO,Kamigawa: Neon Dynasty,326,normal,common,en,0.3,EUR,164e663f-6a67-4a10-a737-33ea533a9316,Creature — Human Samurai,{1}{G},2.0,"[""G""]","[""G""]","Whenever this creature blocks or becomes blocked, it gets +1/+1 until end of turn.",2022-02-18
2558,1,Jungle Barrier,E02,Explorers of Ixalan,38,normal,uncommon,en,0.3,EUR,8be6060c-f6df-451d-86cd-c4e2564095ba,,,,,,,
122,1,Jungle Hollow,C19,Commander 2019,254,normal,common,en,0.3,EUR,7fc11a2d-7592-46ca-9e9c-fa14c21dc38c,Land,,0.0,[],"[""B"",""G""]","This land enters tapped.
When this land enters, you gain 1 life.
{T}: Add {B} or {G}.",2019-08-23
995,1,Junkblade Bruiser,BLB,Bloomburrow,220,normal,common,en,0.3,EUR,918fd89b-5ab7-4ae2-920c-faca5e9da7b9,Creature — Raccoon Berserker,{3}{R/G}{R/G},5.0,"[""G"",""R""]","[""G"",""R""]","Trample
Whenever you expend 4, this creature gets +2/+1 until end of turn. (You expend 4 as you spend your fourth total mana to cast spells during a turn.)",2024-08-02
613,1,Junkyard Genius,BRO,The Brothers' War,214,normal,uncommon,en,0.3,EUR,a15b0676-b698-4160-8d2f-a22a1011bac0,Creature — Human Artificer,{1}{B}{R},3.0,"[""B"",""R""]","[""B"",""R""]","When this creature enters, create a tapped Powerstone token. (It's an artifact with ""{T}: Add {C}. This mana can't be spent to cast a nonartifact spell."")
{1}{B}{R}, Sacrifice another creature or artifact: Until end of turn, other creatures you control get +1/+0 and gain menace and haste.",2022-11-18
1610,1,Just the Wind,UMA,Ultimate Masters,60,normal,common,en,0.3,EUR,59e40878-358d-48ec-a35f-3d9867728143,Instant,{1}{U},2.0,"[""U""]","[""U""]","Return target creature to its owner's hand.
Madness {U} (If you discard this card, discard it into exile. When you do, cast it for its madness cost or put it into your graveyard.)",2018-12-07
1996,1,Kabuto Moth,CHK,Champions of Kamigawa,20,normal,common,en,0.3,EUR,cf3ccd16-bb1b-40d5-87a6-47a6132e0143,Creature — Spirit,{2}{W},3.0,"[""W""]","[""W""]","Flying
{T}: Target creature gets +1/+2 until end of turn.",2004-10-01
438,1,Kagemaro's Clutch,SOK,Saviors of Kamigawa,74,normal,common,en,0.3,EUR,4fe4bb8d-bed8-4373-af9d-9332de910e06,Enchantment — Aura,{3}{B},4.0,"[""B""]","[""B""]","Enchant creature
Enchanted creature gets -X/-X, where X is the number of cards in your hand.",2005-06-03
439,1,Kaito's Pursuit,NEO,Kamigawa: Neon Dynasty,103,normal,common,en,0.3,EUR,dd73fa5a-be0f-49a4-a921-afefbc8fa9c5,Sorcery,{2}{B},3.0,"[""B""]","[""B""]",Target player discards two cards. Ninjas and Rogues you control gain menace until end of turn. (They can't be blocked except by two or more creatures.),2022-02-18
440,1,Kalastria Nightwatch,BFZ,Battle for Zendikar,115,normal,common,en,0.3,EUR,13989bf2-fd02-4702-9170-4b066837de65,Creature — Vampire Warrior Ally,{4}{B},5.0,"[""B""]","[""B""]","Whenever you gain life, this creature gains flying until end of turn.",2015-10-02
1997,2,Kami of Ancient Law,MM2,Modern Masters 2015,21,normal,common,en,0.3,EUR,76c92c0b-232b-4786-8cd6-6eb207eed8d5,Creature — Spirit,{1}{W},2.0,"[""W""]","[""W""]",Sacrifice this creature: Destroy target enchantment.,2015-05-22
441,1,Kami of Empty Graves,SOK,Saviors of Kamigawa,75,normal,common,en,0.3,EUR,30502f07-760c-46d1-8b4a-d4bd4a23201f,Creature — Spirit,{3}{B},4.0,"[""B""]","[""B""]","Soulshift 3 (When this creature dies, you may return target Spirit card with mana value 3 or less from your graveyard to your hand.)",2005-06-03
442,1,Kami of Restless Shadows,NEO,Kamigawa: Neon Dynasty,104,normal,common,en,0.3,EUR,62d3be4a-ab4f-46ef-837c-0f7559a701fe,Creature — Spirit,{4}{B},5.0,"[""B""]","[""B""]","When this creature enters, choose one —
• Return up to one target Ninja or Rogue creature card from your graveyard to your hand.
• Put target creature card from your graveyard on top of your library.",2022-02-18
443,1,Kami of Terrible Secrets,NEO,Kamigawa: Neon Dynasty,105,normal,common,en,0.3,EUR,58f15af6-eaf5-41b8-b93d-5a90ca219478,Creature — Spirit,{3}{B},4.0,"[""B""]","[""B""]","When this creature enters, if you control an artifact and an enchantment, you draw a card and you gain 1 life.",2022-02-18
1612,1,Kami of Twisted Reflection,CHK,Champions of Kamigawa,71,normal,common,en,0.3,EUR,8aaf1b2f-933f-4ad3-a816-2797d96ff37f,Creature — Spirit,{1}{U}{U},3.0,"[""U""]","[""U""]",Sacrifice this creature: Return target creature you control to its owner's hand.,2004-10-01
1611,1,Kami of the Crescent Moon,CN2,Conspiracy: Take the Crown,113,normal,rare,en,11.16,EUR,958cdaca-60f7-4c26-ae28-bdc41bb59a84,Legendary Creature — Spirit,{U}{U},2.0,"[""U""]","[""U""]","At the beginning of each player's draw step, that player draws an additional card.",2016-08-26
1998,1,Kami of the Painted Road,CHK,Champions of Kamigawa,23,normal,common,en,0.3,EUR,7068739c-0a6a-49a1-88c3-68d7abc58ee2,Creature — Spirit,{4}{W},5.0,"[""W""]","[""W""]","Whenever you cast a Spirit or Arcane spell, this creature gains protection from the color of your choice until end of turn.",2004-10-01
444,2,Kami of the Waning Moon,CHK,Champions of Kamigawa,120,normal,common,en,0.3,EUR,23a395a6-b1f5-4b7f-87cc-c77b4d497e9a,Creature — Spirit,{2}{B},3.0,"[""B""]","[""B""]","Flying
Whenever you cast a Spirit or Arcane spell, target creature gains fear until end of turn. (It can't be blocked except by artifact creatures and/or black creatures.)",2004-10-01
1218,1,Kami's Flare,NEO,Kamigawa: Neon Dynasty,150,normal,common,en,0.3,EUR,bef5d58e-b490-4682-9a44-12cd61a94c0f,Instant,{1}{R},2.0,"[""R""]","[""R""]","Kami's Flare deals 3 damage to target creature or planeswalker. Kami's Flare also deals 2 damage to that permanent's controller if you control a modified creature. (Equipment, Auras you control, and counters are modifications.)",2022-02-18
785,1,Kappa Tech-Wrecker,NEO,Kamigawa: Neon Dynasty,198,normal,uncommon,en,0.3,EUR,d3a7bc69-4500-4e7e-94e4-67b85597bd82,Creature — Turtle Ninja,{1}{G},2.0,"[""G""]","[""G""]","Ninjutsu {1}{G}
This creature enters with a deathtouch counter on it.
Whenever this creature deals combat damage to a player, you may remove a deathtouch counter from it. When you do, exile target artifact or enchantment that player controls.",2022-02-18
784,2,Kappa Tech-Wrecker,NEO,Kamigawa: Neon Dynasty,348,normal,uncommon,en,0.3,EUR,b9017ff4-d63f-4dd2-9157-c93fe4866bef,Creature — Turtle Ninja,{1}{G},2.0,"[""G""]","[""G""]","Ninjutsu {1}{G}
This creature enters with a deathtouch counter on it.
Whenever this creature deals combat damage to a player, you may remove a deathtouch counter from it. When you do, exile target artifact or enchantment that player controls.",2022-02-18
1613,2,Kapsho Kitefins,M15,Magic 2015,66,normal,uncommon,en,0.3,EUR,a964c5ed-b0ed-47cb-a0f0-79d28ef7f70b,Creature — Fish,{4}{U}{U},6.0,"[""U""]","[""U""]","Flying
Whenever this creature or another creature you control enters, tap target creature an opponent controls.",2014-07-18
786,1,Karametra's Favor,BBD,Battlebond,203,normal,uncommon,en,0.3,EUR,77026cf6-7e89-41a6-8279-de1068569a02,Enchantment — Aura,{1}{G},2.0,"[""G""]","[""G""]","Enchant creature
When this Aura enters, draw a card.
Enchanted creature has ""{T}: Add one mana of any color.""",2018-06-08
787,2,Kashi-Tribe Warriors,CHK,Champions of Kamigawa,221,normal,common,en,0.3,EUR,7cd4df4a-fbab-4598-ad8e-b24ed0bb4497,Creature — Snake Warrior,{3}{G}{G},5.0,"[""G""]","[""G""]","Whenever this creature deals combat damage to a creature, tap that creature and it doesn't untap during its controller's next untap step.",2004-10-01
788,1,Kaslem's Stonetree // Kaslem's Strider,LCI,The Lost Caverns of Ixalan,197,normal,common,en,0.3,EUR,78b1b412-228a-4e05-a4b3-8159ebf54dc6,Artifact // Artifact Creature — Golem,,3.0,,"[""G""]",,2023-11-17
2286,1,"Katara, Bending Prodigy",TLA,Avatar: The Last Airbender,59,normal,uncommon,en,0.3,EUR,e8372167-383f-4302-a8ea-b6bf495c870c,Legendary Creature — Human Warrior Ally,{2}{U},3.0,"[""U""]","[""U""]","At the beginning of your end step, if Katara is tapped, put a +1/+1 counter on her.
Waterbend {6}: Draw a card. (While paying a waterbend cost, you can tap your artifacts and creatures to help. Each one pays for {1}.)",2025-11-21
2329,1,"Katara, Seeking Revenge",TLE,Avatar: The Last Airbender Eternal,148,normal,uncommon,en,0.3,EUR,a1c3f58b-9323-44ea-93f0-64d5992c5674,Legendary Creature — Human Warrior Ally,{3}{U/B},4.0,"[""B"",""U""]","[""B"",""U""]","As an additional cost to cast this spell, you may waterbend {2}. (While paying a waterbend cost, you can tap your artifacts and creatures to help. Each one pays for {1}.)
When Katara enters, draw a card, then discard a card unless her additional cost was paid.
Katara gets +1/+1 for each Lesson card in your graveyard.",2025-11-21
1614,1,Kathari Screecher,ALA,Shards of Alara,47,normal,common,en,0.3,EUR,150cf865-79e2-4f74-a872-44e1e5bc73c4,Creature — Bird Soldier,{2}{U},3.0,"[""U""]","[""U""]","Flying
Unearth {2}{U} ({2}{U}: Return this card from your graveyard to the battlefield. It gains haste. Exile it at the beginning of the next end step or if it would leave the battlefield. Unearth only as a sorcery.)",2008-10-03
1219,1,Kazuul's Toll Collector,OGW,Oath of the Gatewatch,112,normal,uncommon,en,0.3,EUR,6824f48d-6808-4458-a2fd-1ffd0a10d72a,Creature — Ogre Warrior,{2}{R},3.0,"[""R""]","[""R""]",{0}: Attach target Equipment you control to this creature. Activate only as a sorcery.,2016-01-22
2401,1,Keep Out,ECL,Lorwyn Eclipsed,19,normal,common,en,0.3,EUR,4ab1601c-634c-4f21-8926-ba3cb92008c1,Instant,{1}{W},2.0,"[""W""]","[""W""]","Choose one —
• Keep Out deals 4 damage to target tapped creature.
• Destroy target enchantment.",2026-01-23
1220,1,Keldon Overseer,DOM,Dominaria,134,normal,common,en,0.3,EUR,ec66b814-9c47-4d17-8c02-1d9be565c76c,Creature — Human Warrior,{2}{R},3.0,"[""R""]","[""R""]","Kicker {3}{R} (You may pay an additional {3}{R} as you cast this spell.)
Haste
When this creature enters, if it was kicked, gain control of target creature until end of turn. Untap that creature. It gains haste until end of turn.",2018-04-27
1221,2,Keldon Raider,M20,Core Set 2020,146,normal,common,en,0.3,EUR,884c47fa-7060-48da-995c-e4037640a208,Creature — Human Warrior,{2}{R}{R},4.0,"[""R""]","[""R""]","When this creature enters, you may discard a card. If you do, draw a card.",2019-07-12
1222,2,Keldon Warcaller,DOM,Dominaria,136,normal,common,en,0.3,EUR,22d2e230-2d60-402d-98e4-0f33d2f27c56,Creature — Human Warrior,{1}{R},2.0,"[""R""]","[""R""]","Whenever this creature attacks, put a lore counter on target Saga you control.",2018-04-27
789,1,Kessig Dire Swine,SOI,Shadows over Innistrad,214,normal,common,en,0.3,EUR,9235ac46-dac9-46e6-9c7f-a69caaee1a2e,Creature — Boar Horror,{4}{G}{G},6.0,"[""G""]","[""G""]",Delirium — This creature has trample as long as there are four or more card types among cards in your graveyard.,2016-04-08
445,1,Kheru Dreadmaw,KTK,Khans of Tarkir,76,normal,common,en,0.3,EUR,e8b10468-18b8-4321-a791-0cbd18ea9c4d,Creature — Zombie Crocodile,{4}{B},5.0,"[""B""]","[""B"",""G""]","Defender
{1}{G}, Sacrifice another creature: You gain life equal to the sacrificed creature's toughness.",2014-09-26
1999,2,Kill Shot,CN2,Conspiracy: Take the Crown,94,normal,common,en,0.3,EUR,1977d0d0-a7cc-48b8-ab61-199de54fb591,Instant,{2}{W},3.0,"[""W""]","[""W""]",Destroy target attacking creature.,2016-08-26
446,1,Kill-Zone Acrobat,BRO,The Brothers' War,106,normal,common,en,0.3,EUR,48f97974-bb65-46b0-a710-12fa4b9343ac,Creature — Human Soldier,{2}{B},3.0,"[""B""]","[""B""]","Whenever this creature attacks, you may sacrifice another creature or artifact. If you do, this creature gains flying until end of turn.",2022-11-18
2366,1,Kindle the Inner Flame,ECL,Lorwyn Eclipsed,147,normal,uncommon,en,0.3,EUR,9a2adcea-f6b1-4611-b8b8-f19fdee2c571,Kindred Sorcery — Elemental,{3}{R},4.0,"[""R""]","[""R""]","Create a token that's a copy of target creature you control, except it has haste and ""At the beginning of the end step, sacrifice this token.""
Flashback—{1}{R}, Behold three Elementals. (You may cast this card from your graveyard for its flashback cost. Then exile it. To behold an Elemental, choose an Elemental you control or reveal an Elemental card from your hand.)",2026-01-23
1223,1,Kindled Fury,HOU,Hour of Devastation,101,normal,common,en,0.3,EUR,cffb2c38-76b0-4d5f-a4d1-e2494f4be192,Instant,{R},1.0,"[""R""]","[""R""]",Target creature gets +1/+0 and gains first strike until end of turn. (It deals combat damage before creatures without first strike.),2017-07-14
2484,1,Kinsbaile Aspirant,ECL,Lorwyn Eclipsed,21,normal,uncommon,en,0.3,EUR,56dfdab1-ea3f-4663-a855-a9e72505f85e,Creature — Kithkin Citizen,{W},1.0,"[""W""]","[""W""]","As an additional cost to cast this spell, behold a Kithkin or pay {2}. (To behold a Kithkin, choose a Kithkin you control or reveal a Kithkin card from your hand.)
Whenever another creature you control enters, this creature gets +1/+1 until end of turn.",2026-01-23
2000,1,Kinsbaile Balloonist,LRW,Lorwyn,23,normal,common,en,0.3,EUR,b6053c20-3632-43e2-8560-259d0c12f235,Creature — Kithkin Soldier,{3}{W},4.0,"[""W""]","[""W""]","Flying
Whenever this creature attacks, you may have target creature gain flying until end of turn.",2007-10-12
2001,1,Kinsbaile Courier,CMR,Commander Legends,29,normal,common,en,0.3,EUR,56b2b413-e00f-440d-9d27-92eb069b8c71,Creature — Kithkin Soldier,{2}{W},3.0,"[""W""]","[""W""]","When this creature enters, put a +1/+1 counter on target creature.
Encore {2}{W} ({2}{W}, Exile this card from your graveyard: For each opponent, create a token copy that attacks that opponent this turn if able. They gain haste. Sacrifice them at the beginning of the next end step. Activate only as a sorcery.)",2020-11-20
2002,5,Kinsbaile Skirmisher,DDO,Duel Decks: Elspeth vs. Kiora,15,normal,common,en,0.3,EUR,257c396c-d8cc-487c-a6cb-2892c7e568a1,Creature — Kithkin Soldier,{1}{W},2.0,"[""W""]","[""W""]","When this creature enters, target creature gets +1/+1 until end of turn.",2015-02-27
1017,1,Kiora's Follower,DDO,Duel Decks: Elspeth vs. Kiora,52,normal,uncommon,en,0.59,EUR,d9704f4f-eb5b-4862-8efd-ff1d8fd4177a,Creature — Merfolk,{G}{U},2.0,"[""G"",""U""]","[""G"",""U""]",{T}: Untap another target permanent.,2015-02-27
1224,1,Kird Chieftain,M15,Magic 2015,151,normal,uncommon,en,0.3,EUR,4189a909-2e20-4dc7-894c-21446da5b0cf,Creature — Ape,{3}{R},4.0,"[""R""]","[""G"",""R""]","This creature gets +1/+1 as long as you control a Forest.
{4}{G}: Target creature gets +2/+2 and gains trample until end of turn. (It can deal excess combat damage to the player or planeswalker it's attacking.)",2014-07-18
2541,1,Kishla Skimmer,TDM,Tarkir: Dragonstorm,201,normal,uncommon,en,0.3,EUR,b5f1acb0-d73e-4814-8158-3645daf5c4cc,,,,,,,
2003,1,Kitesail Scout,BFZ,Battle for Zendikar,33,normal,common,en,0.3,EUR,68a07aad-4ed5-47ae-b04c-9b9919000f6c,Creature — Kor Scout,{W},1.0,"[""W""]","[""W""]",Flying,2015-10-02
1615,2,Kitesail Skirmisher,CMR,Commander Legends,77,normal,common,en,0.3,EUR,fcd356b3-29a9-4526-93a0-33375f65744b,Creature — Human Pirate,{3}{U},4.0,"[""U""]","[""U""]","Flying
Whenever this creature attacks, another target creature attacking the same player or planeswalker gains flying until end of turn.
Encore {4}{U} ({4}{U}, Exile this card from your graveyard: For each opponent, create a token copy that attacks that opponent this turn if able. They gain haste. Sacrifice them at the beginning of the next end step. Activate only as a sorcery.)",2020-11-20
2404,1,Kithkeeper,ECL,Lorwyn Eclipsed,23,normal,uncommon,en,0.3,EUR,ef29eff7-72be-46e6-9275-0f0a44d29233,Creature — Elemental,{6}{W},7.0,"[""W""]","[""W""]","Vivid — When this creature enters, create X 1/1 green and white Kithkin creature tokens, where X is the number of colors among permanents you control.
Tap three untapped creatures you control: This creature gets +3/+0 and gains flying until end of turn.",2026-01-23
2388,1,Kithkin,TECL,Lorwyn Eclipsed Tokens,7,normal,common,en,0.0,EUR,2ed11e1b-2289-48d2-8d96-ee7e590ecfd4,Token Creature — Kithkin,,0.0,"[""G"",""W""]",[],,2026-01-23
2506,3,Kithkin,TECL,Lorwyn Eclipsed Tokens,7,normal,common,en,,EUR,2ed11e1b-2289-48d2-8d96-ee7e590ecfd4,Token Creature — Kithkin,,0.0,"[""G"",""W""]",[],,2026-01-23
2004,1,Kithkin Greatheart,MMA,Modern Masters,21,normal,common,en,0.3,EUR,777d091f-7718-434f-894d-2fe40e0e67dd,Creature — Kithkin Soldier,{1}{W},2.0,"[""W""]","[""W""]","As long as you control a Giant, this creature gets +1/+1 and has first strike.",2013-06-07
2005,1,Kithkin Healer,LRW,Lorwyn,27,normal,common,en,0.3,EUR,44032574-a5bc-4366-af65-9824fd4302a2,Creature — Kithkin Cleric,{2}{W},3.0,"[""W""]","[""W""]",{T}: Prevent the next 1 damage that would be dealt to any target this turn.,2007-10-12
2006,1,Kitsune Ace,NEO,Kamigawa: Neon Dynasty,22,normal,common,en,0.3,EUR,ef1d446a-8607-45b8-a01f-dad17bab76e7,Creature — Fox Pilot,{1}{W},2.0,"[""W""]","[""W""]","Whenever a Vehicle you control attacks, choose one —
• That Vehicle gains first strike until end of turn.
• Untap this creature.",2022-02-18
2007,1,Kitsune Bonesetter,SOK,Saviors of Kamigawa,15,normal,common,en,0.3,EUR,a94c12e0-8eb1-43f9-a421-43ca9bcffb0e,Creature — Fox Cleric,{2}{W},3.0,"[""W""]","[""W""]",{T}: Prevent the next 3 damage that would be dealt to target creature this turn. Activate only if you have more cards in hand than each opponent.,2005-06-03
2008,1,Kitsune Dawnblade,SOK,Saviors of Kamigawa,16,normal,common,en,0.3,EUR,b09ab22e-aa22-4d6b-87c6-970563486f21,Creature — Fox Samurai,{4}{W},5.0,"[""W""]","[""W""]","Bushido 1 (Whenever this creature blocks or becomes blocked, it gets +1/+1 until end of turn.)
When this creature enters, you may tap target creature.",2005-06-03
2009,1,Kitsune Healer,CHK,Champions of Kamigawa,27,normal,common,en,0.3,EUR,11bb6894-b56a-4a63-859a-65a0c2d160fc,Creature — Fox Cleric,{3}{W},4.0,"[""W""]","[""W""]","{T}: Prevent the next 1 damage that would be dealt to any target this turn.
{T}: Prevent all damage that would be dealt to target legendary creature this turn.",2004-10-01
2010,2,Kitsune Loreweaver,SOK,Saviors of Kamigawa,17,normal,common,en,0.3,EUR,c11d4490-fe4f-4526-befd-f4c9c22c76a6,Creature — Fox Cleric,{1}{W},2.0,"[""W""]","[""W""]","{1}{W}: This creature gets +0/+X until end of turn, where X is the number of cards in your hand.",2005-06-03
2011,1,Kitsune Riftwalker,CHK,Champions of Kamigawa,29,normal,common,en,0.3,EUR,f545d9d0-52d8-4b90-a8bb-178f4ba3c4b7,Creature — Fox Wizard,{1}{W}{W},3.0,"[""W""]","[""W""]",Protection from Spirits and from Arcane,2004-10-01
1225,1,Knife,CLU,Ravnica: Clue Edition,10,normal,uncommon,en,0.3,EUR,1d39504f-09bb-4e05-a46c-daab87edf34a,Artifact — Clue Equipment,{R},1.0,"[""R""]","[""R""]","During your turn, equipped creature gets +1/+0 and has first strike.
{2}, Sacrifice this Equipment: Draw a card.
Equip {2}",2024-02-23
2012,1,Knight,TELD,Throne of Eldraine Tokens,3,normal,common,en,0.3,EUR,703e7ecf-3d73-40c1-8cfe-0758778817cf,Token Creature — Knight,,0.0,"[""W""]","[""W""]",Vigilance,2019-10-04
2013,1,Knight of Doves,WOE,Wilds of Eldraine,19,normal,uncommon,en,0.3,EUR,b4f33617-ad19-4d42-ab94-6f21a7fb3dd4,Creature — Human Knight,{2}{W},3.0,"[""W""]","[""W""]","Whenever an enchantment you control is put into a graveyard from the battlefield, create a 1/1 white Bird creature token with flying.",2023-09-08
2014,2,Knight of New Benalia,DOM,Dominaria,24,normal,common,en,0.3,EUR,88c50c4b-a2c8-4cdc-a171-aa3ff9ef107f,Creature — Human Knight,{1}{W},2.0,"[""W""]","[""W""]",,2018-04-27
2015,3,Knight of the Keep,ELD,Throne of Eldraine,19,normal,common,en,0.3,EUR,0d49653d-cd4e-40a7-99de-fc531b5d8594,Creature — Human Knight,{2}{W},3.0,"[""W""]","[""W""]",,2019-10-04
2016,1,Knight of the Skyward Eye,A25,Masters 25,19,normal,common,en,0.3,EUR,c908f812-a7ee-411e-89f1-1f84793d095d,Creature — Human Knight,{1}{W},2.0,"[""W""]","[""G"",""W""]",{3}{G}: This creature gets +3/+3 until end of turn. Activate only once each turn.,2018-03-16
2017,1,Knightly Valor,M19,Core Set 2019,20,normal,uncommon,en,0.3,EUR,366ab022-967d-48ff-a1f9-4bd642dba1ae,Enchantment — Aura,{4}{W},5.0,"[""W""]","[""W""]","Enchant creature
When this Aura enters, create a 2/2 white Knight creature token with vigilance. (Attacking doesn't cause it to tap.)
Enchanted creature gets +2/+2 and has vigilance.",2018-07-13
1616,1,Knights of Dol Amroth,LTR,The Lord of the Rings: Tales of Middle-earth,59,normal,common,en,0.3,EUR,661338ff-a192-4007-a144-63d00f2e9ecb,Creature — Human Knight,{3}{U},4.0,"[""U""]","[""U""]","Whenever you draw your second card each turn, put a +1/+1 counter on this creature.",2023-06-23
2018,1,Knockout Blow,SNC,Streets of New Capenna,20,normal,uncommon,en,0.3,EUR,9b00bbec-61d0-464c-bf82-4ecf5ddb3451,Instant,{2}{W},3.0,"[""W""]","[""W""]","This spell costs {2} less to cast if it targets a red creature.
Knockout Blow deals 4 damage to target attacking or blocking creature and you gain 2 life.",2022-04-29
1226,1,Knollspine Invocation,SHM,Shadowmoor,99,normal,rare,en,0.42,EUR,8157aade-9dfc-402d-8e1f-468bf2bccb9c,Enchantment,{1}{R}{R},3.0,"[""R""]","[""R""]","{X}, Discard a card with mana value X: This enchantment deals X damage to any target.",2008-05-02
1617,1,Koilos Roc,BRO,The Brothers' War,55,normal,common,en,0.3,EUR,ebdbcb87-c6ea-477f-a560-c175d99e21b8,Creature — Bird,{4}{U},5.0,"[""U""]","[""U""]","Flash
Flying
When this creature enters, create a tapped Powerstone token. (It's an artifact with ""{T}: Add {C}. This mana can't be spent to cast a nonartifact spell."")",2022-11-18
2019,2,Kor Castigator,BFZ,Battle for Zendikar,35,normal,common,en,0.3,EUR,f4db2f0e-d7d4-417b-9b94-5ade727907e9,Creature — Kor Wizard Ally,{1}{W},2.0,"[""W""]","[""W""]",This creature can't be blocked by Eldrazi Scions.,2015-10-02
1227,1,Korvold and the Noble Thief,WOE,Wilds of Eldraine,139,normal,uncommon,en,0.3,EUR,a811b2cb-ffc7-4100-ac3e-bc4125842bb2,Enchantment — Saga,{3}{R},4.0,"[""R""]","[""R""]","(As this Saga enters and after your draw step, add a lore counter. Sacrifice after III.)
I, II — Create a Treasure token. (It's an artifact with ""{T}, Sacrifice this token: Add one mana of any color."")
III — Exile the top three cards of target opponent's library. You may play those cards this turn.",2023-09-08
123,1,Kozilek's Pathfinder,OGW,Oath of the Gatewatch,5,normal,common,en,0.3,EUR,b75585bd-fdd8-44d1-8c7c-b96df5fc473e,Creature — Eldrazi,{6},6.0,[],[],{C}: Target creature can't block this creature this turn. ({C} represents colorless mana.),2016-01-22
124,1,Kozilek's Sentinel,BFZ,Battle for Zendikar,129,normal,common,en,0.3,EUR,786c6a0f-3f75-45ff-aae9-5c866be279d0,Creature — Eldrazi Drone,{1}{R},2.0,[],"[""R""]","Devoid (This card has no color.)
Whenever you cast a colorless spell, this creature gets +1/+0 until end of turn.",2015-10-02
1228,2,Kragma Butcher,BNG,Born of the Gods,100,normal,common,en,0.3,EUR,56d1dcab-7e46-4ff1-91f6-77352ef0cd90,Creature — Minotaur Warrior,{2}{R},3.0,"[""R""]","[""R""]","Inspired — Whenever this creature becomes untapped, it gets +2/+0 until end of turn.",2014-02-07
614,1,Kragma Warcaller,THS,Theros,195,normal,uncommon,en,0.3,EUR,78791fc6-054f-45eb-b8b0-28f2512d72b6,Creature — Minotaur Warrior,{3}{B}{R},5.0,"[""B"",""R""]","[""B"",""R""]","Minotaur creatures you control have haste.
Whenever a Minotaur you control attacks, it gets +2/+0 until end of turn.",2013-09-27
1618,1,Kraken of the Straits,BNG,Born of the Gods,42,normal,uncommon,en,0.3,EUR,12ae69b3-afa5-4763-a0c8-c3d9d96f6ddc,Creature — Kraken,{5}{U}{U},7.0,"[""U""]","[""U""]",Creatures with power less than the number of Islands you control can't block this creature.,2014-02-07
1229,1,Krenko's Command,DDT,Duel Decks: Merfolk vs. Goblins,53,normal,common,en,0.51,EUR,a1a6efce-e970-4ec3-80b4-c639d0e98186,Sorcery,{1}{R},2.0,"[""R""]","[""R""]",Create two 1/1 red Goblin creature tokens.,2017-10-24
1230,5,Krenko's Enforcer,M15,Magic 2015,152,normal,common,en,0.3,EUR,ce2ceeb0-03b6-48bc-a084-069176ebccb2,Creature — Goblin Warrior,{1}{R}{R},3.0,"[""R""]","[""R""]",Intimidate (This creature can't be blocked except by artifact creatures and/or creatures that share a color with it.),2014-07-18
125,1,Krosan Verge,C19,Commander 2019,257,normal,uncommon,en,0.3,EUR,ea793198-7768-4844-98d2-cc6fba11a32d,Land,,0.0,[],[],"This land enters tapped.
{T}: Add {C}.
{2}, {T}, Sacrifice this land: Search your library for a Forest card and a Plains card, put them onto the battlefield tapped, then shuffle.",2019-08-23
790,1,Kruphix's Insight,C18,Commander 2018,155,normal,common,en,0.34,EUR,d5d7ab7a-fcb2-44c7-8e99-e627d3ced1ea,Sorcery,{2}{G},3.0,"[""G""]","[""G""]",Reveal the top six cards of your library. Put up to three enchantment cards from among them into your hand and the rest of the revealed cards into your graveyard.,2018-08-10
791,2,Kujar Seedsculptor,DDU,Duel Decks: Elves vs. Inventors,15,normal,common,en,0.3,EUR,7a8a8d63-e64b-4a7a-ba95-1a68f75977d4,Creature — Elf Druid,{1}{G},2.0,"[""G""]","[""G""]","When this creature enters, put a +1/+1 counter on target creature you control.",2018-04-06
2373,1,Kulrath Mystic,ECL,Lorwyn Eclipsed,56,normal,common,en,0.3,EUR,377d257c-920c-4dd4-a4b1-01cbc631ef8f,Creature — Elemental Wizard,{2}{U},3.0,"[""U""]","[""U""]","Whenever you cast a spell with mana value 4 or greater, this creature gets +2/+0 and gains vigilance until end of turn.",2026-01-23
2498,2,Kulrath Mystic,ECL,Lorwyn Eclipsed,56,normal,common,en,0.3,EUR,377d257c-920c-4dd4-a4b1-01cbc631ef8f,Creature — Elemental Wizard,{2}{U},3.0,"[""U""]","[""U""]","Whenever you cast a spell with mana value 4 or greater, this creature gets +2/+0 and gains vigilance until end of turn.",2026-01-23
2504,2,Kulrath Zealot,ECL,Lorwyn Eclipsed,148,normal,common,en,0.3,EUR,3502685d-4e57-4c5c-94c6-ae69048cdfbf,Creature — Elemental Warrior,{5}{R},6.0,"[""R""]","[""R""]","When this creature enters, exile the top card of your library. Until the end of your next turn, you may play that card.
Basic landcycling {1}{R} ({1}{R}, Discard this card: Search your library for a basic land card, reveal it, put it into your hand, then shuffle.)",2026-01-23
447,1,Kuro's Taken,SOK,Saviors of Kamigawa,79,normal,common,en,0.3,EUR,1e301a46-f321-4fa6-a8c4-08dd4079a458,Creature — Rat Samurai,{1}{B},2.0,"[""B""]","[""B""]","Bushido 1 (Whenever this creature blocks or becomes blocked, it gets +1/+1 until end of turn.)
{1}{B}: Regenerate this creature.",2005-06-03
1029,1,"Kutzil, Malamet Exemplar",LCI,The Lost Caverns of Ixalan,304,normal,uncommon,en,2.14,EUR,12fede45-8c95-45eb-915c-c3ee5101dfcc,Legendary Creature — Cat Warrior,{1}{G}{W},3.0,"[""G"",""W""]","[""G"",""W""]","Your opponents can't cast spells during your turn.
Whenever one or more creatures you control each with power greater than its base power deals combat damage to a player, draw a card.",2023-11-17
2338,1,Kyoshi Battle Fan,TLA,Avatar: The Last Airbender,257,normal,common,en,0.3,EUR,257e6862-96fe-4312-aff2-509d0696843a,Artifact — Equipment,{2},2.0,[],[],"When this Equipment enters, create a 1/1 white Ally creature token, then attach this Equipment to it.
Equipped creature gets +1/+0.
Equip {2} ({2}:Attach to target creature you control. Equip only as a sorcery.)",2025-11-21
2306,1,Kyoshi Warrior Guard,TLE,Avatar: The Last Airbender Eternal,216,normal,common,en,0.3,EUR,7a2acb28-c0e2-492b-a227-ef49e905e0fb,Creature — Human Warrior Ally,{1}{W},2.0,"[""W""]","[""W""]",,2025-11-21
2303,1,Kyoshi Warriors,TLA,Avatar: The Last Airbender,26,normal,common,en,0.3,EUR,211045e1-85c7-4088-b830-a2afa0fe520b,Creature — Human Warrior Ally,{3}{W},4.0,"[""W""]","[""W""]","When this creature enters, create a 1/1 white Ally creature token.",2025-11-21
2020,4,Lagonna-Band Elder,THS,Theros,21,normal,common,en,0.3,EUR,68b9df54-e78e-4a86-a8b1-b735ec08a812,Creature — Centaur Advisor,{2}{W},3.0,"[""W""]","[""W""]","When this creature enters, if you control an enchantment, you gain 3 life.",2013-09-27
1020,1,"Lagrella, the Magpie",SNC,Streets of New Capenna,314,normal,uncommon,en,0.3,EUR,5956dbe0-0d4c-42b1-8554-0fa6de1ee6bc,Legendary Creature — Human Soldier,{G}{W}{U},3.0,"[""G"",""U"",""W""]","[""G"",""U"",""W""]","When Lagrella enters, exile any number of other target creatures controlled by different players until Lagrella leaves the battlefield. When an exiled card enters under your control this way, put two +1/+1 counters on it.",2022-04-29
2021,1,Lairwatch Giant,LRW,Lorwyn,29,normal,common,en,0.3,EUR,c64ba1c8-b93a-4169-9ba0-d3fc5bf57676,Creature — Giant Warrior,{5}{W},6.0,"[""W""]","[""W""]","This creature can block an additional creature each combat.
Whenever this creature blocks two or more creatures, it gains first strike until end of turn.",2007-10-12
1619,1,Lamplighter of Selhoff,SOI,Shadows over Innistrad,72,normal,common,en,0.3,EUR,80dadecc-f1f1-44a2-8829-6c94aade73a0,Creature — Zombie Horror,{4}{U},5.0,"[""U""]","[""U""]","When this creature enters, if you control another Zombie, you may draw a card. If you do, discard a card.",2016-04-08
126,1,Land Mine,TM15,Magic 2015 Tokens,12,normal,common,en,0.68,EUR,30093c6e-505e-4902-b535-707e364059b4,Token Artifact,,0.0,[],"[""R""]","{R}, Sacrifice this artifact: This artifact deals 2 damage to target attacking creature without flying.",2014-07-18
2022,1,"Landroval, Horizon Witness",LTR,The Lord of the Rings: Tales of Middle-earth,21,normal,uncommon,en,0.3,EUR,5684483b-9a6a-499b-a5e1-e2815ee03cdb,Legendary Creature — Bird Noble,{4}{W},5.0,"[""W""]","[""W""]","Flying
Whenever two or more creatures you control attack a player, target attacking creature without flying gains flying until end of turn.",2023-06-23
2023,1,Lantern Kami,CHK,Champions of Kamigawa,32,normal,common,en,0.3,EUR,99625787-f184-48a5-a678-e30b7024c7bb,Creature — Spirit,{W},1.0,"[""W""]","[""W""]",Flying,2004-10-01
792,2,Larger Than Life,KLD,Kaladesh,160,normal,common,en,0.3,EUR,3d0da994-d3e7-41b9-ae8f-6f1a3b779f23,Sorcery,{1}{G},2.0,"[""G""]","[""G""]",Target creature gets +4/+4 and gains trample until end of turn.,2016-09-30
1231,2,Lash Out,CMD,Commander 2011,127,normal,common,en,0.3,EUR,d4f04300-2a03-472f-b618-20fc9dcda988,Instant,{1}{R},2.0,"[""R""]","[""R""]","Lash Out deals 3 damage to target creature. Clash with an opponent. If you win, Lash Out deals 3 damage to that creature's controller. (Each clashing player reveals the top card of their library, then puts that card on their choice of the top or bottom. A player wins if their card had a greater mana value.)",2011-06-17
2230,2,Lash of the Balrog,LTR,The Lord of the Rings: Tales of Middle-earth,92,normal,common,en,0.3,EUR,812fee97-e145-4458-b495-bc6ad227335b,Sorcery,{B},1.0,"[""B""]","[""B""]","As an additional cost to cast this spell, sacrifice a creature or pay {4}.
Destroy target creature.",2023-06-23
448,1,Lash of the Whip,THS,Theros,94,normal,common,en,0.3,EUR,ba32cf1f-375c-4cc5-9963-c4f9510e3b39,Instant,{4}{B},5.0,"[""B""]","[""B""]",Target creature gets -4/-4 until end of turn.,2013-09-27
2024,5,Last Breath,THS,Theros,22,normal,common,en,0.3,EUR,1857fc37-1e7e-4b93-9fa9-ec139f16b7fa,Instant,{1}{W},2.0,"[""W""]","[""W""]",Exile target creature with power 2 or less. Its controller gains 4 life.,2013-09-27
2500,2,Lasting Tarfire,ECL,Lorwyn Eclipsed,149,normal,uncommon,en,0.3,EUR,9c4a95ac-072f-4219-80a0-1ce71f1b8411,Enchantment,{1}{R},2.0,"[""R""]","[""R""]","At the beginning of each end step, if you put a counter on a creature this turn, this enchantment deals 2 damage to each opponent.",2026-01-23
1620,1,Lat-Nam Adept,BRO,The Brothers' War,56,normal,common,en,0.3,EUR,a1e088de-e99f-4706-89e0-a7efdaf9403a,Creature — Human Wizard,{3}{U},4.0,"[""U""]","[""U""]","Whenever you draw your second card each turn, put a +1/+1 counter on this creature.",2022-11-18
1232,6,Lava Axe,M19,Core Set 2019,150,normal,common,en,0.3,EUR,c3dab325-8f4f-4288-9f3f-960e52b4335b,Sorcery,{4}{R},5.0,"[""R""]","[""R""]",Lava Axe deals 5 damage to target player or planeswalker.,2018-07-13
1233,1,Lavastep Raider,BFZ,Battle for Zendikar,147,normal,common,en,0.3,EUR,2428f13f-c445-4eb4-bab1-309f27cab208,Creature — Goblin Warrior,{R},1.0,"[""R""]","[""R""]",{2}{R}: This creature gets +2/+0 until end of turn.,2015-10-02
793,1,Lead by Example,BBD,Battlebond,205,normal,common,en,0.3,EUR,3525b8f3-8b5b-4f1e-9b18-8e925cf45413,Instant,{1}{G},2.0,"[""G""]","[""G""]",Support 2. (Put a +1/+1 counter on each of up to two target creatures.),2018-06-08
794,3,Leaf Gilder,DDU,Duel Decks: Elves vs. Inventors,17,normal,common,en,0.3,EUR,e7d04e77-cbc4-40bf-a0f2-67312309a9cb,Creature — Elf Druid,{1}{G},2.0,"[""G""]","[""G""]",{T}: Add {G}.,2018-04-06
1621,1,Leapfrog,GRN,Guilds of Ravnica,42,normal,common,en,0.3,EUR,2e415a03-f7f8-4fca-954a-ef21b4a2c60f,Creature — Frog,{2}{U},3.0,"[""U""]","[""U""]",This creature has flying as long as you've cast an instant or sorcery spell this turn.,2018-10-05
795,1,Leaping Ambush,WOE,Wilds of Eldraine,177,normal,common,en,0.3,EUR,2785f716-274c-495c-b4e3-71a72e22f856,Instant,{G},1.0,"[""G""]","[""G""]",Target creature gets +1/+3 and gains reach until end of turn. Untap it.,2023-09-08
449,1,Leech Gauntlet,NEO,Kamigawa: Neon Dynasty,106,normal,uncommon,en,0.3,EUR,97986b67-5ae4-492f-a9e0-81f57a829d86,Artifact Creature — Equipment Leech,{1}{B},2.0,"[""B""]","[""B""]","Lifelink
Equipped creature has lifelink.
Reconfigure {4} ({4}: Attach to target creature you control; or unattach from a creature. Reconfigure only as a sorcery. While attached, this isn't a creature.)",2022-02-18
450,2,Leeching Sliver,M15,Magic 2015,102,normal,uncommon,en,0.59,EUR,888ca52b-1270-4587-804d-1d08b07d7c5d,Creature — Sliver,{1}{B},2.0,"[""B""]","[""B""]","Whenever a Sliver you control attacks, defending player loses 1 life.",2014-07-18
2578,1,"Leonardo, Cutting Edge",TMT,Teenage Mutant Ninja Turtles,15,normal,rare,en,2.58,EUR,74c11ee3-19d1-4ad5-a727-1d74c565d6a5,,,,,,,
2580,1,Lessons from Life,TMT,Teenage Mutant Ninja Turtles,155,normal,uncommon,en,0.34,EUR,0f886117-aff3-4db7-9cf5-7cbe94c8cd02,,,,,,,
127,1,Lifecraft Engine,DFT,Aetherdrift,423,foil,rare,en,0.42,EUR,23eda600-af1e-4444-a822-830037133c0d,Artifact — Vehicle,{3},3.0,[],[],"As this Vehicle enters, choose a creature type.
Vehicle creatures you control are the chosen creature type in addition to their other types.
Each creature you control of the chosen type other than this Vehicle gets +1/+1.
Crew 3",2025-02-14
2025,2,Lifecreed Duo,BLB,Bloomburrow,20,normal,common,en,0.3,EUR,ca543405-5e12-48a0-9a77-082ac9bcb2f2,Creature — Bat Bird,{1}{W},2.0,"[""W""]","[""W""]","Flying
Whenever another creature you control enters, you gain 1 life.",2024-08-02
1622,1,Lifted by Clouds,CHK,Champions of Kamigawa,73,normal,common,en,0.3,EUR,a5f08f3d-82ef-4c3f-af2d-a3c834e22b99,Instant — Arcane,{2}{U},3.0,"[""U""]","[""U""]","Target creature gains flying until end of turn.
Splice onto Arcane {1}{U} (As you cast an Arcane spell, you may reveal this card from your hand and pay its splice cost. If you do, add this card's effects to that spell.)",2004-10-01
1234,2,Light 'Em Up,SNC,Streets of New Capenna,466,normal,common,en,0.3,EUR,5c80b3da-bda1-4d8d-ba50-7162574f4564,Sorcery,{1}{R},2.0,"[""R""]","[""R""]","Casualty 2 (As you cast this spell, you may sacrifice a creature with power 2 or greater. When you do, copy this spell and you may choose a new target for the copy.)
Light 'Em Up deals 2 damage to target creature or planeswalker.",2022-04-29
1437,4,Lightning Angel,V15,From the Vault: Angels,12,foil,mythic,en,1.11,EUR,e3fe3179-c32f-460c-a590-77f193100180,Creature — Angel,{1}{U}{R}{W},4.0,"[""R"",""U"",""W""]","[""R"",""U"",""W""]","Flying, vigilance, haste",2015-08-21
1235,1,Lightning Diadem,JOU,Journey into Nyx,102,normal,common,en,0.3,EUR,4ce3f1c6-2e6f-4087-8619-a01fdcc6d4a3,Enchantment — Aura,{5}{R},6.0,"[""R""]","[""R""]","Enchant creature
When this Aura enters, it deals 2 damage to any target.
Enchanted creature gets +2/+2.",2014-05-02
1236,1,Lightning Javelin,ORI,Magic Origins,153,normal,common,en,0.3,EUR,c1ccaeed-9670-4432-8a45-d5c06119fa9f,Sorcery,{3}{R},4.0,"[""R""]","[""R""]",Lightning Javelin deals 3 damage to any target. Scry 1. (Look at the top card of your library. You may put that card on the bottom.),2015-07-17
1237,8,Lightning Strike,M19,Core Set 2019,152,normal,uncommon,en,0.3,EUR,084b7337-c06f-4cbf-8fc0-0b20c221f1dc,Instant,{1}{R},2.0,"[""R""]","[""R""]",Lightning Strike deals 3 damage to any target.,2018-07-13
2256,2,Lightning Talons,BBD,Battlebond,180,normal,common,en,0.3,EUR,5a7e5dd8-2c7d-4dc1-b991-ce90d8e86b43,Enchantment — Aura,{2}{R},3.0,"[""R""]","[""R""]","Enchant creature
Enchanted creature gets +3/+0 and has first strike. (It deals combat damage before creatures without first strike.)",2018-06-08
1238,1,"Lightning, Security Sergeant",FIN,Final Fantasy,462,normal,rare,en,3.0,EUR,40cce7b4-1d5d-4d91-90c5-71b79b5be1ac,Legendary Creature — Human Soldier,{2}{R},3.0,"[""R""]","[""R""]","Menace (This creature can't be blocked except by two or more creatures.)
Whenever Lightning deals combat damage to a player, exile the top card of your library. You may play that card for as long as you control Lightning.",2025-06-13
2488,1,Liminal Hold,ECL,Lorwyn Eclipsed,24,normal,common,en,0.3,EUR,a5a40c16-7a5c-4ad1-be53-6b1b1be2affe,Enchantment,{3}{W},4.0,"[""W""]","[""W""]","When this enchantment enters, exile up to one target nonland permanent an opponent controls until this enchantment leaves the battlefield. You gain 2 life.",2026-01-23
2026,1,Lionheart Maverick,DDG,Duel Decks: Knights vs. Dragons,3,normal,common,en,0.3,EUR,0a818fdf-2cbc-451a-9893-36da510d63e4,Creature — Human Knight,{W},1.0,"[""W""]","[""W""]","Vigilance
{4}{W}: This creature gets +1/+2 until end of turn.",2011-04-01
2588,2,"Lita, Little Orphan Amphibian",TMT,Teenage Mutant Ninja Turtles,19,normal,uncommon,en,0.3,EUR,9fbaabb5-e981-4cbf-888c-46449412711f,,,,,,,
2027,1,Lithomancer's Focus,BFZ,Battle for Zendikar,38,normal,common,en,0.3,EUR,dd5a1376-88b3-4bdc-9ce9-e90617e6c55e,Instant,{W},1.0,"[""W""]","[""W""]",Target creature gets +2/+2 until end of turn. Prevent all damage that would be dealt to that creature this turn by colorless sources.,2015-10-02
796,6,Living Totem,M15,Magic 2015,184,normal,common,en,0.3,EUR,ca21890c-68be-4929-913e-d28ace6b40a7,Creature — Plant Elemental,{3}{G},4.0,"[""G""]","[""G""]","Convoke (Your creatures can help cast this spell. Each creature you tap while casting this spell pays for {1} or one mana of that creature's color.)
When this creature enters, you may put a +1/+1 counter on another target creature.",2014-07-18
797,1,"Lizard, Connors's Curse",SPM,Marvel's Spider-Man,106,normal,rare,en,0.42,EUR,6add5d2a-950e-4bee-9850-e68f5f6d6142,Legendary Creature — Lizard Villain,{2}{G}{G},4.0,"[""G""]","[""G""]","Trample
Lizard Formula — When Lizard, Connors's Curse enters, up to one other target creature loses all abilities and becomes a green Lizard creature with base power and toughness 4/4.",2025-09-26
798,1,Llanowar Elves,GNT,Game Night,46,normal,common,en,0.85,EUR,8bbcfb77-daa1-4ce5-b5f9-48d0a8edbba9,Creature — Elf Druid,{G},1.0,"[""G""]","[""G""]",{T}: Add {G}.,2018-11-16
799,1,Llanowar Empath,DDU,Duel Decks: Elves vs. Inventors,18,normal,common,en,0.3,EUR,8ad19d75-b506-4d5c-bd94-40e8a1be7f27,Creature — Elf Shaman,{3}{G},4.0,"[""G""]","[""G""]","When this creature enters, scry 2, then reveal the top card of your library. If it's a creature card, put it into your hand. (To scry 2, look at the top two cards of your library, then put any number of them on the bottom and the rest on top in any order.)",2018-04-06
800,2,Llanowar Scout,DOM,Dominaria,170,normal,common,en,0.3,EUR,c8026d80-2e91-46f9-ae97-1f137848236c,Creature — Elf Scout,{1}{G},2.0,"[""G""]","[""G""]",{T}: You may put a land card from your hand onto the battlefield.,2018-04-27
128,1,Llanowar Wastes,C19,Commander 2019,258,normal,rare,en,0.85,EUR,ec5506fe-695a-4747-b377-4d806215e121,Land,,0.0,[],"[""B"",""G""]","{T}: Add {C}.
{T}: Add {B} or {G}. This land deals 1 damage to you.",2019-08-23
801,1,Loam Larva,OGW,Oath of the Gatewatch,135,normal,common,en,0.3,EUR,affa9314-0021-445e-9496-349254b16bf8,Creature — Insect,{1}{G},2.0,"[""G""]","[""G""]","When this creature enters, you may search your library for a basic land card, reveal it, then shuffle and put that card on top.",2016-01-22
451,1,Loathsome Catoblepas,THS,Theros,95,normal,common,en,0.3,EUR,4a8cff2f-ba52-4d22-83e8-13c56368f1df,Creature — Beast,{5}{B},6.0,"[""B""]","[""B"",""G""]","{2}{G}: This creature must be blocked this turn if able.
When this creature dies, target creature an opponent controls gets -3/-3 until end of turn.",2013-09-27
2491,1,Lofty Dreams,ECL,Lorwyn Eclipsed,58,normal,uncommon,en,0.3,EUR,a2908ed1-517e-4f1a-94e5-b06fb033c1a6,Enchantment — Aura,{3}{U}{U},5.0,"[""U""]","[""U""]","Convoke (Your creatures can help cast this spell. Each creature you tap while casting this spell pays for {1} or one mana of that creature's color.)
Enchant creature
When this Aura enters, draw a card.
Enchanted creature gets +2/+2 and has flying.",2026-01-23
2319,1,"Long Feng, Grand Secretariat",TLA,Avatar: The Last Airbender,233,normal,uncommon,en,0.3,EUR,a3eb92fe-bc59-4472-9028-f368bd015609,Legendary Creature — Human Advisor,{1}{B/G}{B/G},3.0,"[""B"",""G""]","[""B"",""G""]","Whenever another creature you control or a land you control is put into a graveyard from the battlefield, put a +1/+1 counter on target creature you control.",2025-11-21
802,1,Longtusk Cub,KLD,Kaladesh,161,normal,uncommon,en,0.3,EUR,c4de778a-4419-49a5-9dcf-5d0095c873fa,Creature — Cat,{1}{G},2.0,"[""G""]","[""G""]","Whenever this creature deals combat damage to a player, you get {E}{E} (two energy counters).
Pay {E}{E}: Put a +1/+1 counter on this creature.",2016-09-30
129,1,Looming Spires,BFZ,Battle for Zendikar,238,normal,common,en,0.3,EUR,b88177a2-de41-417d-a8f1-07edf005b453,Land,,0.0,[],"[""R""]","This land enters tapped.
When this land enters, target creature gets +1/+1 and gains first strike until end of turn.
{T}: Add {R}.",2015-10-02
2028,1,"Loran, Disciple of History",BRO,The Brothers' War,13,normal,uncommon,en,0.3,EUR,9998f898-1f08-481b-8505-b890f0fec5e0,Legendary Creature — Human Artificer,{3}{W},4.0,"[""W""]","[""W""]","Whenever Loran or another legendary creature you control enters, return target artifact card from your graveyard to your hand.",2022-11-18
452,1,Lord Skitter's Butcher,WOE,Wilds of Eldraine,99,normal,uncommon,en,0.42,EUR,21b31d2b-ef66-4e16-a75e-4e27eb5ebfe9,Creature — Rat Peasant,{2}{B},3.0,"[""B""]","[""B""]","When this creature enters, choose one —
• Create a 1/1 black Rat creature token with ""This token can't block.""
• You may sacrifice another creature. If you do, scry 2, then draw a card.
• Creatures you control gain menace until end of turn.",2023-09-08
2353,2,Lost Days,TLA,Avatar: The Last Airbender,62,normal,common,en,0.3,EUR,db8e88e3-0931-403f-90e7-3c22c0b61dac,Instant — Lesson,{4}{U},5.0,"[""U""]","[""U""]","The owner of target creature or enchantment puts it into their library second from the top or on the bottom. You create a Clue token. (It's an artifact with ""{2}, Sacrifice this token: Draw a card."")",2025-11-21
1623,2,Lost in a Labyrinth,THS,Theros,52,normal,common,en,0.3,EUR,09aa7744-680f-4c2a-8fa0-9cb0c176ae8f,Instant,{U},1.0,"[""U""]","[""U""]",Target creature gets -3/-0 until end of turn. Scry 1. (Look at the top card of your library. You may put that card on the bottom.),2013-09-27
1239,2,Lowland Oaf,LRW,Lorwyn,184,normal,common,en,0.3,EUR,cdaa7f6a-9639-4bee-aa12-20054d7975d5,Creature — Giant Warrior,{3}{R},4.0,"[""R""]","[""R""]",{T}: Target Goblin creature you control gets +1/+0 and gains flying until end of turn. Sacrifice that creature at the beginning of the next end step.,2007-10-12
2029,1,Loxodon Restorer,GRN,Guilds of Ravnica,20,normal,common,en,0.3,EUR,1ead2166-a7ca-49cb-bf93-2f59c37b4cb9,Creature — Elephant Cleric,{4}{W}{W},6.0,"[""W""]","[""W""]","Convoke (Your creatures can help cast this spell. Each creature you tap while casting this spell pays for {1} or one mana of that creature's color.)
When this creature enters, you gain 4 life.",2018-10-05
2030,1,Loyal Pegasus,M20,Core Set 2020,28,normal,uncommon,en,0.3,EUR,7cae7971-953b-454a-84dd-ae2974946da9,Creature — Pegasus,{W},1.0,"[""W""]","[""W""]","Flying
This creature can't attack or block alone.",2019-07-12
130,2,Lumbering Laundry,MKM,Murders at Karlov Manor,253,normal,uncommon,en,0.3,EUR,080ad039-1669-4735-9864-76f4c61fc59e,Artifact Creature — Golem,{5},5.0,[],[],"{2}: Until end of turn, you may look at face-down creatures you don't control any time.
Disguise {5} (You may cast this card face down for {3} as a 2/2 creature with ward {2}. Turn it face up any time for its disguise cost.)",2024-02-09
2397,1,Luminollusk,ECL,Lorwyn Eclipsed,179,normal,uncommon,en,0.3,EUR,3d591e66-4bf9-47e7-bcef-57769ec3edc6,Creature — Elemental,{3}{G},4.0,"[""G""]","[""G""]","Deathtouch
Vivid — When this creature enters, you gain life equal to the number of colors among permanents you control.",2026-01-23
2031,1,Luminous Bonds,GRN,Guilds of Ravnica,21,normal,common,en,0.3,EUR,5d471de4-a7b2-4e13-9492-3fa94f5867ac,Enchantment — Aura,{2}{W},3.0,"[""W""]","[""W""]","Enchant creature
Enchanted creature can't attack or block.",2018-10-05
803,1,Lush Growth,ALA,Shards of Alara,136,normal,common,en,0.3,EUR,d62047f2-a41f-44b5-a6bc-28e35fad093b,Enchantment — Aura,{G},1.0,"[""G""]","[""G""]","Enchant land
Enchanted land is a Mountain, Forest, and Plains.",2008-10-03
804,2,Luxurious Libation,SNC,Streets of New Capenna,152,normal,uncommon,en,0.3,EUR,b3e0e818-db6a-453a-a1f0-a7fade6509d3,Instant,{X}{G},1.0,"[""G""]","[""G""]",Target creature gets +X/+X until end of turn. Create a 1/1 green and white Citizen creature token.,2022-04-29
2032,1,Lyev Decree,DGM,Dragon's Maze,3,normal,common,en,0.3,EUR,773cf2aa-4337-4d14-8a8e-ff8b1fdec1b5,Sorcery,{1}{W},2.0,"[""W""]","[""W""]","Detain up to two target creatures your opponents control. (Until your next turn, those creatures can't attack or block and their activated abilities can't be activated.)",2013-05-03
2406,1,Lys Alana Informant,ECL,Lorwyn Eclipsed,181,foil,common,en,0.42,EUR,a79649c4-559e-4306-a102-5fd8750629c7,Creature — Elf Scout,{1}{G},2.0,"[""G""]","[""G""]","When this creature enters or dies, surveil 1. (Look at the top card of your library. You may put it into your graveyard.)",2026-01-23
2457,1,Lys Alana Informant,ECL,Lorwyn Eclipsed,181,normal,common,en,0.3,EUR,a79649c4-559e-4306-a102-5fd8750629c7,Creature — Elf Scout,{1}{G},2.0,"[""G""]","[""G""]","When this creature enters or dies, surveil 1. (Look at the top card of your library. You may put it into your graveyard.)",2026-01-23
453,1,Maalfeld Twins,AVR,Avacyn Restored,112,normal,uncommon,en,0.3,EUR,c63dd203-bce9-4ab7-8a0c-059d19d384e9,Creature — Zombie,{5}{B},6.0,"[""B""]","[""B""]","When this creature dies, create two 2/2 black Zombie creature tokens.",2012-05-04
622,2,Maestros Charm,SNC,Streets of New Capenna,317,normal,uncommon,en,0.3,EUR,3b3e1bec-67d2-43fd-b799-b7c12b94d1f0,Instant,{U}{B}{R},3.0,"[""B"",""R"",""U""]","[""B"",""R"",""U""]","Choose one —
• Look at the top five cards of your library. Put one of those cards into your hand and the rest into your graveyard.
• Each opponent loses 3 life and you gain 3 life.
• Maestros Charm deals 5 damage to target creature or planeswalker.",2022-04-29
1240,1,Mage-Ring Bully,ORI,Magic Origins,154,normal,common,en,0.3,EUR,1a129f22-dd7e-4b2c-a514-a2ac55bb5661,Creature — Human Warrior,{1}{R},2.0,"[""R""]","[""R""]","Prowess (Whenever you cast a noncreature spell, this creature gets +1/+1 until end of turn.)
This creature attacks each combat if able.",2015-07-17
131,1,Mage-Ring Network,UMA,Ultimate Masters,246,normal,uncommon,en,0.34,EUR,297e677f-5092-49bb-a63b-ac3269a4c016,Land,,0.0,[],[],"{T}: Add {C}.
{1}, {T}: Put a storage counter on this land.
{T}, Remove any number of storage counters from this land: Add {C} for each storage counter removed this way.",2018-12-07
132,1,Magitek Scythe,FIN,Final Fantasy,562,normal,rare,en,0.51,EUR,8b691d42-3498-4d47-9a46-f7c376df8886,Artifact — Equipment,{4},4.0,[],[],"A Test of Your Reflexes! — When this Equipment enters, you may attach it to target creature you control. If you do, that creature gains first strike until end of turn and must be blocked this turn if able.
Equipped creature gets +2/+1.
Equip {2}",2025-06-13
1241,3,Magma Jet,MM3,Modern Masters 2017,100,normal,common,en,0.3,EUR,8af1c5b0-973d-467e-a797-51ca75c183c1,Instant,{1}{R},2.0,"[""R""]","[""R""]",Magma Jet deals 2 damage to any target. Scry 2.,2017-03-17
2255,2,Magma Spray,AKH,Amonkhet,141,normal,common,en,0.3,EUR,988a7993-eb7d-4ae2-8a22-1676f517558b,Instant,{R},1.0,"[""R""]","[""R""]","Magma Spray deals 2 damage to target creature. If that creature would die this turn, exile it instead.",2017-04-28
133,1,Magnetic Snuffler,MKM,Murders at Karlov Manor,254,normal,uncommon,en,0.3,EUR,70476534-2fc7-4872-a009-3380dd5ce2ab,Artifact Creature — Construct,{5},5.0,[],[],"When this creature enters, return target Equipment card from your graveyard to the battlefield attached to this creature.
Whenever you sacrifice an artifact, put a +1/+1 counter on this creature.",2024-02-09
1624,1,Mahamoti Djinn,UMA,Ultimate Masters,64,normal,uncommon,en,0.3,EUR,855de173-6bec-457b-828e-28678b7d396e,Creature — Djinn,{4}{U}{U},6.0,"[""U""]","[""U""]",Flying (This creature can't be blocked except by creatures with flying or reach.),2018-12-07
2288,1,"Mai, Jaded Edge",TLA,Avatar: The Last Airbender,147,normal,uncommon,en,0.3,EUR,732e6bc9-0798-4c00-aea0-5ef4298b45f5,Legendary Creature — Human Noble,{1}{R},2.0,"[""R""]","[""R""]","Prowess (Whenever you cast a noncreature spell, this creature gets +1/+1 until end of turn.)
Exhaust — {3}: Put a double strike counter on Mai. (Activate each exhaust ability only once.)",2025-11-21
1625,1,Majestic Metamorphosis,SNC,Streets of New Capenna,48,normal,common,en,0.3,EUR,bcaebea6-9e3f-4ac7-abe1-5445912f5b44,Instant,{2}{U},3.0,"[""U""]","[""U""]","Until end of turn, target artifact or creature becomes a 4/4 Angel artifact creature and gains flying.
Draw a card.",2022-04-29
2562,1,Make Your Move,TMT,Teenage Mutant Ninja Turtles,20,normal,common,en,0.3,EUR,ed8bdd98-6377-40cf-b381-cee38b1bda2a,,,,,,,
2033,1,Makeshift Binding,MKM,Murders at Karlov Manor,290,normal,common,en,0.3,EUR,f512dafb-3cba-4415-9f26-9345f1935b1e,Enchantment,{2}{W},3.0,"[""W""]","[""W""]","When this enchantment enters, exile target creature an opponent controls until this enchantment leaves the battlefield. You gain 2 life.",2024-02-09
2034,1,Makindi Patrol,BFZ,Battle for Zendikar,39,normal,common,en,0.3,EUR,ae03f018-3062-4b1c-99b8-13fcffd70b49,Creature — Human Knight Ally,{2}{W},3.0,"[""W""]","[""W""]","Rally — Whenever this creature or another Ally you control enters, creatures you control gain vigilance until end of turn.",2015-10-02
1242,1,Makindi Sliderunner,BFZ,Battle for Zendikar,148,normal,common,en,0.3,EUR,9e6da400-ee4e-44d1-887d-1e2fb59b9322,Creature — Beast,{1}{R},2.0,"[""R""]","[""R""]","Trample
Landfall — Whenever a land you control enters, this creature gets +1/+1 until end of turn.",2015-10-02
454,1,Malakir Soothsayer,OGW,Oath of the Gatewatch,87,normal,uncommon,en,0.3,EUR,72cb3c2c-5d5a-4c9b-a381-ab4dd477d84d,Creature — Vampire Shaman Ally,{4}{B},5.0,"[""B""]","[""B""]","Cohort — {T}, Tap an untapped Ally you control: You draw a card and you lose 1 life.",2016-01-22
805,2,Malamet Battle Glyph,LCI,The Lost Caverns of Ixalan,198,normal,uncommon,en,0.3,EUR,2259f959-ca97-4df9-8d50-0532090fb967,Sorcery,{G},1.0,"[""G""]","[""G""]","Choose target creature you control and target creature you don't control. If the creature you control entered this turn, put a +1/+1 counter on it. Then those creatures fight each other.",2023-11-17
2035,1,Malamet War Scribe,LCI,The Lost Caverns of Ixalan,21,normal,uncommon,en,0.3,EUR,b92a6ba0-cea0-4084-92f1-2bd60ea25fb0,Creature — Cat Warrior,{3}{W}{W},5.0,"[""W""]","[""W""]","When this creature enters, creatures you control get +2/+1 until end of turn.",2023-11-17
455,2,Malicious Eclipse,LCI,The Lost Caverns of Ixalan,111,normal,uncommon,en,0.3,EUR,2796fffa-8cbf-4ec9-91a8-7b6f39fd50ec,Sorcery,{1}{B}{B},3.0,"[""B""]","[""B""]","All creatures get -2/-2 until end of turn. If a creature an opponent controls would die this turn, exile it instead.",2023-11-17
2243,2,Mammoth Spider,M20,Core Set 2020,181,normal,common,en,0.3,EUR,1ee9bca2-1195-4bd0-aa5c-16b3726a8ff2,Creature — Spider,{4}{G},5.0,"[""G""]","[""G""]",Reach (This creature can block creatures with flying.),2019-07-12
134,1,Mana Confluence,EXP,Zendikar Expeditions,42,foil,mythic,en,171.89,EUR,4eafa4f8-3b9b-4e20-97bf-8f547e970752,Land,,0.0,[],[],"{T}, Pay 1 life: Add one mana of any color.",2016-01-22
1626,2,Mana Short,WC02,World Championship Decks 2002,cr86sb,normal,rare,en,2.57,EUR,75b7d17b-d702-47d2-865e-cfbdc74627ff,Instant,{2}{U},3.0,"[""U""]","[""U""]",Tap all lands target player controls and that player loses all unspent mana.,2002-12-01
2583,1,Manhole Missile,TMT,Teenage Mutant Ninja Turtles,94,normal,common,en,0.3,EUR,243e392b-48b0-4e90-ae22-9a696f45e878,,,,,,,
1243,1,Manticore Eternal,HOU,Hour of Devastation,103,normal,uncommon,en,0.3,EUR,b03a9686-d30b-4048-8b0a-23fd2f0aed4b,Creature — Zombie Manticore,{3}{R}{R},5.0,"[""R""]","[""R""]","Afflict 3 (Whenever this creature becomes blocked, defending player loses 3 life.)
This creature attacks each combat if able.",2017-07-14
806,1,Mantle of Webs,ORI,Magic Origins,187,normal,common,en,0.3,EUR,3b09e36a-ad53-44ae-8586-2b658e3c533c,Enchantment — Aura,{1}{G},2.0,"[""G""]","[""G""]","Enchant creature
Enchanted creature gets +1/+3 and has reach. (It can block creatures with flying.)",2015-07-17
807,2,Many Partings,LTR,The Lord of the Rings: Tales of Middle-earth,176,normal,common,en,0.3,EUR,d179dbbe-9c79-4dbc-955a-5209a3e2745a,Sorcery,{G},1.0,"[""G""]","[""G""]","Search your library for a basic land card, reveal it, put it into your hand, then shuffle. Create a Food token. (It's an artifact with ""{2}, {T}, Sacrifice this token: You gain 3 life."")",2023-06-23
135,1,Marauder's Axe,M20,Core Set 2020,231,normal,common,en,0.3,EUR,73ac5204-69ef-491d-9ca8-f522b99f1412,Artifact — Equipment,{2},2.0,[],[],"Equipped creature gets +2/+0.
Equip {2} ({2}: Attach to target creature you control. Equip only as a sorcery.)",2019-07-12
1627,1,Marauding Brinefang,LCI,The Lost Caverns of Ixalan,64,normal,common,en,0.3,EUR,78328899-7996-4cfd-bf00-d2a0d0ff3ef8,Creature — Dinosaur,{5}{U}{U},7.0,"[""U""]","[""U""]","Ward {3} (Whenever this creature becomes the target of a spell or ability an opponent controls, counter it unless that player pays {3}.)
Islandcycling {2} ({2}, Discard this card: Search your library for an Island card, reveal it, put it into your hand, then shuffle.)",2023-11-17
2036,2,Marble Chalice,ALA,Shards of Alara,18,normal,common,en,0.3,EUR,b76e9580-9154-476b-923f-b23bf55db026,Artifact,{2}{W},3.0,"[""W""]","[""W""]",{T}: You gain 1 life.,2008-10-03
456,1,March of the Returned,THS,Theros,96,normal,common,en,0.3,EUR,983f7521-16e3-4057-a482-7d86392daa57,Sorcery,{3}{B},4.0,"[""B""]","[""B""]",Return up to two target creature cards from your graveyard to your hand.,2013-09-27
457,1,Mardu Skullhunter,KTK,Khans of Tarkir,78,normal,common,en,0.3,EUR,dd3ca5e7-96f3-4326-9315-34bb396a054c,Creature — Human Warrior,{1}{B},2.0,"[""B""]","[""B""]","This creature enters tapped.
Raid — When this creature enters, if you attacked this turn, target opponent discards a card.",2014-09-26
2037,4,Marked by Honor,W16,Welcome Deck 2016,2,normal,common,en,0.3,EUR,e944e39b-5268-47c0-8b09-2e666315e209,Enchantment — Aura,{3}{W},4.0,"[""W""]","[""W""]","Enchant creature
Enchanted creature gets +2/+2 and has vigilance. (Attacking doesn't cause it to tap.)",2016-04-08
808,2,Market Festival,JOU,Journey into Nyx,130,normal,common,en,0.3,EUR,c3a70329-ecae-4647-b912-75d936a6c8c5,Enchantment — Aura,{3}{G},4.0,"[""G""]","[""G""]","Enchant land
Whenever enchanted land is tapped for mana, its controller adds an additional two mana in any combination of colors.",2014-05-02
458,1,Marshmist Titan,BNG,Born of the Gods,76,normal,common,en,0.3,EUR,093d2e4c-f2c4-4d4e-a1b7-200327ce23b0,Creature — Giant,{6}{B},7.0,"[""B""]","[""B""]","This spell costs {X} less to cast, where X is your devotion to black. (Each {B} in the mana costs of permanents you control counts toward your devotion to black.)",2014-02-07
136,1,"Marvin, Murderous Mimic",DSK,Duskmourn: House of Horror,367,normal,rare,en,4.72,EUR,ed4f107a-ce90-464c-8be0-eb6c1db0f80f,Legendary Artifact Creature — Toy,{2},2.0,[],[],Marvin has all activated abilities of creatures you control that don't have the same name as this creature.,2024-09-27
2236,2,Masked Bandits,SNC,Streets of New Capenna,201,normal,common,en,0.3,EUR,03757415-6b58-42d3-9452-a862e90647ee,Creature — Raccoon Rogue,{3}{B}{R}{G},6.0,"[""B"",""G"",""R""]","[""B"",""G"",""R""]","Vigilance
Menace (This creature can't be blocked except by two or more creatures.)
{2}, Exile this card from your hand: Target land gains ""{T}: Add {B}, {R}, or {G}"" until this card is cast from exile. You may cast this card for as long as it remains exiled.",2022-04-29
2038,1,Mass Production,BRO,The Brothers' War,15,normal,uncommon,en,0.3,EUR,640a08b7-dd30-446e-a8a7-2e084bbb9586,Sorcery,{5}{W},6.0,"[""W""]","[""W""]",Create four 1/1 colorless Soldier artifact creature tokens.,2022-11-18
2326,1,Master Pakku,TLA,Avatar: The Last Airbender,63,normal,uncommon,en,0.3,EUR,91e30df5-63f7-4281-8d64-8d522d663652,Legendary Creature — Human Advisor Ally,{1}{U},2.0,"[""U""]","[""U""]","Prowess (Whenever you cast a noncreature spell, this creature gets +1/+1 until end of turn.)
Whenever Master Pakku becomes tapped, target player mills X cards, where X is the number of Lesson cards in your graveyard. (They put the top X cards of their library into their graveyard.)",2025-11-21
2335,1,Master's Guidance,TLE,Avatar: The Last Airbender Eternal,141,normal,rare,en,0.51,EUR,98319aec-f95b-4343-beb9-7804551369f3,Enchantment,{2}{G},3.0,"[""G""]","[""G""]","Whenever you attack with two or more legendary creatures, put a +1/+1 counter on each of up to two target attacking creatures.
At the beginning of your end step, if you control a creature with power 4 or greater, draw a card.",2025-11-21
809,1,Master's Rebuke,NEO,Kamigawa: Neon Dynasty,202,normal,common,en,0.3,EUR,7d42ca7c-5b36-45a9-b235-4f90e66f4377,Instant,{1}{G},2.0,"[""G""]","[""G""]",Target creature you control deals damage equal to its power to target creature or planeswalker you don't control.,2022-02-18
810,2,Matsu-Tribe Birdstalker,SOK,Saviors of Kamigawa,137,normal,common,en,0.3,EUR,f1afb0c0-e138-4d2b-b3aa-fa40778f8d79,Creature — Snake Warrior Archer,{2}{G}{G},4.0,"[""G""]","[""G""]","Whenever this creature deals combat damage to a creature, tap that creature and it doesn't untap during its controller's next untap step.
{G}: This creature gains reach until end of turn. (It can block creatures with flying.)",2005-06-03
811,2,Matsu-Tribe Decoy,CHK,Champions of Kamigawa,227,normal,common,en,0.3,EUR,14bf9bec-9a5d-48a6-941b-95e1633b9484,Creature — Snake Warrior,{2}{G},3.0,"[""G""]","[""G""]","{2}{G}: Target creature blocks this creature this turn if able.
Whenever this creature deals combat damage to a creature, tap that creature and it doesn't untap during its controller's next untap step.",2004-10-01
1244,1,Maulfist Doorbuster,KLD,Kaladesh,123,normal,uncommon,en,0.3,EUR,53681384-b72d-42a6-b134-aa420115ea12,Creature — Human Warrior,{3}{R},4.0,"[""R""]","[""R""]","When this creature enters, you get {E}{E} (two energy counters).
Whenever this creature attacks, you may pay {E}. If you do, target creature can't block this turn.",2016-09-30
1628,1,Maximize Altitude,GRN,Guilds of Ravnica,43,normal,common,en,0.3,EUR,3b5a08a0-b002-4bfe-9cac-d2bf96175f8e,Sorcery,{U},1.0,"[""U""]","[""U""]","Target creature gets +1/+1 and gains flying until end of turn.
Jump-start (You may cast this card from your graveyard by discarding a card in addition to paying its other costs. Then exile this card.)",2018-10-05
1245,1,Maximize Velocity,GRN,Guilds of Ravnica,111,normal,common,en,0.3,EUR,ebb7a2aa-f002-4f05-b9ec-8adee4c65e46,Sorcery,{R},1.0,"[""R""]","[""R""]","Target creature gets +1/+1 and gains haste until end of turn.
Jump-start (You may cast this card from your graveyard by discarding a card in addition to paying its other costs. Then exile this card.)",2018-10-05
2039,1,Maze Sentinel,DGM,Dragon's Maze,4,normal,common,en,0.3,EUR,7a977e2d-a2bc-42d1-be7d-36a822c6a66e,Creature — Elemental,{5}{W},6.0,"[""W""]","[""W""]","Vigilance
Multicolored creatures you control have vigilance.",2013-05-03
137,1,Meandering River,C18,Commander 2018,265,normal,uncommon,en,0.3,EUR,4e582648-dc5a-416b-90b0-68161e56fd6b,Land,,0.0,[],"[""U"",""W""]","This land enters tapped.
{T}: Add {W} or {U}.",2018-08-10
2300,1,Mechanical Glider,TLE,Avatar: The Last Airbender Eternal,256,normal,common,en,0.3,EUR,9deda16b-ce26-4228-9bc2-28b7358d3f7c,Artifact — Equipment,{1},1.0,[],[],"When this Equipment enters, attach it to target creature you control.
Equipped creature has flying. (It can't be blocked except by creatures with flying or reach.)
Equip {2} ({2}: Attach to target creature you control. Equip only as a sorcery.)",2025-11-21
138,1,Mechanical Mobster,SPM,Marvel's Spider-Man,168,normal,common,en,0.3,EUR,6c6d9ecc-2dd1-471a-8678-a2461b1084fa,Artifact Creature — Human Robot Villain,{3},3.0,[],[],"When this creature enters, exile up to one target card from a graveyard. Target creature you control connives. (Draw a card, then discard a card. If you discarded a nonland card, put a +1/+1 counter on that creature.)",2025-09-26
2581,1,Mechanized Ninja Cavalry,TMT,Teenage Mutant Ninja Turtles,156,normal,common,en,0.3,EUR,2cb65388-dc6c-4e2a-93ac-49ea484849e9,,,,,,,
1445,1,Meddling Youths,MKM,Murders at Karlov Manor,219,normal,uncommon,en,0.3,EUR,af12417c-b082-4379-a850-c72e2652c6fb,Creature — Human Detective,{3}{R}{W},5.0,"[""R"",""W""]","[""R"",""W""]","Haste
Whenever you attack with three or more creatures, investigate. (Create a Clue token. It's an artifact with ""{2}, Sacrifice this token: Draw a card."")",2024-02-09
2040,4,Meditation Puzzle,M15,Magic 2015,19,normal,common,en,0.3,EUR,f31f5c19-9650-4fdc-a316-866eddd29c1a,Instant,{3}{W}{W},5.0,"[""W""]","[""W""]","Convoke (Your creatures can help cast this spell. Each creature you tap while casting this spell pays for {1} or one mana of that creature's color.)
You gain 8 life.",2014-07-18
139,1,Memorial to War,DOM,Dominaria,246,normal,uncommon,en,0.3,EUR,53920ed7-fc9a-4b50-85c8-d62de05b2390,Land,,0.0,[],"[""R""]","This land enters tapped.
{T}: Add {R}.
{4}{R}, {T}, Sacrifice this land: Destroy target land.",2018-04-27
812,1,Mending Touch,DGM,Dragon's Maze,44,normal,common,en,0.3,EUR,c042c7ee-0e74-4ca5-bbb9-2898b0576f0a,Instant,{G},1.0,"[""G""]","[""G""]",Regenerate target creature.,2013-05-03
1246,1,Mercenary,TOTJ,Outlaws of Thunder Junction Tokens,10,normal,common,en,0.3,EUR,5f04607f-eed2-462e-897f-82e41e5f7049,Token Creature — Mercenary,,0.0,"[""R""]","[""R""]",{T}: Target creature you control gets +1/+0 until end of turn. Activate only as a sorcery.,2024-04-19
459,2,Merciless Eternal,HOU,Hour of Devastation,71,normal,uncommon,en,0.3,EUR,11a6becd-15be-4f2d-8fda-35b1b289b28f,Creature — Zombie Cleric,{2}{B},3.0,"[""B""]","[""B""]","Afflict 2 (Whenever this creature becomes blocked, defending player loses 2 life.)
{2}{B}, Discard a card: This creature gets +2/+2 until end of turn.",2017-07-14
460,1,Merciless Resolve,SOI,Shadows over Innistrad,123,normal,common,en,0.3,EUR,356af156-a059-416c-b78b-d9058b742818,Instant,{2}{B},3.0,"[""B""]","[""B""]","As an additional cost to cast this spell, sacrifice a creature or land.
Draw two cards.",2016-04-08
2372,1,Merfolk,TECL,Lorwyn Eclipsed Tokens,8,normal,common,en,0.0,EUR,4c5ad4e1-b489-4023-88ab-1200c5f26ffc,Token Creature — Merfolk,,0.0,"[""U"",""W""]",[],,2026-01-23
2448,1,Merfolk,TECL,Lorwyn Eclipsed Tokens,8,normal,common,en,,EUR,4c5ad4e1-b489-4023-88ab-1200c5f26ffc,Token Creature — Merfolk,,0.0,"[""U"",""W""]",[],,2026-01-23
813,1,Meriadoc Brandybuck,LTR,The Lord of the Rings: Tales of Middle-earth,177,normal,uncommon,en,0.3,EUR,885a3277-ef10-4dcf-ac63-eb8971cd627c,Legendary Creature — Halfling Citizen,{1}{G},2.0,"[""G""]","[""G""]","Whenever one or more Halflings you control attack a player, create a Food token. (It's an artifact with ""{2}, {T}, Sacrifice this token: You gain 3 life."")",2023-06-23
2495,1,Merrow Skyswimmer,ECL,Lorwyn Eclipsed,234,normal,common,en,0.3,EUR,075b419a-fd44-4a9a-8c40-474562b7e11a,Creature — Merfolk Soldier,{3}{W/U}{W/U},5.0,"[""U"",""W""]","[""U"",""W""]","Convoke (Your creatures can help cast this spell. Each creature you tap while casting this spell pays for {1} or one mana of that creature's color.)
Flying, vigilance
When this creature enters, create a 1/1 white and blue Merfolk creature token.",2026-01-23
1247,1,Merry Bards,WOE,Wilds of Eldraine,140,normal,common,en,0.3,EUR,b0058b9b-e919-45eb-9da0-690f62aa252e,Creature — Human Bard,{2}{R},3.0,"[""R""]","[""R""]","When this creature enters, you may pay {1}. When you do, create a Young Hero Role token attached to target creature you control. (If you control another Role on it, put that one into the graveyard. Enchanted creature has ""Whenever this creature attacks, if its toughness is 3 or less, put a +1/+1 counter on it."")",2023-09-08
140,3,Metalspinner's Puzzleknot,KLD,Kaladesh,221,normal,common,en,0.3,EUR,9b1639c3-f22d-4246-9252-219a4b2b2999,Artifact,{2},2.0,[],"[""B""]","When this artifact enters, you draw a card and you lose 1 life.
{2}{B}, Sacrifice this artifact: You draw a card and you lose 1 life.",2016-09-30
2210,2,Meteorite,ORI,Magic Origins,233,normal,uncommon,en,0.3,EUR,23a8969f-d7a6-479a-9277-1270ee533c4a,Artifact,{5},5.0,[],[],"When this artifact enters, it deals 2 damage to any target.
{T}: Add one mana of any color.",2015-07-17
141,1,Meteorite,TOTJ,Outlaws of Thunder Junction Tokens,17,normal,common,en,2.4,EUR,00b41ca9-0bf0-41fc-af65-854e602ee007,Token Artifact,,0.0,[],[],"When Meteorite enters the battlefield, it deals 2 damage to any target.
{T}: Add one mana of any color.",2024-04-19
1812,1,Metropolis Angel,SNC,Streets of New Capenna,203,normal,uncommon,en,0.3,EUR,633c7e38-fdad-461c-9ecb-3e89d5b80f24,Creature — Angel Soldier,{2}{W}{U},4.0,"[""U"",""W""]","[""U"",""W""]","Flying
Whenever you attack with one or more creatures with counters on them, draw a card.",2022-04-29
2551,1,"Michelangelo, Game Master",TMT,Teenage Mutant Ninja Turtles,118,normal,common,en,0.3,EUR,2e914c3d-2eed-48bf-af9a-a8998fd5111d,,,,,,,
461,2,Midnight Covenant,CHK,Champions of Kamigawa,125,normal,common,en,0.3,EUR,5d797e91-3fc7-4f62-8cd8-dbd5f445e69c,Enchantment — Aura,{1}{B},2.0,"[""B""]","[""B""]","Enchant creature
Enchanted creature has ""{B}: This creature gets +1/+1 until end of turn.""",2004-10-01
2041,4,Midnight Guard,BBD,Battlebond,99,normal,common,en,0.3,EUR,87c1d85d-b2b8-4c9d-84fa-2566b14cb5ea,Creature — Human Soldier,{2}{W},3.0,"[""W""]","[""W""]","Whenever another creature enters, untap this creature.",2018-06-08
1629,1,Midnight Mangler,DFT,Aetherdrift,50,normal,common,en,0.3,EUR,237568e3-7331-4bbb-a091-a766723134fc,Artifact — Vehicle,{1}{U},2.0,"[""U""]","[""U""]","During turns other than yours, this Vehicle is an artifact creature.
Crew 2 (Tap any number of creatures you control with total power 2 or more: This Vehicle becomes an artifact creature until end of turn.)",2025-02-14
2434,1,Midnight Tilling,ECL,Lorwyn Eclipsed,182,normal,common,en,0.3,EUR,c5112bbf-752c-41e7-9c61-4c81e6a77463,Instant,{1}{G},2.0,"[""G""]","[""G""]","Mill four cards, then you may return a permanent card from among them to your hand. (To mill four cards, put the top four cards of your library into your graveyard.)",2026-01-23
814,1,Might Beyond Reason,SOI,Shadows over Innistrad,217,normal,common,en,0.3,EUR,5a274689-82f1-488a-baf8-cd8ef3477b72,Instant,{3}{G},4.0,"[""G""]","[""G""]","Put two +1/+1 counters on target creature.
Delirium — Put three +1/+1 counters on that creature instead if there are four or more card types among cards in your graveyard.",2016-04-08
1248,3,Might Makes Right,M15,Magic 2015,156,normal,uncommon,en,0.3,EUR,75c63c02-a75b-4880-b9fa-6f4bcf90ede5,Enchantment,{5}{R},6.0,"[""R""]","[""R""]","At the beginning of combat on your turn, if you control each creature on the battlefield with the greatest power, gain control of target creature an opponent controls until end of turn. Untap that creature. It gains haste until end of turn. (It can attack and {T} this turn.)",2014-07-18
2042,2,Might of the Ancestors,LCI,The Lost Caverns of Ixalan,23,normal,uncommon,en,0.3,EUR,54f82c95-8bc1-4df9-9120-86ffc059c7dd,Enchantment,{2}{W},3.0,"[""W""]","[""W""]","At the beginning of combat on your turn, target creature you control gets +2/+0 and gains vigilance until end of turn.",2023-11-17
815,1,Might of the Masses,M20,Core Set 2020,182,normal,uncommon,en,0.3,EUR,f7776d0a-e068-4cac-8848-060a2ce15b95,Instant,{G},1.0,"[""G""]","[""G""]",Target creature gets +1/+1 until end of turn for each creature you control.,2019-07-12
1249,1,Might of the Meek,BLB,Bloomburrow,144,normal,common,en,0.3,EUR,509bf254-8a2b-4dfa-9ae5-386321b35e8b,Instant,{R},1.0,"[""R""]","[""R""]","Target creature gains trample until end of turn. It also gets +1/+0 until end of turn if you control a Mouse.
Draw a card.",2024-08-02
1630,1,Mightstone's Animation,BRO,The Brothers' War,58,normal,common,en,0.3,EUR,8c540e42-22e2-4127-bbd9-2e9200023fec,Enchantment — Aura,{3}{U},4.0,"[""U""]","[""U""]","Enchant artifact
When this Aura enters, draw a card.
Enchanted artifact is a creature with base power and toughness 4/4 in addition to its other types.",2022-11-18
2043,1,Mighty Leap,M19,Core Set 2019,28,normal,common,en,0.3,EUR,dc45dcdd-ed92-43f6-b6d2-670b3252ed27,Instant,{1}{W},2.0,"[""W""]","[""W""]",Target creature gets +2/+2 and gains flying until end of turn.,2018-07-13
2044,1,Militant Inquisitor,SOI,Shadows over Innistrad,26,normal,common,en,0.3,EUR,68d99f1f-80d6-4b5e-aeae-83fb8ae62cdc,Creature — Human Cleric,{2}{W},3.0,"[""W""]","[""W""]",This creature gets +1/+0 for each Equipment you control.,2016-04-08
2045,1,Military Discipline,BRO,The Brothers' War,17,normal,common,en,0.3,EUR,94778e17-87c4-4765-b2f0-40455069f2c4,Enchantment — Aura,{W},1.0,"[""W""]","[""W""]","Flash
Enchant creature
When this Aura enters, enchanted creature gains first strike until end of turn.
Enchanted creature gets +1/+0.",2022-11-18
1631,3,Military Intelligence,M15,Magic 2015,69,normal,uncommon,en,0.85,EUR,f10fafb6-3476-4cf1-a762-42fec628a579,Enchantment,{1}{U},2.0,"[""U""]","[""U""]","Whenever you attack with two or more creatures, draw a card.",2014-07-18
142,1,Millennial Gargoyle,BBD,Battlebond,239,normal,common,en,0.3,EUR,068e7803-7c9f-43d7-b6dc-8e1390d902d0,Artifact Creature — Gargoyle,{4},4.0,[],[],Flying,2018-06-08
1632,1,Minamo Scrollkeeper,CNS,Conspiracy,101,normal,common,en,0.3,EUR,821c99d3-389a-4138-99a2-0c4a4b243fe7,Creature — Human Wizard,{1}{U},2.0,"[""U""]","[""U""]","Defender
Your maximum hand size is increased by one.",2014-06-06
626,1,Mind Drill Assailant,BLB,Bloomburrow,225,normal,common,en,0.3,EUR,507ba708-ca9b-453e-b4c2-23b6650eb5a8,Creature — Rat Warlock,{2}{U/B}{U/B},4.0,"[""B"",""U""]","[""B"",""U""]","Threshold — As long as there are seven or more cards in your graveyard, this creature gets +3/+0.
{2}{U/B}: Surveil 1. (Look at the top card of your library. You may put it into your graveyard.)",2024-08-02
143,1,Mind Raker,BFZ,Battle for Zendikar,95,normal,common,en,0.3,EUR,a4d07fea-e16a-45e3-a172-9d726cd42769,Creature — Eldrazi Processor,{3}{B},4.0,[],"[""B""]","Devoid (This card has no color.)
When this creature enters, you may put a card an opponent owns from exile into that player's graveyard. If you do, each opponent discards a card.",2015-10-02
462,4,Mind Rot,M20,Core Set 2020,108,normal,common,en,0.3,EUR,b9de3feb-5f92-43eb-b5cf-00d2b511fe68,Sorcery,{2}{B},3.0,"[""B""]","[""B""]",Target player discards two cards.,2019-07-12
1633,8,Mind Sculpt,M15,Magic 2015,70,normal,common,en,0.3,EUR,037d6277-1fc3-41a4-ade6-7cca10535b0f,Sorcery,{1}{U},2.0,"[""U""]","[""U""]",Target opponent mills seven cards.,2014-07-18
144,1,Mind Stone,C18,Commander 2018,210,normal,common,en,0.34,EUR,42bd038d-1005-4095-9310-108caa56465f,Artifact,{2},2.0,[],[],"{T}: Add {C}.
{1}, {T}, Sacrifice this artifact: Draw a card.",2018-08-10
1634,1,Mindreaver,BNG,Born of the Gods,44,normal,rare,en,0.42,EUR,87912ae7-3edc-4ea2-9b4b-caf2bc149ad1,Creature — Human Wizard,{U}{U},2.0,"[""U""]","[""U""]","Heroic — Whenever you cast a spell that targets this creature, exile the top three cards of target player's library.
{U}{U}, Sacrifice this creature: Counter target spell with the same name as a card exiled with this creature.",2014-02-07
1635,1,Mindstatic,DGM,Dragon's Maze,14,normal,common,en,0.3,EUR,55d3fad5-a12a-4b41-9c7b-c1af5e0b5ca8,Instant,{3}{U},4.0,"[""U""]","[""U""]",Counter target spell unless its controller pays {6}.,2013-05-03
1250,4,Miner's Bane,M15,Magic 2015,157,normal,common,en,0.3,EUR,c52d48ac-1685-4061-9907-31248ae38cc9,Creature — Elemental,{4}{R}{R},6.0,"[""R""]","[""R""]",{2}{R}: This creature gets +1/+0 and gains trample until end of turn. (It can deal excess combat damage to the player or planeswalker it's attacking.),2014-07-18
2046,1,Miner's Guidewing,LCI,The Lost Caverns of Ixalan,24,normal,common,en,0.3,EUR,9048cd9d-df3f-4705-a5f4-e5b09760c631,Creature — Bird,{W},1.0,"[""W""]","[""W""]","Flying, vigilance
When this creature dies, target creature you control explores. (Reveal the top card of your library. Put that card into your hand if it's a land. Otherwise, put a +1/+1 counter on that creature, then put the card back or put it into your graveyard.)",2023-11-17
1251,1,Minotaur,TJOU,Journey into Nyx Tokens,3,normal,common,en,0.3,EUR,5d2a3833-ab5b-4f84-b39c-d0eeb7b474d3,Token Creature — Minotaur,,0.0,"[""R""]","[""R""]",,2014-05-02
463,1,Minotaur Abomination,M14,Magic 2014,107,normal,common,en,0.3,EUR,9dca75a1-443d-4f8e-b12b-2aada3a8e3e4,Creature — Zombie Minotaur,{4}{B}{B},6.0,"[""B""]","[""B""]",,2013-07-19
1252,6,Minotaur Skullcleaver,THS,Theros,130,normal,common,en,0.3,EUR,6854c913-d4bd-42f7-901c-f3c25be5c4b2,Creature — Minotaur Berserker,{2}{R},3.0,"[""R""]","[""R""]","Haste
When this creature enters, it gets +2/+0 until end of turn.",2013-09-27
1636,1,Mirrorshell Crab,NEO,Kamigawa: Neon Dynasty,63,normal,common,en,0.3,EUR,0394c8df-2e8a-4477-93b7-569934d7b936,Artifact Creature — Crab,{5}{U}{U},7.0,"[""U""]","[""U""]","Ward {3} (Whenever this creature becomes the target of a spell or ability an opponent controls, counter it unless that player pays {3}.)
Channel — {2}{U}, Discard this card: Counter target spell or ability unless its controller pays {3}.",2022-02-18
816,1,Mischief and Mayhem,BNG,Born of the Gods,126,normal,uncommon,en,0.3,EUR,9daa44b4-5c30-41d8-b4d6-6219c5729a5f,Sorcery,{4}{G},5.0,"[""G""]","[""G""]",Up to two target creatures each get +4/+4 until end of turn.,2014-02-07
1253,1,Mishra's Domination,BRO,The Brothers' War,142,normal,common,en,0.3,EUR,87c71fb1-a30b-4e0e-a6d6-4656cfff2da1,Enchantment — Aura,{1}{R},2.0,"[""R""]","[""R""]","Enchant creature
As long as you control enchanted creature, it gets +2/+2. Otherwise, it can't block.",2022-11-18
1254,1,"Mishra, Excavation Prodigy",BRO,The Brothers' War,140,normal,uncommon,en,0.3,EUR,f5d02416-8578-40a5-bf31-d1ef9b8764f1,Legendary Creature — Human Artificer,{2}{R},3.0,"[""R""]","[""R""]","Haste
{1}, {T}, Discard a card: Draw a card.
Whenever you discard one or more artifact cards, add {R}{R}. This ability triggers only once each turn.",2022-11-18
145,1,Mist Intruder,BFZ,Battle for Zendikar,61,normal,common,en,0.3,EUR,f8c2e662-d8c3-44d4-b666-fe0d4a046271,Creature — Eldrazi Drone,{1}{U},2.0,[],"[""U""]","Devoid (This card has no color.)
Flying
Ingest (Whenever this creature deals combat damage to a player, that player exiles the top card of their library.)",2015-10-02
2477,1,Mistmeadow Council,ECL,Lorwyn Eclipsed,183,normal,common,en,0.3,EUR,d4a7c9bc-81c8-4c31-96a9-eb6ba7715e7f,Creature — Kithkin Advisor,{4}{G},5.0,"[""G""]","[""G""]","This spell costs {1} less to cast if you control a Kithkin.
When this creature enters, draw a card.",2026-01-23
1637,1,Mnemonic Wall,IMA,Iconic Masters,67,normal,common,en,0.3,EUR,a3e6784b-78e8-4f0b-8d27-d49c7cea9252,Creature — Wall,{4}{U},5.0,"[""U""]","[""U""]","Defender
When this creature enters, you may return target instant or sorcery card from your graveyard to your hand.",2017-11-17
1638,1,Mobilizer Mech,NEO,Kamigawa: Neon Dynasty,65,normal,uncommon,en,0.3,EUR,cf4bb9de-ba7c-4916-b8ed-e2e644c06b58,Artifact — Vehicle,{1}{U},2.0,"[""U""]","[""U""]","Flying
Whenever this Vehicle becomes crewed, up to one other target Vehicle you control becomes an artifact creature until end of turn.
Crew 3 (Tap any number of creatures you control with total power 3 or more: This Vehicle becomes an artifact creature until end of turn.)",2022-02-18
1255,1,Mogis's Warhound,JOU,Journey into Nyx,104,normal,uncommon,en,0.3,EUR,f2e73e06-d708-41dc-b20c-1f71651230e1,Enchantment Creature — Dog,{1}{R},2.0,"[""R""]","[""R""]","Bestow {2}{R} (If you cast this card for its bestow cost, it's an Aura spell with enchant creature. It becomes a creature again if it's not attached.)
This creature attacks each combat if able.
Enchanted creature gets +2/+2 and attacks each combat if able.",2014-05-02
817,1,Moldgraf Scavenger,SOI,Shadows over Innistrad,218,normal,common,en,0.3,EUR,76755763-7c02-451f-b799-2106a3a4973b,Creature — Fungus,{1}{G},2.0,"[""G""]","[""G""]",Delirium — This creature gets +3/+0 as long as there are four or more card types among cards in your graveyard.,2016-04-08
2533,1,Molten Exhale,TDM,Tarkir: Dragonstorm,113,normal,common,en,0.3,EUR,0ab95aab-a4bf-4131-83a0-2c138b6f20c3,,,,,,,
464,1,Moment of Defiance,BRO,The Brothers' War,108,normal,common,en,0.3,EUR,0e99fb27-a1e9-491f-ab2a-3ccb493168cb,Instant,{2}{B},3.0,"[""B""]","[""B""]","Target creature gets +2/+1 and gains lifelink until end of turn.
Draw a card.",2022-11-18
2047,1,Moment of Valor,WOE,Wilds of Eldraine,20,normal,common,en,0.3,EUR,6f257fd6-24a4-4cc1-89e0-99cf5d821e3a,Instant,{2}{W},3.0,"[""W""]","[""W""]","Choose one —
• Untap target creature. It gets +1/+0 and gains indestructible until end of turn.
• Destroy target creature with power 4 or greater.",2023-09-08
2471,1,Moon-Vigil Adherents,ECL,Lorwyn Eclipsed,184,normal,uncommon,en,0.3,EUR,60621c37-62e1-4261-ae76-3946b4a0cfa3,Creature — Elf Druid,{2}{G}{G},4.0,"[""G""]","[""G""]","Trample
This creature gets +1/+1 for each creature you control and each creature card in your graveyard.",2026-01-23
1639,1,Moonbow Illusionist,SOK,Saviors of Kamigawa,46,normal,common,en,0.3,EUR,f4960789-1a45-4273-b2f2-34713f19d697,Creature — Moonfolk Wizard,{2}{U},3.0,"[""U""]","[""U""]","Flying
{2}, Return a land you control to its owner's hand: Target land becomes the basic land type of your choice until end of turn.",2005-06-03
1640,1,Moonfolk Puzzlemaker,NEO,Kamigawa: Neon Dynasty,68,normal,common,en,0.3,EUR,c9fa6d4c-78dc-4b40-9ce8-a0e593d4001f,Artifact Creature — Moonfolk Wizard,{2}{U},3.0,"[""U""]","[""U""]","Flying
Whenever this creature becomes tapped, scry 1.",2022-02-18
2419,1,Moonglove Extractor,ECL,Lorwyn Eclipsed,109,normal,common,en,0.3,EUR,8383e0ab-81b4-4a6b-b87b-dd9180dca1c2,Creature — Elf Warlock,{2}{B},3.0,"[""B""]","[""B""]","Whenever this creature attacks, you draw a card and lose 1 life.",2026-01-23
2420,1,Moonglove Extractor,ECL,Lorwyn Eclipsed,109,foil,common,en,0.42,EUR,8383e0ab-81b4-4a6b-b87b-dd9180dca1c2,Creature — Elf Warlock,{2}{B},3.0,"[""B""]","[""B""]","Whenever this creature attacks, you draw a card and lose 1 life.",2026-01-23
2430,1,Moonlit Lamenter,ECL,Lorwyn Eclipsed,26,normal,uncommon,en,0.3,EUR,fb8fc509-cff6-470f-abf6-b07f6c3f94e1,Creature — Treefolk Cleric,{2}{W},3.0,"[""W""]","[""W""]","This creature enters with a -1/-1 counter on it.
{1}{W}, Remove a counter from this creature: Draw a card. Activate only as a sorcery.",2026-01-23
641,1,Moonrise Cleric,BLB,Bloomburrow,226,normal,common,en,0.3,EUR,35f2a71f-31e8-4b51-9dd4-51a5336b3b86,Creature — Bat Cleric,{1}{W/B}{W/B},3.0,"[""B"",""W""]","[""B"",""W""]","Flying
Whenever this creature attacks, you gain 1 life.",2024-08-02
2260,2,Moonsnare Specialist,NEO,Kamigawa: Neon Dynasty,70,normal,common,en,0.3,EUR,1e8b209f-f577-45cc-9d18-03c1d67d391e,Creature — Human Ninja,{3}{U},4.0,"[""U""]","[""U""]","Ninjutsu {2}{U} ({2}{U}, Return an unblocked attacker you control to hand: Put this card onto the battlefield from your hand tapped and attacking.)
When this creature enters, return up to one target creature to its owner's hand.",2022-02-18
2048,1,Moonwing Moth,SOK,Saviors of Kamigawa,20,normal,common,en,0.3,EUR,f646ed53-c323-4f84-b8c9-39e31da1aca8,Creature — Insect,{1}{W}{W},3.0,"[""W""]","[""W""]","Flying
{W}: This creature gets +0/+1 until end of turn.",2005-06-03
2049,1,Moorland Drifter,SOI,Shadows over Innistrad,27,normal,common,en,0.3,EUR,5839942c-0ad1-4f77-97a0-142b8ef2266c,Creature — Spirit,{1}{W},2.0,"[""W""]","[""W""]",Delirium — This creature has flying as long as there are four or more card types among cards in your graveyard.,2016-04-08
465,1,Mordor Trebuchet,LTR,The Lord of the Rings: Tales of Middle-earth,97,normal,common,en,0.3,EUR,648bc8ae-1798-4c2f-a372-0487a90ba4d3,Artifact Creature — Wall,{2}{B},3.0,"[""B""]","[""B""]","Defender
Whenever you attack with one or more Goblins and/or Orcs, create a 2/1 colorless Construct artifact creature token with flying named Ballistic Boulder that's tapped and attacking. Sacrifice that token at end of combat.",2023-06-23
2385,1,Mornsong Aria,ECL,Lorwyn Eclipsed,111,normal,rare,en,0.5,EUR,9985c554-8338-46b1-ac36-526d2eb61570,Legendary Enchantment,{1}{B}{B},3.0,"[""B""]","[""B""]","Players can't draw cards or gain life.
At the beginning of each player's draw step, that player loses 3 life, searches their library for a card, puts it into their hand, then shuffles.",2026-01-23
2050,2,Mortal Obstinacy,JOU,Journey into Nyx,17,normal,common,en,0.3,EUR,67652df1-f2cc-44cd-ac66-9722d4cd86e9,Enchantment — Aura,{W},1.0,"[""W""]","[""W""]","Enchant creature you control
Enchanted creature gets +1/+1.
Whenever enchanted creature deals combat damage to a player, you may sacrifice this Aura. If you do, destroy target enchantment.",2014-05-02
2051,2,Mortal's Ardor,DDO,Duel Decks: Elspeth vs. Kiora,19,normal,common,en,0.3,EUR,75743f66-fd2d-47e7-b56f-1c95311d09c2,Instant,{W},1.0,"[""W""]","[""W""]",Target creature gets +1/+1 and gains lifelink until end of turn. (Damage dealt by the creature also causes its controller to gain that much life.),2015-02-27
2244,2,Mortal's Resolve,BNG,Born of the Gods,127,normal,common,en,0.3,EUR,131a96b4-393d-4e8e-9b6a-f15f3804febb,Instant,{1}{G},2.0,"[""G""]","[""G""]","Target creature gets +1/+1 and gains indestructible until end of turn. (Damage and effects that say ""destroy"" don't destroy it.)",2014-02-07
146,1,Mortuary Mire,C19,Commander 2019,260,normal,common,en,0.3,EUR,254bb847-4032-425f-bdea-a8b1ddbd65cd,Land,,0.0,[],"[""B""]","This land enters tapped.
When this land enters, you may put target creature card from your graveyard on top of your library.
{T}: Add {B}.",2019-08-23
2052,1,Mosquito Guard,DDF,Duel Decks: Elspeth vs. Tezzeret,6,normal,common,en,0.3,EUR,626040ca-adb0-49c8-82cd-d1e27926cb79,Creature — Kithkin Soldier,{W},1.0,"[""W""]","[""W""]","First strike
Reinforce 1—{1}{W} ({1}{W}, Discard this card: Put a +1/+1 counter on target creature.)",2010-09-03
818,1,Mosstodon,ALA,Shards of Alara,139,normal,common,en,0.3,EUR,05afd921-ef3b-40fe-a1a8-582ee94ed3f0,Creature — Plant Elephant,{4}{G},5.0,"[""G""]","[""G""]",{1}: Target creature with power 5 or greater gains trample until end of turn.,2008-10-03
2053,2,Mothrider Patrol,NEO,Kamigawa: Neon Dynasty,30,normal,common,en,0.3,EUR,f657f2dc-adc8-4a66-b081-a71b3a127389,Creature — Fox Warrior,{W},1.0,"[""W""]","[""W""]","Flying
{3}{W}, {T}: Tap target creature.",2022-02-18
2211,6,Mountain,BFZ,Battle for Zendikar,266,normal,common,en,0.42,EUR,3a42ac42-b21a-449b-abda-6906f06e8120,Basic Land — Mountain,,0.0,[],"[""R""]",({T}: Add {R}.),2015-10-02
147,1,Mountain,C19,Commander 2019,297,normal,common,en,0.42,EUR,db6d3fb9-ecec-4a55-bfcf-6ae2d35e416a,Basic Land — Mountain,,0.0,[],"[""R""]",({T}: Add {R}.),2019-08-23
2537,1,Mox Jasper,TDM,Tarkir: Dragonstorm,246,normal,mythic,en,12.96,EUR,a851d2d3-7e93-4887-bee5-4d6c9aaf9419,,,,,,,
2233,2,"Mr. Orfeo, the Boulder",SNC,Streets of New Capenna,320,normal,uncommon,en,0.3,EUR,0524fc64-f51c-4991-9e43-da56afd28c00,Legendary Creature — Rhino Warrior,{1}{B}{R}{G},4.0,"[""B"",""G"",""R""]","[""B"",""G"",""R""]","Whenever you attack, double target creature's power until end of turn.",2022-04-29
1256,1,Mudbutton Clanger,MOR,Morningtide,95,normal,common,en,0.3,EUR,bc5e2771-ae35-4aff-a92d-7fc7f3ca915f,Creature — Goblin Warrior,{R},1.0,"[""R""]","[""R""]","Kinship — At the beginning of your upkeep, you may look at the top card of your library. If it shares a creature type with this creature, you may reveal it. If you do, this creature gets +1/+1 until end of turn.",2008-02-01
1257,1,Mudbutton Torchrunner,MM3,Modern Masters 2017,104,normal,common,en,0.3,EUR,20c19ccf-999b-4c7d-ae5b-f93555d08a7a,Creature — Goblin Warrior,{2}{R},3.0,"[""R""]","[""R""]","When this creature dies, it deals 3 damage to any target.",2017-03-17
2231,3,Mukotai Ambusher,NEO,Kamigawa: Neon Dynasty,342,normal,common,en,0.3,EUR,357594c7-a9a6-468d-b262-e5f7d5e35f54,Artifact Creature — Rat Ninja,{3}{B},4.0,"[""B""]","[""B""]","Ninjutsu {1}{B} ({1}{B}, Return an unblocked attacker you control to hand: Put this card onto the battlefield from your hand tapped and attacking.)
Lifelink",2022-02-18
2232,3,Murder,M20,Core Set 2020,109,normal,common,en,0.3,EUR,6a2b22bc-e81b-4f27-a52b-9f3edad25439,Instant,{1}{B}{B},3.0,"[""B""]","[""B""]",Destroy target creature.,2019-07-12
466,1,Murderous Compulsion,C19,Commander 2019,122,normal,common,en,0.3,EUR,1675c1dd-e7d3-46f4-b2b5-a46c7167d8ba,Sorcery,{1}{B},2.0,"[""B""]","[""B""]","Destroy target tapped creature.
Madness {1}{B} (If you discard this card, discard it into exile. When you do, cast it for its madness cost or put it into your graveyard.)",2019-08-23
148,1,Murk Strider,BFZ,Battle for Zendikar,62,normal,common,en,0.3,EUR,130849ba-3893-490d-bfb0-51c76e53cf62,Creature — Eldrazi Processor,{3}{U},4.0,[],"[""U""]","Devoid (This card has no color.)
When this creature enters, you may put a card an opponent owns from exile into that player's graveyard. If you do, return target creature to its owner's hand.",2015-10-02
1641,1,Murmurs from Beyond,CMD,Commander 2011,53,normal,common,en,0.34,EUR,d9a38381-5fce-4192-a3f4-7bba3b522ea4,Instant — Arcane,{2}{U},3.0,"[""U""]","[""U""]",Reveal the top three cards of your library. An opponent chooses one of them. Put that card into your graveyard and the rest into your hand.,2011-06-17
1642,1,Muse Drake,GRN,Guilds of Ravnica,46,normal,common,en,0.3,EUR,c5df7a96-6548-41c0-85a6-e0c4566e0fe6,Creature — Drake,{3}{U},4.0,"[""U""]","[""U""]","Flying
When this creature enters, draw a card.",2018-10-05
819,4,Mushroom Watchdogs,LTR,The Lord of the Rings: Tales of Middle-earth,180,normal,common,en,0.3,EUR,d15fd66d-fa7e-411d-9014-a56caa879d93,Creature — Dog,{1}{G},2.0,"[""G""]","[""G""]",Sacrifice a Food: Put a +1/+1 counter on this creature. It gains vigilance until end of turn. Activate only as a sorcery.,2023-06-23
2548,1,Mutagen,TTMT,Teenage Mutant Ninja Turtles Tokens,9,normal,common,en,,EUR,6559c423-449c-4e8e-8384-3ce78183e317,,,,,,,
2559,1,"Mutagen Man, Living Ooze",TMT,Teenage Mutant Ninja Turtles,124,normal,rare,en,2.58,EUR,9f9085f0-3702-462c-8c81-b4576236792d,,,,,,,
2573,1,Mutant Chain Reaction,TMT,Teenage Mutant Ninja Turtles,125,normal,common,en,0.3,EUR,8763e0ee-a48e-424f-8bce-132582d5944b,,,,,,,
820,1,Mutant's Prey,DGM,Dragon's Maze,45,normal,common,en,0.3,EUR,d9e32d47-2796-4eac-b373-a93506d8d6b7,Instant,{G},1.0,"[""G""]","[""G""]",Target creature you control with a +1/+1 counter on it fights target creature an opponent controls. (Each deals damage equal to its power to the other.),2013-05-03
1643,1,Nagging Thoughts,SOI,Shadows over Innistrad,74,normal,common,en,0.3,EUR,a8a6d6e4-e91f-444f-9eed-88fceaf1a4b8,Sorcery,{1}{U},2.0,"[""U""]","[""U""]","Look at the top two cards of your library. Put one of them into your hand and the other into your graveyard.
Madness {1}{U} (If you discard this card, discard it into exile. When you do, cast it for its madness cost or put it into your graveyard.)",2016-04-08
467,1,Nameless Inversion,MM2,Modern Masters 2015,87,normal,common,en,0.3,EUR,563c6f58-267a-4ae9-bf72-e0ae0be3b884,Kindred Instant — Shapeshifter,{1}{B},2.0,"[""B""]","[""B""]","Changeling (This card is every creature type.)
Target creature gets +3/-3 and loses all creature types until end of turn.",2015-05-22
642,1,"Naomi, Pillar of Order",NEO,Kamigawa: Neon Dynasty,229,normal,uncommon,en,0.3,EUR,4400fd66-1a24-47fb-bc94-37e0aae0e610,Legendary Creature — Human Advisor,{3}{W}{B},5.0,"[""B"",""W""]","[""B"",""W""]","Whenever Naomi enters or attacks, if you control an artifact and an enchantment, create a 2/2 white Samurai creature token with vigilance.",2022-02-18
149,1,Narnam Cobra,KLD,Kaladesh,224,normal,common,en,0.3,EUR,88bf1a67-61f7-4f03-b677-a874b64c989e,Artifact Creature — Snake,{2},2.0,[],"[""G""]",{G}: This creature gains deathtouch until end of turn. (Any amount of damage it deals to a creature is enough to destroy it.),2016-09-30
468,2,Nasty End,LTR,The Lord of the Rings: Tales of Middle-earth,416,normal,common,en,0.3,EUR,37271b8b-3c58-43aa-b120-f0aa12fb3ad5,Instant,{1}{B},2.0,"[""B""]","[""B""]","As an additional cost to cast this spell, sacrifice a creature.
Draw two cards. If the sacrificed creature was legendary, draw three cards instead.",2023-06-23
821,2,Natural Connection,DDR,Duel Decks: Nissa vs. Ob Nixilis,13,normal,common,en,0.3,EUR,27d47d9d-673f-4a79-8dee-91b474c68df3,Instant,{2}{G},3.0,"[""G""]","[""G""]","Search your library for a basic land card, put it onto the battlefield tapped, then shuffle.",2016-09-02
822,1,Natural State,OGW,Oath of the Gatewatch,136,normal,common,en,0.3,EUR,fdd4bdd5-1673-4f22-b593-41df8ce95a97,Instant,{G},1.0,"[""G""]","[""G""]",Destroy target artifact or enchantment with mana value 3 or less.,2016-01-22
823,5,Naturalize,M19,Core Set 2019,190,normal,common,en,0.3,EUR,390c40ba-2464-44ae-8d67-93c72ab3c425,Instant,{1}{G},2.0,"[""G""]","[""G""]",Destroy target artifact or enchantment.,2018-07-13
824,1,Nature's Way,DDU,Duel Decks: Elves vs. Inventors,20,normal,uncommon,en,0.3,EUR,29a4abe5-9770-4a55-b20a-2ceb6bb00db6,Sorcery,{1}{G},2.0,"[""G""]","[""G""]",Target creature you control gains vigilance and trample until end of turn. It deals damage equal to its power to target creature you don't control.,2018-04-06
469,4,Necrobite,M15,Magic 2015,105,normal,common,en,0.3,EUR,06c5bca1-b0f0-4032-b2ed-71bdbaa41993,Instant,{2}{B},3.0,"[""B""]","[""B""]","Target creature gains deathtouch until end of turn. Regenerate it. (The next time that creature would be destroyed this turn, instead tap it, remove it from combat, and heal all damage on it.)",2014-07-18
470,1,Necrogen Scudder,M15,Magic 2015,106,normal,uncommon,en,0.3,EUR,c2045ddd-fa05-4769-aa7a-17b9ab8d6fc0,Creature — Phyrexian Horror,{2}{B},3.0,"[""B""]","[""B""]","Flying
When this creature enters, you lose 3 life.",2014-07-18
471,3,Necromancer's Assistant,M15,Magic 2015,107,normal,common,en,0.3,EUR,8b6a8b3e-2709-4036-838b-56cc82b0d917,Creature — Zombie,{2}{B},3.0,"[""B""]","[""B""]","When this creature enters, mill three cards.",2014-07-18
472,1,Necromancer's Magemark,GPT,Guildpact,53,normal,common,en,0.3,EUR,3b045121-7742-41ee-be27-591692f42331,Enchantment — Aura,{2}{B},3.0,"[""B""]","[""B""]","Enchant creature
Creatures you control that are enchanted get +1/+1.
If a creature you control that's enchanted would die, return it to its owner's hand instead.",2006-02-03
1644,5,Negate,PM20,Core Set 2020 Promos,69,normal,common,en,1.11,EUR,0b735522-60cf-41fc-b80e-8e27c7f2112e,Instant,{1}{U},2.0,"[""U""]","[""U""]",Counter target noncreature spell.,2019-07-12
825,4,Nemesis of Mortals,THS,Theros,163,normal,uncommon,en,0.3,EUR,c4010889-1d7a-4db3-a27c-c39baa024765,Creature — Snake,{4}{G}{G},6.0,"[""G""]","[""G""]","This spell costs {1} less to cast for each creature card in your graveyard.
{7}{G}{G}: Monstrosity 5. This ability costs {1} less to activate for each creature card in your graveyard. (If this creature isn't monstrous, put five +1/+1 counters on it and it becomes monstrous.)",2013-09-27
826,2,Nessian Asp,CN2,Conspiracy: Take the Crown,187,normal,uncommon,en,0.3,EUR,bf6eae62-5a42-42e9-ba65-84500cdff95a,Creature — Snake,{4}{G},5.0,"[""G""]","[""G""]","Reach
{6}{G}: Monstrosity 4. (If this creature isn't monstrous, put four +1/+1 counters on it and it becomes monstrous.)",2016-08-26
827,2,Nessian Courser,THS,Theros,165,normal,common,en,0.3,EUR,4697f3aa-abde-4379-af82-f30115f59be0,Creature — Centaur Warrior,{2}{G},3.0,"[""G""]","[""G""]",,2013-09-27
2247,4,Netcaster Spider,M20,Core Set 2020,184,normal,common,en,0.3,EUR,07c95074-32c8-426e-b615-8ad5427c6c1c,Creature — Spider,{2}{G},3.0,"[""G""]","[""G""]","Reach (This creature can block creatures with flying.)
Whenever this creature blocks a creature with flying, this creature gets +2/+0 until end of turn.",2019-07-12
150,1,Nettle Drone,BFZ,Battle for Zendikar,131,normal,common,en,0.3,EUR,e633833a-cc4b-4c8c-a0d3-cd263e09df81,Creature — Eldrazi Drone,{2}{R},3.0,[],"[""R""]","Devoid (This card has no color.)
{T}: This creature deals 1 damage to each opponent.
Whenever you cast a colorless spell, untap this creature.",2015-10-02
2054,2,Nettle Guard,BLB,Bloomburrow,23,normal,common,en,0.3,EUR,8c9c3cc3-2aa2-453e-a17c-2baeeaabe0a9,Creature — Mouse Soldier,{1}{W},2.0,"[""W""]","[""W""]","Valiant — Whenever this creature becomes the target of a spell or ability you control for the first time each turn, it gets +0/+2 until end of turn.
{1}, Sacrifice this creature: Destroy target artifact or enchantment.",2024-08-02
1645,1,Network Disruptor,NEO,Kamigawa: Neon Dynasty,71,normal,common,en,0.3,EUR,5a37719a-2a87-4870-8f25-12544ca2f2cf,Artifact Creature — Moonfolk Rogue,{U},1.0,"[""U""]","[""U""]","Flying
When this creature enters, tap target permanent.",2022-02-18
473,2,Nezumi Bladeblesser,NEO,Kamigawa: Neon Dynasty,318,normal,common,en,0.3,EUR,317bdf0d-df7d-4ca2-8131-060ba7cf2602,Creature — Rat Samurai,{2}{B},3.0,"[""B""]","[""B""]","This creature has deathtouch as long as you control an artifact.
This creature has menace as long as you control an enchantment. (It can't be blocked except by two or more creatures.)",2022-02-18
474,1,Nezumi Ronin,CHK,Champions of Kamigawa,130,normal,common,en,0.3,EUR,0c3b8d6f-c60a-4107-b931-31b10f497237,Creature — Rat Samurai,{2}{B},3.0,"[""B""]","[""B""]","Bushido 1 (Whenever this creature blocks or becomes blocked, it gets +1/+1 until end of turn.)",2004-10-01
1646,1,Niblis of Dusk,SOI,Shadows over Innistrad,76,normal,common,en,0.3,EUR,394dd931-e34e-4314-88c9-774a2f3c8c1b,Creature — Spirit,{2}{U},3.0,"[""U""]","[""U""]","Flying
Prowess (Whenever you cast a noncreature spell, this creature gets +1/+1 until end of turn.)",2016-04-08
475,1,Night Clubber,SNC,Streets of New Capenna,89,normal,uncommon,en,0.3,EUR,59fd3f8a-a13b-4a0a-bb27-b9246949ea7b,Creature — Human Warrior,{1}{B}{B},3.0,"[""B""]","[""B""]","When this creature enters, creatures your opponents control get -1/-1 until end of turn.
Blitz {2}{B} (If you cast this spell for its blitz cost, it gains haste and ""When this creature dies, draw a card."" Sacrifice it at the beginning of the next end step.)",2022-04-29
476,1,Night Market Lookout,KLD,Kaladesh,95,normal,common,en,0.3,EUR,4edb03b7-e5a2-4ba1-b0ec-bfbfeaa94efd,Creature — Human Rogue,{B},1.0,"[""B""]","[""B""]","Whenever this creature becomes tapped, each opponent loses 1 life and you gain 1 life.",2016-09-30
828,1,Night of the Sweets' Revenge,WOE,Wilds of Eldraine,178,normal,uncommon,en,0.68,EUR,27f53bed-7075-4303-aa9e-fcca0a266e19,Enchantment,{3}{G},4.0,"[""G""]","[""G""]","When this enchantment enters, create a Food token. (It's an artifact with ""{2}, {T}, Sacrifice this token: You gain 3 life."")
Foods you control have ""{T}: Add {G}.""
{5}{G}{G}, Sacrifice this enchantment: Creatures you control get +X/+X until end of turn, where X is the number of Foods you control. Activate only as a sorcery.",2023-09-08
2520,1,Nightblade Brigade,TDM,Tarkir: Dragonstorm,85,normal,common,en,0.3,EUR,648debd9-d4cf-4788-8882-f1601a3d87f5,,,,,,,
477,1,Nightfire Giant,M15,Magic 2015,109,normal,uncommon,en,0.3,EUR,11da48a7-903d-43f5-8085-1b3790ed079a,Creature — Zombie Giant,{4}{B},5.0,"[""B""]","[""B"",""R""]","This creature gets +1/+1 as long as you control a Mountain.
{4}{R}: This creature deals 2 damage to any target.",2014-07-18
478,1,Nighthowler,C15,Commander 2015,129,normal,rare,en,0.59,EUR,4faa98d6-06b0-481b-9be9-8bb73e748e0c,Enchantment Creature — Horror,{1}{B}{B},3.0,"[""B""]","[""B""]","Bestow {2}{B}{B} (If you cast this card for its bestow cost, it's an Aura spell with enchant creature. It becomes a creature again if it's not attached.)
This creature and enchanted creature each get +X/+X, where X is the number of creature cards in all graveyards.",2015-11-13
627,1,Nightmare,TTHB,Theros Beyond Death Tokens,12,normal,common,en,0.59,EUR,c528581f-f671-45ae-8d7a-ae26a4e62ceb,Token Creature — Nightmare,,0.0,"[""B"",""U""]","[""B"",""U""]","Whenever this creature attacks or blocks, each opponent exiles the top two cards of their library.",2020-01-24
2428,1,Nightmare Sower,ECL,Lorwyn Eclipsed,114,normal,uncommon,en,0.3,EUR,35dfa0f9-faf3-4a85-b02d-0c5830783511,Creature — Faerie Assassin,{3}{B},4.0,"[""B""]","[""B""]","Flying, lifelink
Whenever you cast a spell during an opponent's turn, put a -1/-1 counter on up to one target creature.",2026-01-23
829,2,Nightsoil Kami,SOK,Saviors of Kamigawa,139,normal,common,en,0.3,EUR,5902f863-171e-4bb2-9d48-2c679d41f1a9,Creature — Spirit,{4}{G}{G},6.0,"[""G""]","[""G""]","Soulshift 5 (When this creature dies, you may return target Spirit card with mana value 5 or less from your graveyard to your hand.)",2005-06-03
1647,1,Nightwhorl Hermit,BLB,Bloomburrow,62,normal,common,en,0.3,EUR,0928e04f-2568-41e8-b603-7a25cf5f94d0,Creature — Rat Rogue,{2}{U},3.0,"[""U""]","[""U""]","Vigilance
Threshold — As long as there are seven or more cards in your graveyard, this creature gets +1/+0 and can't be blocked.",2024-08-02
637,1,Nimble Larcenist,SNC,Streets of New Capenna,386,foil,uncommon,en,0.51,EUR,31dc7d21-e56a-4758-b5a0-3acd7eb8c367,Creature — Bird Rogue,{W}{U}{B},3.0,"[""B"",""U"",""W""]","[""B"",""U"",""W""]","Flying
When this creature enters, target opponent reveals their hand. You choose an artifact, instant, or sorcery card from it and exile that card.",2022-04-29
1648,4,Nimbus of the Isles,BBD,Battlebond,124,normal,common,en,0.3,EUR,fbb41d25-b65b-4570-8523-ffb11779708f,Creature — Elemental,{4}{U},5.0,"[""U""]","[""U""]",Flying (This creature can't be blocked except by creatures with flying or reach.),2018-06-08
151,1,Ninja's Kunai,NEO,Kamigawa: Neon Dynasty,252,normal,common,en,0.3,EUR,af6ae567-c77a-416a-b609-4df3d0dd2e18,Artifact — Equipment,{1},1.0,[],[],"Equipped creature has ""{1}, {T}, Sacrifice Ninja's Kunai: Ninja's Kunai deals 3 damage to any target.""
Equip {1} ({1}: Attach to target creature you control. Equip only as a sorcery.)",2022-02-18
2055,2,Ninth Bridge Patrol,KLD,Kaladesh,22,normal,common,en,0.3,EUR,10a22cf8-4441-48ab-8adc-ae071cbc5999,Creature — Dwarf Soldier,{1}{W},2.0,"[""W""]","[""W""]","Whenever another creature you control leaves the battlefield, put a +1/+1 counter on this creature.",2016-09-30
479,2,Nirkana Assassin,BFZ,Battle for Zendikar,118,normal,common,en,0.3,EUR,2ca43ea1-ba7b-4dc7-b6f6-a0c92321ebe1,Creature — Vampire Assassin Ally,{2}{B},3.0,"[""B""]","[""B""]","Whenever you gain life, this creature gains deathtouch until end of turn. (Any amount of damage it deals to a creature is enough to destroy it.)",2015-10-02
830,1,"Nissa, Worldwaker",E01,Archenemy: Nicol Bolas,68,normal,mythic,en,5.58,EUR,4a37fbca-32db-40cc-9fd3-4764c7fd81e2,Legendary Planeswalker — Nissa,{3}{G}{G},5.0,"[""G""]","[""G""]","+1: Target land you control becomes a 4/4 Elemental creature with trample. It's still a land.
+1: Untap up to four target Forests.
−7: Search your library for any number of basic land cards, put them onto the battlefield, then shuffle. Those lands become 4/4 Elemental creatures with trample. They're still lands.",2017-06-16
2565,1,Nobody,TMT,Teenage Mutant Ninja Turtles,161,normal,common,en,0.3,EUR,0966b8ff-61d3-4394-a357-97c35f042a29,,,,,,,
2267,2,Not on My Watch,MKM,Murders at Karlov Manor,28,normal,uncommon,en,0.3,EUR,700294fc-7c16-4f7d-bce0-7452d8e9c401,Instant,{1}{W},2.0,"[""W""]","[""W""]",Exile target attacking creature.,2024-02-09
2569,1,Novel Nunchaku,TMT,Teenage Mutant Ninja Turtles,127,normal,uncommon,en,0.3,EUR,f37ef012-c566-4d16-acf8-6079244907be,,,,,,,
2056,1,"Now for Wrath, Now for Ruin!",LTR,The Lord of the Rings: Tales of Middle-earth,24,normal,common,en,0.3,EUR,c2e2c80d-7581-46ba-8237-7886b91c19b3,Sorcery,{3}{W},4.0,"[""W""]","[""W""]",Put a +1/+1 counter on each creature you control. They gain vigilance until end of turn. The Ring tempts you.,2023-06-23
480,1,Nowhere to Run,DSK,Duskmourn: House of Horror,111,normal,uncommon,en,1.54,EUR,fee60e9d-9ee7-444a-88f3-c1929e1888fb,Enchantment,{1}{B},2.0,"[""B""]","[""B""]","Flash
When this enchantment enters, target creature an opponent controls gets -3/-3 until end of turn.
Creatures your opponents control can be the targets of spells and abilities as though they didn't have hexproof. Ward abilities of those creatures don't trigger.",2024-09-27
481,2,Noxious Groodion,RNA,Ravnica Allegiance,78,normal,common,en,0.3,EUR,b6cb3d78-1a60-4e9b-b387-afeb58677536,Creature — Beast,{2}{B},3.0,"[""B""]","[""B""]",Deathtouch,2019-01-25
482,1,Null Caller,OGW,Oath of the Gatewatch,88,normal,uncommon,en,0.3,EUR,4afe773b-2987-4001-a0fd-9dca414a9129,Creature — Vampire Shaman,{3}{B},4.0,"[""B""]","[""B""]","{3}{B}, Exile a creature card from your graveyard: Create a tapped 2/2 black Zombie creature token.",2016-01-22
2574,1,Null Group Biological Assets,TMT,Teenage Mutant Ninja Turtles,98,normal,common,en,0.3,EUR,eb44c134-fcd8-4ad8-841c-f1723ba93216,,,,,,,
1649,3,Nullify,BNG,Born of the Gods,45,normal,common,en,0.3,EUR,a940d859-3fb1-4946-8277-b7c503605b1e,Instant,{U}{U},2.0,"[""U""]","[""U""]",Counter target creature or Aura spell.,2014-02-07
831,2,Nylea's Disciple,THS,Theros,167,normal,common,en,0.3,EUR,365d716a-1435-48ac-b85f-2cceca1056dd,Creature — Centaur Archer,{2}{G}{G},4.0,"[""G""]","[""G""]","When this creature enters, you gain life equal to your devotion to green. (Each {G} in the mana costs of permanents you control counts toward your devotion to green.)",2013-09-27
483,2,Nyxborn Eidolon,BNG,Born of the Gods,78,normal,common,en,0.3,EUR,76f79804-cd90-472b-9d09-3c71e4c6be22,Enchantment Creature — Spirit,{1}{B},2.0,"[""B""]","[""B""]","Bestow {4}{B} (If you cast this card for its bestow cost, it's an Aura spell with enchant creature. It becomes a creature again if it's not attached.)
Enchanted creature gets +2/+1.",2014-02-07
1258,2,Nyxborn Rollicker,BNG,Born of the Gods,102,normal,common,en,0.3,EUR,b2081bf0-09f5-4c95-b4cc-48a8784294d4,Enchantment Creature — Satyr,{R},1.0,"[""R""]","[""R""]","Bestow {1}{R} (If you cast this card for its bestow cost, it's an Aura spell with enchant creature. It becomes a creature again if it's not attached.)
Enchanted creature gets +1/+1.",2014-02-07
2057,4,Nyxborn Shieldmate,BNG,Born of the Gods,21,normal,common,en,0.3,EUR,64204816-6e1d-4bf8-acd0-8f83ca7eb8c7,Enchantment Creature — Human Soldier,{W},1.0,"[""W""]","[""W""]","Bestow {2}{W} (If you cast this card for its bestow cost, it's an Aura spell with enchant creature. It becomes a creature again if it's not attached.)
Enchanted creature gets +1/+2.",2014-02-07
1650,3,Nyxborn Triton,BNG,Born of the Gods,46,normal,common,en,0.3,EUR,65371de6-13a2-401f-9334-ae9e19619487,Enchantment Creature — Merfolk,{2}{U},3.0,"[""U""]","[""U""]","Bestow {4}{U} (If you cast this card for its bestow cost, it's an Aura spell with enchant creature. It becomes a creature again if it's not attached.)
Enchanted creature gets +2/+3.",2014-02-07
832,2,Nyxborn Wolf,BNG,Born of the Gods,131,normal,common,en,0.3,EUR,91a78895-5e09-46a5-8a74-a07f0befc4e5,Enchantment Creature — Wolf,{2}{G},3.0,"[""G""]","[""G""]","Bestow {4}{G} (If you cast this card for its bestow cost, it's an Aura spell with enchant creature. It becomes a creature again if it's not attached.)
Enchanted creature gets +3/+1.",2014-02-07
833,1,Oakenform,M20,Core Set 2020,341,normal,common,en,0.34,EUR,d1ca08a0-c58d-4c13-bf63-0401d89839b4,Enchantment — Aura,{2}{G},3.0,"[""G""]","[""G""]","Enchant creature
Enchanted creature gets +3/+3.",2019-07-12
834,1,Oakheart Dryads,JOU,Journey into Nyx,133,normal,common,en,0.3,EUR,d8ef63b9-c021-40fe-910e-93c06d660c20,Enchantment Creature — Nymph Dryad,{2}{G},3.0,"[""G""]","[""G""]","Constellation — Whenever this creature or another enchantment you control enters, target creature gets +1/+1 until end of turn.",2014-05-02
484,1,"Ob Nixilis, Unshackled",M15,Magic 2015,110,normal,rare,en,3.86,EUR,109b28dc-c0d1-4b88-b18e-074ac0464e03,Legendary Creature — Demon,{4}{B}{B},6.0,"[""B""]","[""B""]","Flying, trample
Whenever an opponent searches their library, that player sacrifices a creature of their choice and loses 10 life.
Whenever another creature dies, put a +1/+1 counter on Ob Nixilis.",2014-07-18
152,1,Obelisk of Bant,ALA,Shards of Alara,212,normal,common,en,0.3,EUR,0cefe6ab-c018-4b87-8948-295a28f63cb1,Artifact,{3},3.0,[],"[""G"",""U"",""W""]","{T}: Add {G}, {W}, or {U}.",2008-10-03
153,1,Obelisk of Esper,C13,Commander 2013,250,normal,common,en,0.42,EUR,70b347b1-9277-4ad0-88c8-faacace08827,Artifact,{3},3.0,[],"[""B"",""U"",""W""]","{T}: Add {W}, {U}, or {B}.",2013-11-01
154,1,Obelisk of Grixis,E01,Archenemy: Nicol Bolas,88,normal,common,en,0.3,EUR,1bf29333-2fe4-4bd3-855b-8eef8d14c5d6,Artifact,{3},3.0,[],"[""B"",""R"",""U""]","{T}: Add {U}, {B}, or {R}.",2017-06-16
155,1,Obelisk of Jund,C13,Commander 2013,252,normal,common,en,0.3,EUR,1fe43306-f48f-4812-8d40-1903cc6f19d2,Artifact,{3},3.0,[],"[""B"",""G"",""R""]","{T}: Add {B}, {R}, or {G}.",2013-11-01
156,1,Obelisk of Naya,ALA,Shards of Alara,216,normal,common,en,0.3,EUR,df6317b0-15fd-4924-9302-41bed2354546,Artifact,{3},3.0,[],"[""G"",""R"",""W""]","{T}: Add {R}, {G}, or {W}.",2008-10-03
1651,1,Oboro Breezecaller,SOK,Saviors of Kamigawa,48,normal,common,en,2.14,EUR,a382a9b8-0b19-46c2-a547-a22d6e23d0ac,Creature — Moonfolk Wizard,{1}{U},2.0,"[""U""]","[""U""]","Flying
{2}, Return a land you control to its owner's hand: Untap target land.",2005-06-03
2237,2,Obscura Charm,SNC,Streets of New Capenna,323,normal,uncommon,en,0.3,EUR,4a02b758-65b6-4c25-83b9-de63a1a92b51,Instant,{W}{U}{B},3.0,"[""B"",""U"",""W""]","[""B"",""U"",""W""]","Choose one —
• Return target multicolored permanent card with mana value 3 or less from your graveyard to the battlefield tapped.
• Counter target instant or sorcery spell.
• Destroy target creature or planeswalker with mana value 3 or less.",2022-04-29
1652,1,Obscura Initiate,SNC,Streets of New Capenna,50,normal,common,en,0.3,EUR,67774a11-158b-437c-ac16-2d42fbb5c223,Creature — Bird Citizen,{2}{U},3.0,"[""U""]","[""B"",""U"",""W""]","Flying
{1}{W/B}: This creature gains lifelink until end of turn.",2022-04-29
2058,4,Observant Alseid,THS,Theros,24,normal,common,en,0.3,EUR,e1410d10-476a-4ed2-ae44-75383ed0e359,Enchantment Creature — Nymph,{2}{W},3.0,"[""W""]","[""W""]","Bestow {4}{W} (If you cast this card for its bestow cost, it's an Aura spell with enchant creature. It becomes a creature again if it's not attached.)
Vigilance
Enchanted creature gets +2/+2 and has vigilance.",2013-09-27
2323,1,Obsessive Pursuit,TLA,Avatar: The Last Airbender,340,normal,rare,en,1.11,EUR,2ff0a75c-b679-436f-8150-faaec3ea1df6,Enchantment,{1}{B},2.0,"[""B""]","[""B""]","When this enchantment enters and at the beginning of your upkeep, you lose 1 life and create a Clue token. (It's an artifact with ""{2}, Sacrifice this token: Draw a card."")
Whenever you attack, put X +1/+1 counters on target attacking creature, where X is the number of permanents you've sacrificed this turn. If X is three or greater, that creature gains lifelink until end of turn.",2025-11-21
628,1,"Obyra, Dreaming Duelist",WOE,Wilds of Eldraine,210,normal,uncommon,en,0.3,EUR,63ce03ee-279b-4955-98e3-9ce1990f8b7b,Legendary Creature — Faerie Warrior,{U}{B},2.0,"[""B"",""U""]","[""B"",""U""]","Flash
Flying
Whenever another Faerie you control enters, each opponent loses 1 life.",2023-09-08
2331,1,Octopus Form,TLA,Avatar: The Last Airbender,66,normal,common,en,0.3,EUR,ce96a826-53a0-4029-bf34-46779d133b13,Instant — Lesson,{U},1.0,"[""U""]","[""U""]",Target creature you control gets +1/+1 and gains hexproof until end of turn. Untap it. (It can't be the target of spells or abilities your opponents control.),2025-11-21
485,1,Odunos River Trawler,BNG,Born of the Gods,79,normal,uncommon,en,0.3,EUR,a5d1eda4-ac34-4905-9022-59f91d38dbb3,Creature — Zombie,{2}{B},3.0,"[""B""]","[""B"",""W""]","When this creature enters, return target enchantment creature card from your graveyard to your hand.
{W}, Sacrifice this creature: Return target enchantment creature card from your graveyard to your hand.",2014-02-07
1259,1,Ogre Warrior,S00,Starter 2000,33,normal,common,en,0.3,EUR,c0a6848f-7cb3-4ab0-a14a-e7fb62562861,Creature — Ogre Warrior,{3}{R},4.0,"[""R""]","[""R""]",,2000-04-01
1653,1,Ojutai's Breath,IMA,Iconic Masters,68,normal,common,en,0.3,EUR,428c4985-95de-4703-9cda-7762d7fee04f,Instant,{2}{U},3.0,"[""U""]","[""U""]","Tap target creature. It doesn't untap during its controller's next untap step.
Rebound (If you cast this spell from your hand, exile it as it resolves. At the beginning of your next upkeep, you may cast this card from exile without paying its mana cost.)",2017-11-17
486,1,Okiba Reckoner Raid // Nezumi Road Captain,NEO,Kamigawa: Neon Dynasty,117,normal,common,en,0.3,EUR,4f0582b4-d951-4450-b158-4a34109e48cd,Enchantment — Saga // Enchantment Creature — Rat Rogue,,1.0,,"[""B""]",,2022-02-18
835,1,Okina Nightwatch,SOK,Saviors of Kamigawa,140,normal,common,en,0.3,EUR,2eea50b1-ba6e-4c57-9b49-488b883be638,Creature — Human Monk,{4}{G},5.0,"[""G""]","[""G""]","As long as you have more cards in hand than each opponent, this creature gets +3/+3.",2005-06-03
1260,1,Oliphaunt,LTR,The Lord of the Rings: Tales of Middle-earth,139,normal,common,en,0.3,EUR,6989018c-37b1-4282-a4af-9cc97f160b4d,Creature — Elephant,{5}{R},6.0,"[""R""]","[""R""]","Trample
Whenever this creature attacks, another target creature you control gets +2/+0 and gains trample until end of turn.
Mountaincycling {1} ({1}, Discard this card: Search your library for a Mountain card, reveal it, put it into your hand, then shuffle.)",2023-06-23
1261,2,Olog-hai Crusher,LTR,The Lord of the Rings: Tales of Middle-earth,140,normal,common,en,0.3,EUR,c33bf593-62e0-491a-a31a-328bce6d8735,Creature — Troll Soldier,{3}{R},4.0,"[""R""]","[""R""]","Trample
This creature can't block unless you control a Goblin or Orc.",2023-06-23
2059,1,Oltec Archaeologists,LCI,The Lost Caverns of Ixalan,27,normal,common,en,0.3,EUR,57c21561-2213-4524-89a6-30a305843e5a,Creature — Human Artificer Scout,{4}{W},5.0,"[""W""]","[""W""]","When this creature enters, choose one —
• Return target artifact card from your graveyard to your hand.
• Scry 3. (Look at the top three cards of your library, then put any number of them on the bottom and the rest on top in any order.)",2023-11-17
2060,1,Oltec Cloud Guard,LCI,The Lost Caverns of Ixalan,28,normal,common,en,0.3,EUR,02d68a38-2e0b-401b-b67d-a55e2af5b18d,Creature — Human Soldier,{3}{W},4.0,"[""W""]","[""W""]","Flying
When this creature enters, create a 1/1 colorless Gnome artifact creature token.",2023-11-17
1654,3,Omenspeaker,M19,Core Set 2019,64,normal,common,en,0.3,EUR,949589c4-97bc-46b4-bc6c-4b2709fd5e3a,Creature — Human Wizard,{1}{U},2.0,"[""U""]","[""U""]","When this creature enters, scry 2. (Look at the top two cards of your library, then put any number of them on the bottom and the rest on top in any order.)",2018-07-13
1655,1,Ominous Sphinx,HOU,Hour of Devastation,41,normal,uncommon,en,0.3,EUR,2361bd3b-9ae0-4198-9296-6d278feff042,Creature — Sphinx,{3}{U}{U},5.0,"[""U""]","[""U""]","Flying
Whenever you cycle or discard a card, target creature an opponent controls gets -2/-0 until end of turn.",2017-07-14
1262,1,Onakke Ogre,M19,Core Set 2019,153,normal,common,en,0.3,EUR,9e016da6-8800-47b4-9b96-1887677c795c,Creature — Ogre Warrior,{2}{R},3.0,"[""R""]","[""R""]",,2018-07-13
1263,1,Ondu Champion,BFZ,Battle for Zendikar,149,normal,common,en,0.3,EUR,708e1979-902b-410a-ae46-3fd1d2acc31d,Creature — Minotaur Warrior Ally,{2}{R}{R},4.0,"[""R""]","[""R""]","Rally — Whenever this creature or another Ally you control enters, creatures you control gain trample until end of turn.",2015-10-02
487,1,Onyx Goblet,PS11,Salvat 2011,79,normal,common,en,0.0,EUR,3fc0c797-7a1d-412a-b8fb-b5adcf3ff68f,Artifact,{2}{B},3.0,"[""B""]","[""B""]",{T}: Target player loses 1 life.,2011-01-01
157,3,Opaline Unicorn,CN2,Conspiracy: Take the Crown,213,normal,common,en,0.3,EUR,160d39b0-76c5-4218-97e5-5903f781dafc,Artifact Creature — Unicorn,{3},3.0,[],[],{T}: Add one mana of any color.,2016-08-26
2061,5,Oppressive Rays,M15,Magic 2015,21,normal,common,en,0.3,EUR,53555768-edad-4441-b6a7-ea2a7cb38abd,Enchantment — Aura,{W},1.0,"[""W""]","[""W""]","Enchant creature
Enchanted creature can't attack or block unless its controller pays {3}.
Activated abilities of enchanted creature cost {3} more to activate.",2014-07-18
1656,1,Oppressive Will,SOK,Saviors of Kamigawa,50,normal,common,en,0.3,EUR,abcb5e75-c7a1-41de-a952-05aefb115270,Instant,{2}{U},3.0,"[""U""]","[""U""]",Counter target spell unless its controller pays {1} for each card in your hand.,2005-06-03
1657,1,Opt,ELD,Throne of Eldraine,59,normal,common,en,0.3,EUR,c3669391-8f64-4904-b432-0f0582f30449,Instant,{U},1.0,"[""U""]","[""U""]","Scry 1. (Look at the top card of your library. You may put that card on the bottom.)
Draw a card.",2019-10-04
1658,1,Oracle's Insight,BBD,Battlebond,127,normal,uncommon,en,0.3,EUR,533d455a-88c9-4e41-b31e-5dcf821c6f6f,Enchantment — Aura,{3}{U},4.0,"[""U""]","[""U""]","Enchant creature
Enchanted creature has ""{T}: Scry 1, then draw a card."" (To scry 1, look at the top card of your library, then you may put that card on the bottom.)",2018-06-08
836,1,Oran-Rief Invoker,DDR,Duel Decks: Nissa vs. Ob Nixilis,17,normal,common,en,0.3,EUR,572a2dc4-3f8f-4412-8a40-9e61df33db76,Creature — Human Shaman,{1}{G},2.0,"[""G""]","[""G""]",{8}: This creature gets +5/+5 and gains trample until end of turn.,2016-09-02
1659,1,Orazca Puzzle-Door,LCI,The Lost Caverns of Ixalan,68,normal,common,en,0.3,EUR,27acf726-52f5-493d-8678-c12485f67747,Artifact,{U},1.0,"[""U""]","[""U""]","{1}, {T}, Sacrifice this artifact: Look at the top two cards of your library. Put one of those cards into your hand and the other into your graveyard.",2023-11-17
488,2,Orc Army,TLTR,Tales of Middle-earth Tokens,5,normal,common,en,0.3,EUR,2f8b43e8-dd89-452e-b572-8559e19fdea2,Token Creature — Orc Army,,0.0,"[""B""]","[""B""]",,2023-06-23
837,2,Orchard Spirit,ORI,Magic Origins,192,normal,common,en,0.3,EUR,1bd3077a-0446-4cf4-9a32-366b4c4085a3,Creature — Spirit,{2}{G},3.0,"[""G""]","[""G""]",This creature can't be blocked except by creatures with flying or reach.,2015-07-17
489,2,Ordeal of Erebos,THS,Theros,99,normal,uncommon,en,0.3,EUR,9e02ddba-fdc1-4d7b-89eb-00a0417f8963,Enchantment — Aura,{1}{B},2.0,"[""B""]","[""B""]","Enchant creature
Whenever enchanted creature attacks, put a +1/+1 counter on it. Then if it has three or more +1/+1 counters on it, sacrifice this Aura.
When you sacrifice this Aura, target player discards two cards.",2013-09-27
2062,3,Ordeal of Heliod,A25,Masters 25,27,normal,uncommon,en,0.3,EUR,dd652c85-f8ca-4e38-a21b-f21b729bcf92,Enchantment — Aura,{1}{W},2.0,"[""W""]","[""W""]","Enchant creature
Whenever enchanted creature attacks, put a +1/+1 counter on it. Then if it has three or more +1/+1 counters on it, sacrifice this Aura.
When you sacrifice this Aura, you gain 10 life.",2018-03-16
1660,1,Ordeal of Thassa,THS,Theros,58,normal,uncommon,en,0.3,EUR,fa764244-c5d5-4f27-9c56-866566a1404a,Enchantment — Aura,{1}{U},2.0,"[""U""]","[""U""]","Enchant creature
Whenever enchanted creature attacks, put a +1/+1 counter on it. Then if it has three or more +1/+1 counters on it, sacrifice this Aura.
When you sacrifice this Aura, draw two cards.",2013-09-27
838,1,Order of the Sacred Bell,9ED,Ninth Edition,261,normal,common,en,0.3,EUR,310500b2-8539-441e-af89-81ddfa8ef080,Creature — Human Monk,{3}{G},4.0,"[""G""]","[""G""]",,2005-07-29
2063,2,Oreskos Sun Guide,BNG,Born of the Gods,22,normal,common,en,0.3,EUR,064435e7-20ea-4ba4-b039-a945afeeb5c6,Creature — Cat Monk,{1}{W},2.0,"[""W""]","[""W""]","Inspired — Whenever this creature becomes untapped, you gain 2 life.",2014-02-07
2064,6,Oreskos Swiftclaw,M19,Core Set 2019,31,normal,common,en,0.3,EUR,0ea1dfb4-1983-41f7-956c-f2a1d1489b54,Creature — Cat Warrior,{1}{W},2.0,"[""W""]","[""W""]",,2018-07-13
1264,1,Ornery Goblin,GRN,Guilds of Ravnica,112,normal,common,en,0.3,EUR,be1c1353-b315-4a0e-80b5-0d9a2962e35f,Creature — Goblin Warrior,{1}{R},2.0,"[""R""]","[""R""]","Whenever this creature blocks or becomes blocked by a creature, this creature deals 1 damage to that creature.",2018-10-05
2065,1,Ornitharch,BNG,Born of the Gods,23,normal,uncommon,en,0.3,EUR,f95a0bf4-10c7-4afa-8cf6-e31196cc2bd5,Creature — Archon,{3}{W}{W},5.0,"[""W""]","[""W""]","Flying
Tribute 2 (As this creature enters, an opponent of your choice may put two +1/+1 counters on it.)
When this creature enters, if tribute wasn't paid, create two 1/1 white Bird creature tokens with flying.",2014-02-07
159,3,Ornithopter,AER,Aether Revolt,167,normal,uncommon,en,0.59,EUR,ddb96645-44d2-426c-90cb-3186297a8728,Artifact Creature — Thopter,{0},0.0,[],[],Flying,2017-01-20
158,2,Ornithopter,TDMU,Dominaria United Tokens,22,normal,common,en,0.42,EUR,a63d3174-75af-4dfa-b2f9-c4330c755af1,Token Artifact Creature — Thopter,,0.0,[],[],Flying,2022-09-09
839,2,Orochi Ranger,CHK,Champions of Kamigawa,235,normal,common,en,0.3,EUR,e8dc216f-4447-4370-b31a-18304507669b,Creature — Snake Warrior Ranger,{1}{G},2.0,"[""G""]","[""G""]","Whenever this creature deals combat damage to a creature, tap that creature and it doesn't untap during its controller's next untap step.",2004-10-01
840,2,Orochi Sustainer,CHK,Champions of Kamigawa,236,normal,common,en,0.3,EUR,5fb40d7a-f2d3-4c9a-a1ab-6b08bd143fe5,Creature — Snake Shaman,{1}{G},2.0,"[""G""]","[""G""]",{T}: Add {G}.,2004-10-01
160,1,Orzhov Basilica,GK2,RNA Guild Kit,49,normal,common,en,0.51,EUR,8d9f6e53-f04f-442c-be1a-a3634ce86101,Land,,0.0,[],"[""B"",""W""]","This land enters tapped.
When this land enters, return a land you control to its owner's hand.
{T}: Add {W}{B}.",2019-02-15
161,1,Orzhov Guildgate,WAR,War of the Spark,269,normal,common,en,0.3,EUR,cbadf8cf-02bf-45f6-b3c1-a684d9bc5228,Land — Gate,,0.0,[],"[""B"",""W""]","This land enters tapped.
{T}: Add {W} or {B}.",2019-05-03
2545,1,Osseous Exhale,TDM,Tarkir: Dragonstorm,17,normal,common,en,0.3,EUR,2300da2f-2297-4c2f-90c1-11ce2b42d91f,,,,,,,
2279,1,Ostrich-Horse,TLA,Avatar: The Last Airbender,188,normal,common,en,0.3,EUR,5ca3fd45-9301-44ef-afc0-4d7999d66d36,Creature — Bird Horse,{2}{G},3.0,"[""G""]","[""G""]","When this creature enters, mill three cards. You may put a land card from among them into your hand. If you don't, put a +1/+1 counter on this creature. (To mill three cards, put the top three cards of your library into your graveyard.)",2025-11-21
1661,1,Out of the Way,SNC,Streets of New Capenna,52,normal,uncommon,en,0.3,EUR,2201ade5-8add-49f2-8045-ae351aaf061c,Instant,{3}{U},4.0,"[""U""]","[""U""]","This spell costs {2} less to cast if it targets a green permanent.
Return target nonland permanent an opponent controls to its owner's hand.
Draw a card.",2022-04-29
1265,1,Outnumber,BFZ,Battle for Zendikar,150,normal,common,en,0.3,EUR,b3373281-7319-4320-8afb-4546fb55ab4c,Instant,{R},1.0,"[""R""]","[""R""]",Outnumber deals damage to target creature equal to the number of creatures you control.,2015-10-02
1662,2,Outrider of Jhess,ALA,Shards of Alara,52,normal,common,en,0.3,EUR,d3b681c8-6d20-4e43-95f8-e83d34626145,Creature — Human Knight,{3}{U},4.0,"[""U""]","[""U""]","Exalted (Whenever a creature you control attacks alone, that creature gets +1/+1 until end of turn.)",2008-10-03
162,1,Ovalchase Dragster,KLD,Kaladesh,225,normal,uncommon,en,0.3,EUR,20411aa0-f87b-49dd-b943-ca82d59db185,Artifact — Vehicle,{4},4.0,[],[],"Trample, haste
Crew 1 (Tap any number of creatures you control with total power 1 or more: This Vehicle becomes an artifact creature until end of turn.)",2016-09-30
841,2,Overcome,M20,Core Set 2020,186,normal,uncommon,en,0.3,EUR,718352b9-1a68-44a1-947b-34f525f21223,Sorcery,{3}{G}{G},5.0,"[""G""]","[""G""]",Creatures you control get +2/+2 and gain trample until end of turn. (Each of those creatures can deal excess combat damage to the player or planeswalker it's attacking.),2019-07-12
842,1,Overgrown Zealot,DSK,Duskmourn: House of Horror,193,normal,uncommon,en,0.3,EUR,96d68d29-499a-4864-be18-bd98fda0d173,Creature — Elf Druid,{1}{G},2.0,"[""G""]","[""G""]","{T}: Add one mana of any color.
{T}: Add two mana of any one color. Spend this mana only to turn permanents face up.",2024-09-27
490,2,Overkill,FIN,Final Fantasy,109,normal,uncommon,en,0.3,EUR,ae075e71-d33d-4d6c-b4a5-0b47dd6fd196,Instant,{2}{B},3.0,"[""B""]","[""B""]",Target creature gets -0/-9999 until end of turn.,2025-06-13
843,3,Overwhelm,MM2,Modern Masters 2015,152,normal,uncommon,en,0.3,EUR,91d7d3ca-8e0d-43ce-9cdb-310d017873ca,Sorcery,{5}{G}{G},7.0,"[""G""]","[""G""]","Convoke (Your creatures can help cast this spell. Each creature you tap while casting this spell pays for {1} or one mana of that creature's color.)
Creatures you control get +3/+3 until end of turn.",2015-05-22
2538,1,Overwhelming Surge,TDM,Tarkir: Dragonstorm,115,normal,uncommon,en,0.3,EUR,bd7af85f-354e-468a-990b-bd774e68240f,,,,,,,
163,1,Pacification Array,AER,Aether Revolt,168,normal,uncommon,en,0.3,EUR,8bed742a-a12a-4728-a771-07e3d1417419,Artifact,{1},1.0,[],[],"{2}, {T}: Tap target artifact or creature.",2017-01-20
2066,3,Pacifism,M20,Core Set 2020,32,normal,common,en,0.3,EUR,31279d7c-5246-40b2-a8c7-0be4a5f24a29,Enchantment — Aura,{1}{W},2.0,"[""W""]","[""W""]","Enchant creature
Enchanted creature can't attack or block.",2019-07-12
844,1,Pack's Favor,GRN,Guilds of Ravnica,139,normal,common,en,0.3,EUR,0f88c3aa-63e1-4617-bf1f-48f44988e7d6,Instant,{2}{G},3.0,"[""G""]","[""G""]","Convoke (Your creatures can help cast this spell. Each creature you tap while casting this spell pays for {1} or one mana of that creature's color.)
Target creature gets +3/+3 until end of turn.",2018-10-05
2516,1,Pain 101,TMT,Teenage Mutant Ninja Turtles,69,normal,common,en,0.3,EUR,a1c70bf2-b2bd-4585-ba50-304f4dad8e62,,,,,,,
491,1,Painful Lesson,BBD,Battlebond,154,normal,common,en,0.3,EUR,e16fa034-f89e-497a-8fd0-533b1932bff5,Sorcery,{2}{B},3.0,"[""B""]","[""B""]",Target player draws two cards and loses 2 life.,2018-06-08
2067,1,Palace Sentinels,CN2,Conspiracy: Take the Crown,19,normal,common,en,0.3,EUR,3e002a99-eb2b-4cc3-992e-f3ee42245dba,Creature — Human Soldier,{3}{W},4.0,"[""W""]","[""W""]","When this creature enters, you become the monarch.",2016-08-26
1266,1,Panicked Altisaur,LCI,The Lost Caverns of Ixalan,159,normal,common,en,0.3,EUR,ad371c97-a266-4a88-9d28-2e889a37ba00,Creature — Dinosaur,{4}{R},5.0,"[""R""]","[""R""]","Reach
{T}: This creature deals 2 damage to each opponent.",2023-11-17
164,1,Papercraft Decoy,NEO,Kamigawa: Neon Dynasty,253,normal,common,en,0.3,EUR,3453084c-42cc-4241-b244-c79e704f96c8,Artifact Creature — Frog,{2},2.0,[],[],"When this creature leaves the battlefield, you may pay {2}. If you do, draw a card.",2022-02-18
1663,1,Paperfin Rascal,LRW,Lorwyn,77,normal,common,en,0.3,EUR,a439c0ca-0cb2-4293-825e-1a72159953b9,Creature — Merfolk Rogue,{2}{U},3.0,"[""U""]","[""U""]","When this creature enters, clash with an opponent. If you win, put a +1/+1 counter on this creature. (Each clashing player reveals the top card of their library, then puts that card on their choice of the top or bottom. A player wins if their card had a greater mana value.)",2007-10-12
845,3,Paragon of Eternal Wilds,M15,Magic 2015,190,normal,uncommon,en,0.34,EUR,97c3fcca-480f-4acf-b74f-0f37b46fa799,Creature — Human Druid,{3}{G},4.0,"[""G""]","[""G""]","Other green creatures you control get +1/+1.
{G}, {T}: Another target green creature you control gains trample until end of turn. (It can deal excess combat damage to the player or planeswalker it's attacking.)",2014-07-18
1267,1,Paragon of Fierce Defiance,M15,Magic 2015,158,normal,uncommon,en,0.3,EUR,3ad97067-2b6b-4e60-817c-6414e2739806,Creature — Human Warrior,{3}{R},4.0,"[""R""]","[""R""]","Other red creatures you control get +1/+1.
{R}, {T}: Another target red creature you control gains haste until end of turn. (It can attack and {T} this turn.)",2014-07-18
165,1,Paragon of Modernity,SNC,Streets of New Capenna,242,normal,common,en,0.3,EUR,939450d7-1107-4645-ad23-68749b1ec4c2,Artifact Creature — Angel Warrior,{4},4.0,[],[],"Flying
{3}: This creature gets +1/+1 until end of turn. If exactly three colors of mana were spent to activate this ability, put a +1/+1 counter on it instead.",2022-04-29
2068,1,Paragon of New Dawns,M15,Magic 2015,23,normal,uncommon,en,0.3,EUR,361c66c3-b4eb-48aa-a967-255a8db60977,Creature — Human Soldier,{3}{W},4.0,"[""W""]","[""W""]","Other white creatures you control get +1/+1.
{W}, {T}: Another target white creature you control gains vigilance until end of turn. (Attacking doesn't cause it to tap.)",2014-07-18
166,1,Pardic Wanderer,DOM,Dominaria,226,normal,common,en,0.3,EUR,2fffe967-3a99-4f00-af46-f4e5567598df,Artifact Creature — Golem,{6},6.0,[],[],Trample,2018-04-27
1664,1,Passwall Adept,GRN,Guilds of Ravnica,50,normal,common,en,0.3,EUR,a8ed28c3-8c66-4883-8774-67ac5ab9e81c,Creature — Human Wizard,{1}{U},2.0,"[""U""]","[""U""]",{2}{U}: Target creature can't be blocked this turn.,2018-10-05
2069,1,Patch Up,SNC,Streets of New Capenna,23,normal,uncommon,en,0.3,EUR,2ce30c92-c5f2-45d2-819e-177390bc26f5,Sorcery,{2}{W},3.0,"[""W""]","[""W""]",Return up to three target creature cards with total mana value 3 or less from your graveyard to the battlefield.,2022-04-29
167,1,Patchwork Automaton,NEO,Kamigawa: Neon Dynasty,254,normal,uncommon,en,0.51,EUR,7a4e1580-dd26-4f4b-ac98-3e6fa7b879d5,Artifact Creature — Construct,{2},2.0,[],[],"Ward {2} (Whenever this creature becomes the target of a spell or ability an opponent controls, counter it unless that player pays {2}.)
Whenever you cast an artifact spell, put a +1/+1 counter on this creature.",2022-02-18
1268,1,Path of Anger's Flame,SOK,Saviors of Kamigawa,109,normal,common,en,0.3,EUR,046fd4b1-d3a4-4859-a0d4-0e8341e6c6c7,Instant — Arcane,{2}{R},3.0,"[""R""]","[""R""]",Creatures you control get +2/+0 until end of turn.,2005-06-03
2298,1,Path to Redemption,TLA,Avatar: The Last Airbender,31,normal,common,en,0.3,EUR,f936d64a-0db4-49c1-8a57-6d99e012a555,Enchantment — Aura,{1}{W},2.0,"[""W""]","[""W""]","Enchant creature
Enchanted creature can't attack or block.
{5}, Sacrifice this Aura: Exile enchanted creature. Create a 1/1 white Ally creature token. Activate only during your turn.",2025-11-21
1665,3,Peel from Reality,DDO,Duel Decks: Elspeth vs. Kiora,40,normal,common,en,0.3,EUR,fb56f097-0878-40bc-83ea-d28bcd91125b,Instant,{1}{U},2.0,"[""U""]","[""U""]",Return target creature you control and target creature you don't control to their owners' hands.,2015-02-27
1666,1,Peer Through Depths,DDS,Duel Decks: Mind vs. Might,5,normal,common,en,0.3,EUR,df0994df-730c-4947-8248-0aaf97998fa1,Instant — Arcane,{1}{U},2.0,"[""U""]","[""U""]",Look at the top five cards of your library. You may reveal an instant or sorcery card from among them and put it into your hand. Put the rest on the bottom of your library in any order.,2017-03-31
1270,2,Peerless Samurai,NEO,Kamigawa: Neon Dynasty,156,normal,common,en,0.3,EUR,e5b2176d-8925-4474-9d3e-1c97192715fb,Creature — Human Samurai,{2}{R},3.0,"[""R""]","[""R""]","Menace (This creature can't be blocked except by two or more creatures.)
Whenever a Samurai or Warrior you control attacks alone, the next spell you cast this turn costs {1} less to cast.",2022-02-18
1269,1,Peerless Samurai,NEO,Kamigawa: Neon Dynasty,322,normal,common,en,0.3,EUR,247c362c-bf21-4bca-89d4-54eb60806f10,Creature — Human Samurai,{2}{R},3.0,"[""R""]","[""R""]","Menace (This creature can't be blocked except by two or more creatures.)
Whenever a Samurai or Warrior you control attacks alone, the next spell you cast this turn costs {1} less to cast.",2022-02-18
1271,2,Penregon Strongbull,BRO,The Brothers' War,147,normal,common,en,0.3,EUR,1c2deb43-7134-4f9c-b02d-78407a8986b1,Creature — Minotaur,{2}{R},3.0,"[""R""]","[""R""]","{1}, Sacrifice an artifact: This creature gets +1/+1 until end of turn and deals 1 damage to each opponent.",2022-11-18
846,1,Peregrin Took,LTR,The Lord of the Rings: Tales of Middle-earth,181,normal,uncommon,en,0.85,EUR,f5baee8d-88e7-4468-94a9-66ca8e2caf15,Legendary Creature — Halfling Citizen,{2}{G},3.0,"[""G""]","[""G""]","If one or more tokens would be created under your control, those tokens plus an additional Food token are created instead. (It's an artifact with ""{2}, {T}, Sacrifice this token: You gain 3 life."")
Sacrifice three Foods: Draw a card.",2023-06-23
847,1,Peregrination,BNG,Born of the Gods,132,normal,uncommon,en,0.3,EUR,03835e3e-9fd1-47c7-86a5-a5481420f2d3,Sorcery,{3}{G},4.0,"[""G""]","[""G""]","Search your library for up to two basic land cards, reveal those cards, and put one onto the battlefield tapped and the other into your hand. Shuffle, then scry 1. (Look at the top card of your library. You may put that card on the bottom.)",2014-02-07
168,1,Perilous Vault,M15,Magic 2015,224,normal,mythic,en,0.85,EUR,9a5f1810-a852-454f-b1d6-eb40ea4e0148,Artifact,{4},4.0,[],[],"{5}, {T}, Exile this artifact: Exile all nonland permanents.",2014-07-18
2070,1,Perimeter Enforcer,MKM,Murders at Karlov Manor,31,normal,uncommon,en,0.3,EUR,1f88d077-5082-4a67-91e4-97aafb9a5e91,Creature — Human Detective,{1}{W},2.0,"[""W""]","[""W""]","Flying, lifelink
Whenever another Detective you control enters and whenever a Detective you control is turned face up, this creature gets +1/+1 until end of turn.",2024-02-09
2494,1,Personify,ECL,Lorwyn Eclipsed,28,normal,uncommon,en,0.5,EUR,1172582d-fb2d-4022-95b1-e48b03df3a95,Instant,{1}{W},2.0,"[""W""]","[""W""]","Exile target creature you control, then return that card to the battlefield under its owner's control. Create a 1/1 colorless Shapeshifter creature token with changeling. (It's every creature type.)",2026-01-23
1272,2,Pharagax Giant,BNG,Born of the Gods,104,normal,common,en,0.3,EUR,9eef1b9b-58f1-40af-a7c2-06cdaf1ec974,Creature — Giant,{4}{R},5.0,"[""R""]","[""R""]","Tribute 2 (As this creature enters, an opponent of your choice may put two +1/+1 counters on it.)
When this creature enters, if tribute wasn't paid, this creature deals 5 damage to each opponent.",2014-02-07
492,1,Pharika's Chosen,JOU,Journey into Nyx,78,normal,common,en,0.3,EUR,8119ce0c-d709-463c-9abc-f7025673ea72,Creature — Snake,{B},1.0,"[""B""]","[""B""]",Deathtouch (Any amount of damage this deals to a creature is enough to destroy it.),2014-05-02
493,3,Pharika's Cure,THS,Theros,100,normal,common,en,0.3,EUR,c0efc963-5848-44eb-a654-c08b5bd4501d,Instant,{B}{B},2.0,"[""B""]","[""B""]",Pharika's Cure deals 2 damage to target creature and you gain 2 life.,2013-09-27
848,1,Pharika's Disciple,ORI,Magic Origins,194,normal,common,en,0.3,EUR,f0b3d8f7-6a41-49ba-b111-d34a345394c0,Creature — Centaur Warrior,{3}{G},4.0,"[""G""]","[""G""]","Deathtouch (Any amount of damage this deals to a creature is enough to destroy it.)
Renown 1 (When this creature deals combat damage to a player, if it isn't renowned, put a +1/+1 counter on it and it becomes renowned.)",2015-07-17
607,1,Pharika's Mender,CN2,Conspiracy: Take the Crown,205,normal,uncommon,en,0.34,EUR,5deaa491-d95b-481f-aa47-8e7219174cc5,Creature — Gorgon,{3}{B}{G},5.0,"[""B"",""G""]","[""B"",""G""]","When this creature enters, you may return target creature or enchantment card from your graveyard to your hand.",2016-08-26
849,2,Pheres-Band Tromper,BNG,Born of the Gods,134,normal,common,en,0.3,EUR,a2d7e7d1-70ee-450b-8018-ff373cc91c68,Creature — Centaur Warrior,{3}{G},4.0,"[""G""]","[""G""]","Inspired — Whenever this creature becomes untapped, put a +1/+1 counter on it.",2014-02-07
169,1,Phyrexian Mite,TONE,Phyrexia: All Will Be One Tokens,11,normal,common,en,0.34,EUR,96ec91a9-659a-455f-98e0-cd30b6c6c2a4,Token Artifact Creature — Phyrexian Mite,,0.0,[],[],"Toxic 1 (Players dealt combat damage by this creature also get a poison counter.)
This creature can't block.",2023-02-03
494,1,Phyrexian Rager,IMA,Iconic Masters,102,normal,common,en,0.3,EUR,b8253166-0bf4-4d50-bea3-516a9f60b039,Creature — Phyrexian Horror,{2}{B},3.0,"[""B""]","[""B""]","When this creature enters, you draw a card and you lose 1 life.",2017-11-17
850,1,Phytoburst,DGM,Dragon's Maze,46,normal,common,en,0.3,EUR,7507afc4-f504-4eb2-a86d-f99bc2860838,Sorcery,{1}{G},2.0,"[""G""]","[""G""]",Target creature gets +5/+5 until end of turn.,2013-05-03
2245,2,Phytotitan,M15,Magic 2015,191,normal,rare,en,1.54,EUR,e0e6eedf-8f5a-407e-b15b-48e19df20bed,Creature — Plant Elemental,{4}{G}{G},6.0,"[""G""]","[""G""]","When this creature dies, return it to the battlefield tapped under its owner's control at the beginning of their next upkeep.",2014-07-18
851,2,Pierce the Sky,DOM,Dominaria,176,normal,common,en,0.3,EUR,df491512-ba8a-4ba5-ad42-338190201170,Instant,{1}{G},2.0,"[""G""]","[""G""]",Pierce the Sky deals 7 damage to target creature with flying.,2018-04-27
2071,1,Pileated Provisioner,BLB,Bloomburrow,25,normal,common,en,0.3,EUR,ae442cd6-c4df-4aad-9b1d-ccd936c5ec96,Creature — Bird Scout,{4}{W},5.0,"[""W""]","[""W""]","Flying
When this creature enters, put a +1/+1 counter on target creature you control without flying.",2024-08-02
2347,1,Pillar Launch,TLA,Avatar: The Last Airbender,189,normal,common,en,0.3,EUR,f177e9cc-0c41-417d-9215-5ff23a1a0657,Instant,{G},1.0,"[""G""]","[""G""]",Target creature gets +2/+2 and gains reach until end of turn. Untap it.,2025-11-21
2072,2,Pillar of Light,M15,Magic 2015,24,normal,common,en,0.3,EUR,018ff99e-a23d-4440-8c5c-cfb4942f1906,Instant,{2}{W},3.0,"[""W""]","[""W""]",Exile target creature with toughness 4 or greater.,2014-07-18
170,1,Pillar of War,BNG,Born of the Gods,160,normal,uncommon,en,0.3,EUR,e4c1371b-ffec-41c7-8fc1-acb2bd538080,Artifact Creature — Golem,{3},3.0,[],[],"Defender
As long as this creature is enchanted, it can attack as though it didn't have defender.",2014-02-07
2073,1,Pillarfield Ox,CNS,Conspiracy,76,normal,common,en,0.3,EUR,53a5c7bd-7d08-421d-ad43-70bc0c2db4d4,Creature — Ox,{3}{W},4.0,"[""W""]","[""W""]",,2014-06-06
171,2,Pilot,TNEO,Kamigawa: Neon Dynasty Tokens,1,normal,common,en,0.59,EUR,be84f259-2809-48c9-9c70-861437f08c23,Token Creature — Pilot,,0.0,[],[],This creature crews Vehicles as though its power were 2 greater.,2022-02-18
1667,2,Pin to the Earth,JOU,Journey into Nyx,45,normal,common,en,0.3,EUR,c04e6915-39b0-4fbc-9114-2ecf371b6f72,Enchantment — Aura,{1}{U},2.0,"[""U""]","[""U""]","Enchant creature
Enchanted creature gets -6/-0.",2014-05-02
1273,1,Pinnacle of Rage,BNG,Born of the Gods,105,normal,uncommon,en,0.3,EUR,b26ff2fa-82de-4831-9341-a446abf9ed03,Sorcery,{4}{R}{R},6.0,"[""R""]","[""R""]",Pinnacle of Rage deals 3 damage to each of two targets.,2014-02-07
2074,1,Pious Kitsune,CHK,Champions of Kamigawa,38,normal,common,en,0.3,EUR,bb4124b9-5169-471e-b805-ceeffeec9184,Creature — Fox Cleric,{2}{W},3.0,"[""W""]","[""W""]","At the beginning of your upkeep, put a devotion counter on this creature. Then if a creature named Eight-and-a-Half-Tails is on the battlefield, you gain 1 life for each devotion counter on this creature.
{T}, Remove a devotion counter from this creature: You gain 1 life.",2004-10-01
1668,1,Piranha Fly,DSK,Duskmourn: House of Horror,70,normal,common,en,0.3,EUR,cd891675-12d4-40df-996a-97d694155227,Creature — Fish Insect,{1}{U},2.0,"[""U""]","[""U""]","Flying
This creature enters tapped.",2024-09-27
1433,1,Piston-Fist Cyclops,GRN,Guilds of Ravnica,217,normal,common,en,0.3,EUR,2ec7523a-a9c4-4b76-8f9e-b591a88e2e37,Creature — Cyclops,{1}{U/R}{U/R},3.0,"[""R"",""U""]","[""R"",""U""]","Defender
As long as you've cast an instant or sorcery spell this turn, this creature can attack as though it didn't have defender.",2018-10-05
172,1,Pit of Offerings,LCI,The Lost Caverns of Ixalan,278,normal,uncommon,en,0.59,EUR,bc7d3957-b483-4a1f-a244-293c90032f5e,Land — Cave,,0.0,[],[],"This land enters tapped.
When this land enters, exile up to three target cards from graveyards.
{T}: Add {C}.
{T}: Add one mana of any of the exiled cards' colors.",2023-11-17
2425,1,Plains,ECL,Lorwyn Eclipsed,269,normal,common,en,0.42,EUR,3a438199-54f8-4702-81cf-a9d42e7cd9f1,Basic Land — Plains,,0.0,,"[""W""]",({T}: Add {W}.),2026-01-23
2438,1,Plains,ECL,Lorwyn Eclipsed,269,foil,common,en,0.42,EUR,3a438199-54f8-4702-81cf-a9d42e7cd9f1,Basic Land — Plains,,0.0,,"[""W""]",({T}: Add {W}.),2026-01-23
2387,1,Plains,ECL,Lorwyn Eclipsed,274,normal,common,en,0.42,EUR,6242dbef-8412-4ebd-9486-42cec1dc6794,Basic Land — Plains,,0.0,[],"[""W""]",({T}: Add {W}.),2026-01-23
2449,1,Plains,ECL,Lorwyn Eclipsed,274,normal,common,en,0.42,EUR,6242dbef-8412-4ebd-9486-42cec1dc6794,Basic Land — Plains,,0.0,[],"[""W""]",({T}: Add {W}.),2026-01-23
2423,1,Plains,ECL,Lorwyn Eclipsed,279,normal,common,en,0.42,EUR,d8fdfa7d-fd11-4c11-8743-a21538474314,Basic Land — Plains,,0.0,,"[""W""]",({T}: Add {W}.),2026-01-23
2208,13,Plains,ELD,Throne of Eldraine,251,normal,common,en,0.42,EUR,ad0b7076-03b9-4a8b-a55c-6cba0b8162e8,Basic Land — Plains,,0.0,[],"[""W""]",({T}: Add {W}.),2019-10-04
2354,7,Plains,TLA,Avatar: The Last Airbender,282,normal,common,en,0.42,EUR,4069fb4a-8ee1-41ef-ab93-39a8cc58e0e5,Basic Land — Plains,,0.0,[],"[""W""]",({T}: Add {W}.),2025-11-21
2270,1,Plains,TLA,Avatar: The Last Airbender,287,normal,common,en,0.42,EUR,8a880169-41ca-4507-83fd-306a489d31ce,Basic Land — Plains,,0.0,[],"[""W""]",({T}: Add {W}.),2025-11-21
2510,1,Plains,TMT,Teenage Mutant Ninja Turtles,191,normal,common,en,0.51,EUR,1b405611-27d4-435a-8e8e-6d528626fd27,,,,,,,
1274,2,Plasma Jockey,SNC,Streets of New Capenna,115,normal,common,en,0.3,EUR,741ed811-cbcd-4178-a874-dc79d2a5d6f1,Creature — Lizard Warrior,{3}{R},4.0,"[""R""]","[""R""]","Whenever this creature attacks, target creature an opponent controls can't block this turn.
Blitz {2}{R} (If you cast this spell for its blitz cost, it gains haste and ""When this creature dies, draw a card."" Sacrifice it at the beginning of the next end step.)",2022-04-29
173,1,Platinum Angel,MPS,Kaladesh Inventions,46,foil,special,en,154.7,EUR,2bffc898-16c6-46ab-89b7-cb218d08beea,Artifact Creature — Angel,{7},7.0,[],[],"Flying
You can't lose the game and your opponents can't win the game.",2016-09-30
174,1,Platinum Emperion,PUMA,Ultimate Box Topper,U30,foil,mythic,en,34.37,EUR,861100b0-ff7b-4aac-82aa-039365c826aa,Artifact Creature — Golem,{8},8.0,[],[],Your life total can't change. (You can't gain or lose life. You can't pay any amount of life except 0.),2018-12-07
2327,1,Platypus-Bear,TLA,Avatar: The Last Airbender,236,normal,common,en,0.3,EUR,7ebf742a-3995-4b22-9dc7-b05f57889683,Creature — Platypus Bear,{1}{G/U},2.0,"[""G"",""U""]","[""G"",""U""]","Defender
When this creature enters, mill two cards. (Put the top two cards of your library into your graveyard.)
As long as there is a Lesson card in your graveyard, this creature can attack as though it didn't have defender.",2025-11-21
2075,1,Plover Knights,DDG,Duel Decks: Knights vs. Dragons,20,normal,common,en,0.3,EUR,d84fdc31-43f8-4cb9-b9a8-4ad3d1e90edb,Creature — Kithkin Knight,{3}{W}{W},5.0,"[""W""]","[""W""]","Flying, first strike",2011-04-01
2076,2,Plow Through Reito,SOK,Saviors of Kamigawa,22,normal,common,en,0.3,EUR,11e78f75-bf58-4c61-9654-c5d355b5e526,Instant — Arcane,{1}{W},2.0,"[""W""]","[""W""]",Sweep — Return any number of Plains you control to their owner's hand. Target creature gets +1/+1 until end of turn for each Plains returned this way.,2005-06-03
2246,5,Plummet,M20,Core Set 2020,188,normal,common,en,0.3,EUR,4a1a0c7b-ce1c-4284-9362-04b21861f69d,Instant,{1}{G},2.0,"[""G""]","[""G""]",Destroy target creature with flying.,2019-07-12
2531,1,Poised Practitioner,TDM,Tarkir: Dragonstorm,18,normal,common,en,0.3,EUR,bb25366d-a647-4c5e-bcc7-7e54659aacbd,,,,,,,
495,1,Poisonbelly Ogre,GPT,Guildpact,57,normal,common,en,0.3,EUR,a168b953-eac4-472e-ac74-598febb05f83,Creature — Ogre Warrior,{4}{B},5.0,"[""B""]","[""B""]","Whenever another creature enters, its controller loses 1 life.",2006-02-03
996,1,Polis Crusher,THS,Theros,198,normal,rare,en,0.42,EUR,80874006-d057-49b8-981c-1d685ad1474b,Creature — Cyclops,{2}{R}{G},4.0,"[""G"",""R""]","[""G"",""R""]","Trample, protection from enchantments
{4}{R}{G}: Monstrosity 3. (If this creature isn't monstrous, put three +1/+1 counters on it and it becomes monstrous.)
Whenever this creature deals combat damage to a player, if this creature is monstrous, destroy target enchantment that player controls.",2013-09-27
175,4,Polluted Delta,EXP,Zendikar Expeditions,17,foil,mythic,en,283.63,EUR,cdfac4bf-ffba-43eb-a29c-45c64079e830,Land,,0.0,[],[],"{T}, Pay 1 life, Sacrifice this land: Search your library for an Island or Swamp card, put it onto the battlefield, then shuffle.",2015-10-02
852,2,"Polukranos, World Eater",THS,Theros,172,normal,mythic,en,0.85,EUR,4979cc1b-9c1a-47e4-ae37-7c41798eb89a,Legendary Creature — Hydra,{2}{G}{G},4.0,"[""G""]","[""G""]","{X}{X}{G}: Monstrosity X. (If this creature isn't monstrous, put X +1/+1 counters on it and it becomes monstrous.)
When Polukranos becomes monstrous, it deals X damage divided as you choose among any number of target creatures your opponents control. Each of those creatures deals damage equal to its power to Polukranos.",2013-09-27
1669,1,Pore Over the Pages,SOI,Shadows over Innistrad,79,normal,uncommon,en,0.3,EUR,b2288f7b-05b1-4a6c-8d02-42ffcadc6f0b,Sorcery,{3}{U}{U},5.0,"[""U""]","[""U""]","Draw three cards, untap up to two lands, then discard a card.",2016-04-08
1275,3,Portent of Betrayal,THS,Theros,133,normal,common,en,0.3,EUR,9fcdf4df-1900-427b-998f-957754ce1b75,Sorcery,{3}{R},4.0,"[""R""]","[""R""]",Gain control of target creature until end of turn. Untap that creature. It gains haste until end of turn. Scry 1. (Look at the top card of your library. You may put that card on the bottom.),2013-09-27
496,2,Powerstone Fracture,BRO,The Brothers' War,112,normal,common,en,0.3,EUR,2323301f-565a-4c0f-bffd-18386ccd1f7a,Sorcery,{1}{B},2.0,"[""B""]","[""B""]","As an additional cost to cast this spell, sacrifice an artifact or creature.
Destroy target creature or planeswalker.",2022-11-18
176,1,Prakhata Pillar-Bug,KLD,Kaladesh,228,normal,common,en,0.3,EUR,9c91b356-b5d8-4239-bb45-dec7f673868d,Artifact Creature — Insect,{3},3.0,[],"[""B""]",{B}: This creature gains lifelink until end of turn. (Damage dealt by this creature also causes you to gain that much life.),2016-09-30
2077,1,Preeminent Captain,M15,Magic 2015,25,normal,rare,en,1.11,EUR,32faaece-2775-4ab5-8376-d9f68959d5ac,Creature — Kithkin Soldier,{2}{W},3.0,"[""W""]","[""W""]","First strike (This creature deals combat damage before creatures without first strike.)
Whenever this creature attacks, you may put a Soldier creature card from your hand onto the battlefield tapped and attacking.",2014-07-18
853,1,Preposterous Proportions,FDN,Foundations,400,foil,rare,en,9.45,EUR,52bb6f1e-2545-4393-9985-383d11379977,Sorcery,{5}{G}{G},7.0,"[""G""]","[""G""]",Creatures you control get +10/+10 and gain vigilance until end of turn.,2024-11-15
1670,3,Prescient Chimera,THS,Theros,59,normal,common,en,0.3,EUR,f9342aba-e3aa-4210-ad72-e609c7c027b8,Creature — Chimera,{3}{U}{U},5.0,"[""U""]","[""U""]","Flying
Whenever you cast an instant or sorcery spell, scry 1. (Look at the top card of your library. You may put that card on the bottom.)",2013-09-27
1671,1,Press for Answers,SOI,Shadows over Innistrad,80,normal,common,en,0.3,EUR,5ec8b8bf-7b02-4f5e-bbd3-9560f9888192,Sorcery,{1}{U},2.0,"[""U""]","[""U""]","Tap target creature. It doesn't untap during its controller's next untap step.
Investigate. (Create a Clue token. It's an artifact with ""{2}, Sacrifice this token: Draw a card."")",2016-04-08
1276,1,Press into Service,OGW,Oath of the Gatewatch,114,normal,uncommon,en,0.3,EUR,69b9eb4b-3ab8-4506-baa4-3a818e7677a3,Sorcery,{4}{R},5.0,"[""R""]","[""R""]","Support 2. (Put a +1/+1 counter on each of up to two target creatures.)
Gain control of target creature until end of turn. Untap that creature. It gains haste until end of turn.",2016-01-22
2289,1,Pretending Poxbearers,TLA,Avatar: The Last Airbender,237,normal,common,en,0.3,EUR,d1af91a5-8681-4a05-910d-96f7a819bfaa,Creature — Human Citizen Ally,{1}{W/B},2.0,"[""B"",""W""]","[""B"",""W""]","When this creature dies, create a 1/1 white Ally creature token.",2025-11-21
854,1,Prey Upon,UMA,Ultimate Masters,178,normal,common,en,0.3,EUR,0eb1b036-0856-4cfb-ace5-2731f13696bd,Sorcery,{G},1.0,"[""G""]","[""G""]",Target creature you control fights target creature you don't control. (Each deals damage equal to its power to the other.),2018-12-07
1277,1,Prickleboar,ORI,Magic Origins,158,normal,common,en,0.3,EUR,3191a8fd-2c54-4e47-9d5a-692bb38c811f,Creature — Boar,{4}{R},5.0,"[""R""]","[""R""]","During your turn, this creature gets +2/+0 and has first strike. (It deals combat damage before creatures without first strike.)",2015-07-17
2463,1,Prideful Feastling,ECL,Lorwyn Eclipsed,238,normal,common,en,0.3,EUR,7578cb61-f606-4559-a10a-343a583228ab,Creature — Shapeshifter,{2}{W/B},3.0,"[""B"",""W""]","[""B"",""W""]","Changeling (This card is every creature type.)
Lifelink",2026-01-23
1278,1,Priest of Iroas,THS,Theros,134,normal,common,en,0.3,EUR,013ec9f5-8bf3-4067-a942-d535d011af82,Creature — Human Cleric,{R},1.0,"[""R""]","[""R"",""W""]","{3}{W}, Sacrifice this creature: Destroy target enchantment.",2013-09-27
855,1,Primal Druid,EMN,Eldritch Moon,167,normal,common,en,0.3,EUR,e928f694-c53b-46c5-8390-fa24b53f559c,Creature — Human Druid,{1}{G},2.0,"[""G""]","[""G""]","When this creature dies, you may search your library for a basic land card, put it onto the battlefield tapped, then shuffle.",2016-07-22
856,1,Primal Huntbeast,BBD,Battlebond,208,normal,common,en,0.3,EUR,56e027ec-430f-4c7d-9794-a431efa3693f,Creature — Beast,{3}{G},4.0,"[""G""]","[""G""]",Hexproof (This creature can't be the target of spells or abilities your opponents control.),2018-06-08
2555,1,Primordial Pachyderm,TMT,Teenage Mutant Ninja Turtles,129,normal,common,en,0.3,EUR,e1a866e6-4108-4290-9680-8f1652fbcf77,,,,,,,
2370,1,Prismatic Undercurrents,ECL,Lorwyn Eclipsed,189,foil,uncommon,en,0.42,EUR,bb7490f2-1425-495f-b7d4-2f1e0df7490e,Enchantment,{3}{G},4.0,"[""G""]","[""G""]","Vivid — When this enchantment enters, search your library for up to X basic land cards, where X is the number of colors among permanents you control. Reveal those cards, put them into your hand, then shuffle.
You may play an additional land on each of your turns.",2026-01-23
2078,1,Prison Sentence,BRO,The Brothers' War,21,normal,common,en,0.3,EUR,76832ca8-95b2-4bc8-a191-9e2f50b77626,Enchantment — Aura,{2}{W},3.0,"[""W""]","[""W""]","Enchant creature
When this Aura enters, scry 2.
Enchanted creature can't attack or block, and its activated abilities can't be activated.",2022-11-18
857,2,Prizefight,SNC,Streets of New Capenna,154,normal,common,en,0.51,EUR,544c810b-5f90-4535-aa76-14f8c6b9428a,Instant,{1}{G},2.0,"[""G""]","[""G""]","Target creature you control fights target creature you don't control. (Each deals damage equal to its power to the other.)
Create a Treasure token. (It's an artifact with ""{T}, Sacrifice this token: Add one mana of any color."")",2022-04-29
177,1,Profane Memento,M15,Magic 2015,226,normal,uncommon,en,1.11,EUR,f2c97632-3cf1-4b79-9d18-d8991654dcca,Artifact,{1},1.0,[],[],"Whenever a creature card is put into an opponent's graveyard from anywhere, you gain 1 life.",2014-07-18
1672,1,Prognostic Sphinx,E01,Archenemy: Nicol Bolas,26,normal,rare,en,0.42,EUR,8567d27a-11e1-4eed-932d-959ce7704af3,Creature — Sphinx,{3}{U}{U},5.0,"[""U""]","[""U""]","Flying
Discard a card: This creature gains hexproof until end of turn. Tap it.
Whenever this creature attacks, scry 3.",2017-06-16
858,1,Promised Kannushi,SOK,Saviors of Kamigawa,141,normal,common,en,0.3,EUR,7aac4236-9573-4cff-88d9-711a56da4346,Creature — Human Druid,{G},1.0,"[""G""]","[""G""]","Soulshift 7 (When this creature dies, you may return target Spirit card with mana value 7 or less from your graveyard to your hand.)",2005-06-03
178,1,Prophet of Distortion,OGW,Oath of the Gatewatch,46,normal,uncommon,en,0.3,EUR,03ee2d7e-50ee-4f5a-b787-cf9669a892f3,Creature — Eldrazi Drone,{U},1.0,[],"[""U""]","Devoid (This card has no color.)
{3}{C}: Draw a card. ({C} represents colorless mana.)",2016-01-22
2222,3,Prophetic Prism,A25,Masters 25,229,normal,common,en,0.3,EUR,aecd6741-bab2-4921-b961-ea1584213558,Artifact,{2},2.0,[],[],"When this artifact enters, draw a card.
{1}, {T}: Add one mana of any color.",2018-03-16
1673,1,Prosperous Pirates,XLN,Ixalan,69,normal,common,en,0.3,EUR,4fed2d67-fc51-45e8-825b-fe7565e8a65d,Creature — Human Pirate,{4}{U},5.0,"[""U""]","[""U""]","When this creature enters, create two Treasure tokens. (They're artifacts with ""{T}, Sacrifice this token: Add one mana of any color."")",2017-09-29
2079,1,Protective Parents,WOE,Wilds of Eldraine,24,normal,common,en,0.3,EUR,68cc9653-80ef-4606-a0ec-6d4228fdb118,Creature — Human Peasant,{2}{W},3.0,"[""W""]","[""W""]","When this creature dies, create a Young Hero Role token attached to up to one target creature you control. (If you control another Role on it, put that one into the graveyard. Enchanted creature has ""Whenever this creature attacks, if its toughness is 3 or less, put a +1/+1 counter on it."")",2023-09-08
2080,2,Protector of Gondor,LTR,The Lord of the Rings: Tales of Middle-earth,25,normal,common,en,0.3,EUR,85708748-40ca-4066-a287-7a6a189ff3df,Creature — Human Soldier,{3}{W},4.0,"[""W""]","[""W""]","When this creature enters, create a 1/1 white Human Soldier creature token.",2023-06-23
1674,1,Psionic Snoop,SNC,Streets of New Capenna,53,normal,common,en,0.3,EUR,b1e04834-7335-4b25-bedf-b7739c5c3aad,Creature — Human Rogue,{2}{U},3.0,"[""U""]","[""U""]","Flash
When this creature enters, it connives. (Draw a card, then discard a card. If you discarded a nonland card, put a +1/+1 counter on this creature.)",2022-04-29
1675,1,Psychic Pickpocket,SNC,Streets of New Capenna,54,normal,uncommon,en,0.3,EUR,956b90ca-1012-4132-bf2f-bc3825ed16ac,Creature — Octopus Rogue,{4}{U},5.0,"[""U""]","[""U""]","When this creature enters, it connives. When it connives this way, return up to one target nonland permanent to its owner's hand. (To have a creature connive, draw a card, then discard a card. If you discarded a nonland card, put a +1/+1 counter on that creature.)",2022-04-29
1676,1,Psychic Puppetry,CHK,Champions of Kamigawa,80,normal,common,en,0.3,EUR,9e341d6b-f4b0-4347-8055-f5fab756334c,Instant — Arcane,{1}{U},2.0,"[""U""]","[""U""]","You may tap or untap target permanent.
Splice onto Arcane {U} (As you cast an Arcane spell, you may reveal this card from your hand and pay its splice cost. If you do, add this card's effects to that spell.)",2004-10-01
497,1,Psychic Whorl,BLB,Bloomburrow,105,normal,common,en,0.3,EUR,df900308-8432-4a0a-be21-17482026012b,Sorcery,{2}{B},3.0,"[""B""]","[""B""]","Target opponent discards two cards. Then if you control a Rat, surveil 2. (Look at the top two cards of your library, then put any number of them into your graveyard and the rest on top of your library in any order.)",2024-08-02
1677,1,Public Enemy,SNC,Streets of New Capenna,55,normal,uncommon,en,0.3,EUR,0e69ba61-8c16-4112-9601-fac978b88667,Enchantment — Aura,{2}{U},3.0,"[""U""]","[""U""]","Enchant creature
All creatures attack enchanted creature's controller each combat if able.
When enchanted creature dies, draw a card.",2022-04-29
1279,1,Pugnacious Pugilist,SNC,Streets of New Capenna,117,normal,uncommon,en,0.3,EUR,d98022d2-3b46-41f4-8f31-0a238d881ac6,Creature — Ogre Warrior,{3}{R}{R},5.0,"[""R""]","[""R""]","Whenever this creature attacks, create a tapped and attacking 1/1 red Devil creature token with ""When this token dies, it deals 1 damage to any target.""
Blitz {3}{R} (If you cast this spell for its blitz cost, it gains haste and ""When this creature dies, draw a card."" Sacrifice it at the beginning of the next end step.)",2022-04-29
498,1,Pull Under,CHK,Champions of Kamigawa,137,normal,common,en,0.3,EUR,016afdaa-29bf-4690-bdfe-9074087a191c,Instant — Arcane,{5}{B},6.0,"[""B""]","[""B""]",Target creature gets -5/-5 until end of turn.,2004-10-01
859,1,Pulse of Murasa,M20,Core Set 2020,189,normal,uncommon,en,0.3,EUR,99851c1b-8878-4c1e-906b-f6b70e53d714,Instant,{2}{G},3.0,"[""G""]","[""G""]",Return target creature or land card from a graveyard to its owner's hand. You gain 6 life.,2019-07-12
2081,1,Puncturing Light,SOI,Shadows over Innistrad,35,normal,common,en,0.3,EUR,5b101264-4994-43b7-9156-228f7d10d2bd,Instant,{1}{W},2.0,"[""W""]","[""W""]",Destroy target attacking or blocking creature with power 3 or less.,2016-04-08
2571,1,Punk Frogs,TMT,Teenage Mutant Ninja Turtles,164,normal,common,en,0.3,EUR,375c91a3-53c4-4f2d-bf7b-2c79a219d3ae,,,,,,,
1280,1,Pursuit of Flight,RTR,Return to Ravnica,102,normal,common,en,0.3,EUR,37a6290c-a0a8-4032-972b-84a7eef04dae,Enchantment — Aura,{1}{R},2.0,"[""R""]","[""R"",""U""]","Enchant creature
Enchanted creature gets +2/+2 and has ""{U}: This creature gains flying until end of turn.""",2012-10-05
1281,1,Pyromatics,GK1,GRN Guild Kit,33,normal,common,en,0.3,EUR,c7cc7a72-4af9-4a39-92b6-97992e51d8f4,Instant,{1}{R},2.0,"[""R""]","[""R""]","Replicate {1}{R} (When you cast this spell, copy it for each time you paid its replicate cost. You may choose new targets for the copies.)
Pyromatics deals 1 damage to any target.",2018-11-02
499,1,Qarsi Sadist,DTK,Dragons of Tarkir,113,normal,common,en,0.3,EUR,068c44b9-0ba8-4275-b73d-18ad366f4b45,Creature — Human Cleric,{1}{B},2.0,"[""B""]","[""B""]","Exploit (When this creature enters, you may sacrifice a creature.)
When this creature exploits a creature, target opponent loses 2 life and you gain 2 life.",2015-03-27
1282,1,Quarrel's End,LTR,The Lord of the Rings: Tales of Middle-earth,141,normal,common,en,0.3,EUR,5a7e61a6-c602-4089-ae45-828d8e516a63,Sorcery,{2}{R},3.0,"[""R""]","[""R""]","As an additional cost to cast this spell, discard a card.
Draw two cards and create a 1/1 white Human Soldier creature token.",2023-06-23
860,1,Quarry Beetle,HOU,Hour of Devastation,127,normal,uncommon,en,0.3,EUR,69e11478-bfc7-4bcc-b65c-dc2d4449e99f,Creature — Insect,{4}{G},5.0,"[""G""]","[""G""]","When this creature enters, you may return target land card from your graveyard to the battlefield.",2017-07-14
179,1,Quick-Draw Dagger,SNC,Streets of New Capenna,243,normal,common,en,0.3,EUR,d64110f4-c4b6-4966-a23a-8da7d1983499,Artifact — Equipment,{3},3.0,[],[],"Flash
When this Equipment enters, attach it to target creature you control. That creature gains first strike until end of turn.
Equipped creature gets +1/+1.
Equip {1} ({1}: Attach to target creature you control. Equip only as a sorcery.)",2022-04-29
1678,2,Quickling,M15,Magic 2015,76,normal,uncommon,en,0.3,EUR,278fbdb9-51e3-4ed6-bcc5-c5b86f06c216,Creature — Faerie Rogue,{1}{U},2.0,"[""U""]","[""U""]","Flash (You may cast this spell any time you could cast an instant.)
Flying
When this creature enters, sacrifice it unless you return another creature you control to its owner's hand.",2014-07-18
1283,1,Quicksmith Genius,KLD,Kaladesh,125,normal,uncommon,en,0.3,EUR,c9f1dc85-3cda-45d6-8d65-3cb93854bb16,Creature — Human Artificer,{2}{R},3.0,"[""R""]","[""R""]","Whenever an artifact you control enters, you may discard a card. If you do, draw a card.",2016-09-30
2082,1,Quiet Purity,CHK,Champions of Kamigawa,39,normal,common,en,0.3,EUR,ecd4d7cd-12a9-49f2-912d-2a6024112d13,Instant — Arcane,{W},1.0,"[""W""]","[""W""]",Destroy target enchantment.,2004-10-01
861,2,Quilled Wolf,SOI,Shadows over Innistrad,222,normal,common,en,0.3,EUR,fa1569b5-94ef-4ba5-98c6-f1bd4f73c7d5,Creature — Wolf,{1}{G},2.0,"[""G""]","[""G""]",{5}{G}: This creature gets +4/+4 until end of turn.,2016-04-08
180,4,"Rabanastre, Royal City",FIN,Final Fantasy,287,normal,common,en,0.3,EUR,c44c9bbe-f4c6-41cf-b3c3-b943f4011bc1,Land — Town,,0.0,[],"[""R"",""W""]","This land enters tapped.
{T}: Add {R} or {W}.",2025-06-13
1284,2,Rabbit Battery,NEO,Kamigawa: Neon Dynasty,157,normal,uncommon,en,0.42,EUR,5d33a5b7-797b-4079-8d62-edd124c0fb5a,Artifact Creature — Equipment Rabbit,{R},1.0,"[""R""]","[""R""]","Haste
Equipped creature gets +1/+1 and has haste.
Reconfigure {R} ({R}: Attach to target creature you control; or unattach from a creature. Reconfigure only as a sorcery. While attached, this isn't a creature.)",2022-02-18
2083,1,Rabbit Response,BLB,Bloomburrow,26,normal,common,en,0.3,EUR,c4ded450-346d-4917-917a-b62bc0267509,Instant,{2}{W}{W},4.0,"[""W""]","[""W""]","Creatures you control get +2/+1 until end of turn. If you control a Rabbit, scry 2. (Look at the top two cards of your library, then put any number of them on the bottom and the rest on top in any order.)",2024-08-02
862,2,Rabid Bite,M20,Core Set 2020,190,normal,common,en,0.3,EUR,f0d8ff93-6f62-4695-85ad-d70a0b928e92,Sorcery,{1}{G},2.0,"[""G""]","[""G""]",Target creature you control deals damage equal to its power to target creature you don't control.,2019-07-12
1285,1,Raccoon Rallier,BLB,Bloomburrow,148,normal,common,en,0.3,EUR,b5b5180f-5a1c-4df8-9019-195e65a50ce3,Creature — Raccoon Bard,{1}{R},2.0,"[""R""]","[""R""]",{T}: Target creature you control gains haste until end of turn. Activate only as a sorcery.,2024-08-02
181,2,Racers' Ring,SNC,Streets of New Capenna,253,normal,common,en,0.3,EUR,2a11bdb2-a269-4038-85f3-69fbd02982e9,Land,,0.0,[],"[""G"",""R""]","This land enters tapped.
{T}: Add {R} or {G}.
{2}{R}{G}, {T}, Sacrifice this land: Draw a card.",2022-04-29
182,5,Radiant Fountain,IMA,Iconic Masters,244,normal,common,en,0.3,EUR,ff618efc-ebea-476e-9c88-0383a5272aae,Land,,0.0,[],[],"When this land enters, you gain 2 life.
{T}: Add {C}.",2017-11-17
1286,1,Radiating Lightning,M19,Core Set 2019,313,normal,common,en,0.42,EUR,9395fce4-11bf-4934-8323-5be4862c9779,Instant,{3}{R},4.0,"[""R""]","[""R""]",Radiating Lightning deals 3 damage to target player and 1 damage to each creature that player controls.,2018-07-13
1679,1,Radical Idea,GRN,Guilds of Ravnica,52,normal,common,en,0.3,EUR,c9570734-5e9b-46ff-b606-9759b5195756,Instant,{1}{U},2.0,"[""U""]","[""U""]","Draw a card.
Jump-start (You may cast this card from your graveyard by discarding a card in addition to paying its other costs. Then exile this card.)",2018-10-05
2084,1,Raffine's Guidance,SNC,Streets of New Capenna,25,normal,common,en,0.3,EUR,f36e25fa-9ab4-4832-afb9-827c4b6ba732,Enchantment — Aura,{W},1.0,"[""W""]","[""W""]","Enchant creature
Enchanted creature gets +1/+1.
You may cast this card from your graveyard by paying {2}{W} rather than paying its mana cost.",2022-04-29
2085,3,Raffine's Informant,SNC,Streets of New Capenna,26,normal,common,en,0.85,EUR,4e64ff87-2099-4360-94f6-164277b7b514,Creature — Human Wizard,{1}{W},2.0,"[""W""]","[""W""]","When this creature enters, it connives. (Draw a card, then discard a card. If you discarded a nonland card, put a +1/+1 counter on this creature.)",2022-04-29
500,1,Raffine's Silencer,SNC,Streets of New Capenna,90,normal,uncommon,en,0.3,EUR,4ba72399-c827-43f3-b072-08597dbafb2d,Creature — Human Assassin,{2}{B},3.0,"[""B""]","[""B""]","When this creature enters, it connives. (Draw a card, then discard a card. If you discarded a nonland card, put a +1/+1 counter on this creature.)
When this creature dies, target creature an opponent controls gets -X/-X until end of turn, where X is this creature's power.",2022-04-29
501,1,Rag Dealer,CHK,Champions of Kamigawa,138,normal,common,en,0.3,EUR,18ef007a-fcf4-4293-933e-4f9f7f602002,Creature — Human Rogue,{B},1.0,"[""B""]","[""B""]","{2}{B}, {T}: Exile up to three target cards from a single graveyard.",2004-10-01
1288,1,Rage Reflection,PS11,Salvat 2011,119,normal,rare,en,0.0,EUR,c6e7b1a4-e864-4a91-9248-e4d4669efdd5,Enchantment,{4}{R}{R},6.0,"[""R""]","[""R""]",Creatures you control have double strike.,2011-01-01
1287,2,Rage of Purphoros,THS,Theros,137,normal,common,en,0.3,EUR,1e249f31-cc67-4d0c-9db5-962d10cf74ca,Sorcery,{4}{R},5.0,"[""R""]","[""R""]",Rage of Purphoros deals 4 damage to target creature. It can't be regenerated this turn. Scry 1. (Look at the top card of your library. You may put that card on the bottom.),2013-09-27
1289,1,Rageblood Shaman,THS,Theros,138,normal,rare,en,0.42,EUR,ffaa31fd-5ba5-49d4-90b6-fafb9f1a8b3a,Creature — Minotaur Shaman,{1}{R}{R},3.0,"[""R""]","[""R""]","Trample
Other Minotaur creatures you control get +1/+1 and have trample.",2013-09-27
2257,2,Ragged Playmate,DSK,Duskmourn: House of Horror,150,normal,common,en,0.3,EUR,000499a4-3f39-4d25-a2a2-b2f014e30754,Artifact Creature — Toy,{1}{R},2.0,"[""R""]","[""R""]","{1}, {T}: Target creature with power 2 or less can't be blocked this turn.",2024-09-27
502,1,Ragged Veins,CHK,Champions of Kamigawa,139,normal,common,en,0.3,EUR,c7f3312f-71d0-4dfd-ba39-c2a2ff8d5bd0,Enchantment — Aura,{1}{B},2.0,"[""B""]","[""B""]","Flash
Enchant creature
Whenever enchanted creature is dealt damage, its controller loses that much life.",2004-10-01
2086,6,Raise the Alarm,M20,Core Set 2020,34,normal,common,en,0.3,EUR,764a7a53-314e-4b1f-aa33-0f312d06df71,Instant,{1}{W},2.0,"[""W""]","[""W""]",Create two 1/1 white Soldier creature tokens.,2019-07-12
183,1,Rakdos Locket,C19,Commander 2019,220,normal,common,en,0.3,EUR,ae74a4a0-b95b-4ddd-80df-cbec1c469025,Artifact,{3},3.0,[],"[""B"",""R""]","{T}: Add {B} or {R}.
{B/R}{B/R}{B/R}{B/R}, {T}, Sacrifice this artifact: Draw two cards.",2019-08-23
2248,2,Rakish Revelers,SNC,Streets of New Capenna,328,normal,common,en,0.3,EUR,2258b7b6-e679-4fcf-9cfe-2ff01a8996dc,Creature — Elf Druid Rogue,{2}{R}{G}{W},5.0,"[""G"",""R"",""W""]","[""G"",""R"",""W""]","When this creature enters, create a 1/1 green and white Citizen creature token.
{2}, Exile this card from your hand: Target land gains ""{T}: Add {R}, {G}, or {W}"" until this card is cast from exile. You may cast this card for as long as it remains exiled.",2022-04-29
2525,1,Rakshasa's Bargain,TDM,Tarkir: Dragonstorm,214,normal,uncommon,en,0.3,EUR,5c409f4f-3b2c-4c33-b850-55b2a46f51ca,,,,,,,
1290,1,Rampaging Cyclops,DOM,Dominaria,139,normal,common,en,0.3,EUR,7fdac0c6-bf72-4a9b-9fad-ae7bc2632a4a,Creature — Cyclops,{3}{R},4.0,"[""R""]","[""R""]",This creature gets -2/-0 as long as two or more creatures are blocking it.,2018-04-27
503,1,Rampaging Spiketail,LCI,The Lost Caverns of Ixalan,116,normal,common,en,0.3,EUR,aad0adcb-80e5-4c6d-bcdd-9e5d18c017b3,Creature — Dinosaur,{4}{B}{B},6.0,"[""B""]","[""B""]","When this creature enters, target creature you control gets +2/+0 and gains indestructible until end of turn.
Swampcycling {2} ({2}, Discard this card: Search your library for a Swamp card, reveal it, put it into your hand, then shuffle.)",2023-11-17
184,1,Ramroller,ORI,Magic Origins,237,normal,uncommon,en,0.3,EUR,07f7ba4d-26bb-4631-a135-f27d94f376d1,Artifact Creature — Juggernaut,{3},3.0,[],[],"This creature attacks each combat if able.
This creature gets +2/+0 as long as you control another artifact.",2015-07-17
863,3,Ranger's Guile,M15,Magic 2015,193,normal,common,en,0.3,EUR,01388e24-d66f-40a8-af41-0f84dd8ed3fe,Instant,{G},1.0,"[""G""]","[""G""]",Target creature you control gets +1/+1 and gains hexproof until end of turn. (It can't be the target of spells or abilities your opponents control.),2014-07-18
2087,1,Ranger's Hawk,AFR,Adventures in the Forgotten Realms,37,normal,common,en,0.3,EUR,9d7a7744-e49d-4b4e-b6ae-7fc6d2892cef,Creature — Bird,{W},1.0,"[""W""]","[""W""]","Flying
{3}, {T}, Tap another untapped creature you control: Venture into the dungeon. Activate only as a sorcery. (Enter the first room or advance to the next room.)",2021-07-23
2560,1,"Raphael, Most Attitude",TMT,Teenage Mutant Ninja Turtles,101,normal,uncommon,en,0.3,EUR,88385a87-f931-409f-8a21-250f0866d63d,,,,,,,
2088,1,Raptor Companion,BBD,Battlebond,102,normal,common,en,0.3,EUR,45385c8e-fff9-46e7-97e8-f946306b5147,Creature — Dinosaur,{1}{W},2.0,"[""W""]","[""W""]",,2018-06-08
504,1,Rat Out,WOE,Wilds of Eldraine,103,normal,common,en,0.3,EUR,f2c42755-bf91-4c75-95c6-d2a60ba3492a,Instant,{B},1.0,"[""B""]","[""B""]","Up to one target creature gets -1/-1 until end of turn. You create a 1/1 black Rat creature token with ""This token can't block.""",2023-09-08
1291,1,Ratcatcher Trainee // Pest Problem,WOE,Wilds of Eldraine,144,normal,common,en,0.3,EUR,7f4c0959-a107-4d61-9e51-256b2955f6ba,Creature — Human Peasant // Instant — Adventure,{1}{R} // {2}{R},2.0,"[""R""]","[""R""]",,2023-09-08
2337,1,Raucous Audience,TLA,Avatar: The Last Airbender,190,normal,common,en,0.3,EUR,ccd03ec3-0fae-48b2-9f04-9c57d2f94267,Creature — Human Citizen,{1}{G},2.0,"[""G""]","[""G""]","{T}: Add {G}. If you control a creature with power 4 or greater, add {G}{G} instead.",2025-11-21
1292,1,Ravaging Blaze,ORI,Magic Origins,159,normal,uncommon,en,0.3,EUR,5d9404b2-f0ea-4a31-bc7b-6748574c57d3,Instant,{X}{R}{R},2.0,"[""R""]","[""R""]","Ravaging Blaze deals X damage to target creature.
Spell mastery — If there are two or more instant and/or sorcery cards in your graveyard, Ravaging Blaze also deals X damage to that creature's controller.",2015-07-17
505,1,Ravine Raider,BLB,Bloomburrow,106,normal,common,en,0.3,EUR,874510be-7ecd-4eff-abad-b9594eb4821a,Creature — Lizard Rogue,{B},1.0,"[""B""]","[""B""]","Menace (This creature can't be blocked except by two or more creatures.)
{1}{B}: This creature gets +1/+1 until end of turn.",2024-08-02
506,1,Raving Oni-Slave,SOK,Saviors of Kamigawa,86,normal,common,en,0.3,EUR,a4d16271-9302-463b-938d-01dad0c3ce29,Creature — Ogre Warrior,{1}{B},2.0,"[""B""]","[""B""]","When this creature enters or leaves the battlefield, you lose 3 life if you don't control a Demon.",2005-06-03
2089,2,Ray of Dissolution,THS,Theros,27,normal,common,en,0.3,EUR,b55c31d1-6b05-4ea1-a444-51ad57ebcfa0,Instant,{2}{W},3.0,"[""W""]","[""W""]",Destroy target enchantment. You gain 3 life.,2013-09-27
1293,1,Raze to the Ground,BRO,The Brothers' War,149,normal,common,en,0.3,EUR,838b25d2-7615-4375-a5e6-3d762c9072a5,Sorcery,{2}{R},3.0,"[""R""]","[""R""]","This spell can't be countered.
Destroy target artifact. If its mana value was 1 or less, draw a card.",2022-11-18
2090,4,Razorfoot Griffin,M15,Magic 2015,27,normal,common,en,0.3,EUR,662d812f-4936-48e4-acbe-abccf9ab21c7,Creature — Griffin,{3}{W},4.0,"[""W""]","[""W""]","Flying (This creature can't be blocked except by creatures with flying or reach.)
First strike (This creature deals combat damage before creatures without first strike.)",2014-07-18
1294,1,Razorkin Hordecaller,DSK,Duskmourn: House of Horror,152,normal,uncommon,en,0.3,EUR,f7fb0f11-d1d0-4941-a1a7-a2db88f30394,Creature — Human Clown Berserker,{4}{R},5.0,"[""R""]","[""R""]","Haste
Whenever you attack, create a 1/1 red Gremlin creature token.",2024-09-27
1680,2,Reach Through Mists,DDS,Duel Decks: Mind vs. Might,7,normal,common,en,0.3,EUR,0b6d5d29-4f38-4229-ac50-c4fa97fcc536,Instant — Arcane,{U},1.0,"[""U""]","[""U""]",Draw a card.,2017-03-31
507,1,Read the Bones,C17,Commander 2017,122,normal,common,en,0.68,EUR,ece1852d-8b7f-4fe6-b9fe-0584a94087ab,Sorcery,{2}{B},3.0,"[""B""]","[""B""]","Scry 2, then draw two cards. You lose 2 life. (To scry 2, look at the top two cards of your library, then put any number of them on the bottom and the rest on top in any order.)",2017-08-25
1295,1,Ready to Rumble,SNC,Streets of New Capenna,119,normal,common,en,0.3,EUR,16998689-345d-41e3-a368-e97b696ed689,Sorcery,{4}{R},5.0,"[""R""]","[""R""]","Choose one —
• Ready to Rumble deals 5 damage to target creature or planeswalker.
• Destroy target artifact.",2022-04-29
1681,4,Reality Heist,NEO,Kamigawa: Neon Dynasty,75,normal,uncommon,en,0.34,EUR,5bc954d7-322a-45b8-9e25-6e9a97fbde61,Instant,{5}{U}{U},7.0,"[""U""]","[""U""]","Affinity for artifacts (This spell costs {1} less to cast for each artifact you control.)
Look at the top seven cards of your library. You may reveal up to two artifact cards from among them and put them into your hand. Put the rest on the bottom of your library in a random order.",2022-02-18
508,4,Reanimate,PUMA,Ultimate Box Topper,U12,foil,mythic,en,85.94,EUR,ac394f35-d999-43ea-97cf-99a736d4b2dd,Sorcery,{B},1.0,"[""B""]","[""B""]",Put target creature card from a graveyard onto the battlefield under your control. You lose life equal to that card's mana value.,2018-12-07
185,1,Reaver Drone,OGW,Oath of the Gatewatch,76,normal,uncommon,en,0.3,EUR,162f3fb8-75b7-4cd7-9d6c-27dd76197aa5,Creature — Eldrazi Drone,{B},1.0,[],"[""B""]","Devoid (This card has no color.)
At the beginning of your upkeep, you lose 1 life unless you control another colorless creature.",2016-01-22
1296,1,Rebel,TONE,Phyrexia: All Will Be One Tokens,5,normal,common,en,0.3,EUR,a41eb9df-d8b4-4697-a759-886faf16754d,Token Creature — Rebel,,0.0,"[""R""]","[""R""]",,2023-02-03
2336,1,Rebellious Captives,TLA,Avatar: The Last Airbender,191,normal,common,en,0.3,EUR,e64a4a8b-323c-4c8b-92af-1a3295799e65,Creature — Human Peasant Ally,{1}{G},2.0,"[""G""]","[""G""]","Exhaust — {6}: Put two +1/+1 counters on this creature, then earthbend 2. (Target land you control becomes a 0/0 creature with haste that's still a land. Put two +1/+1 counters on it. When it dies or is exiled, return it to the battlefield tapped. Activate each exhaust ability only once.)",2025-11-21
1297,1,Reckless Cohort,BFZ,Battle for Zendikar,152,normal,common,en,0.3,EUR,77a4cdec-e5fc-4ea8-a7bc-f1109fadae3c,Creature — Human Warrior Ally,{1}{R},2.0,"[""R""]","[""R""]",This creature attacks each combat if able unless you control another Ally.,2015-10-02
1298,1,Reckless Fireweaver,KLD,Kaladesh,126,normal,common,en,0.85,EUR,63ffac51-62c4-4170-85b3-a43d7cfae7d7,Creature — Human Artificer,{1}{R},2.0,"[""R""]","[""R""]","Whenever an artifact you control enters, this creature deals 1 damage to each opponent.",2016-09-30
1299,1,Reckless Reveler,BBD,Battlebond,183,normal,common,en,0.3,EUR,cf7f2954-65f6-4944-ae68-8992cb0268f4,Creature — Satyr,{1}{R},2.0,"[""R""]","[""R""]","{R}, Sacrifice this creature: Destroy target artifact.",2018-06-08
1682,1,Reckless Scholar,GNT,Game Night,23,normal,uncommon,en,0.3,EUR,57f29737-40ef-4e2c-a4d3-24b47ff8f97c,Creature — Human Wizard,{2}{U},3.0,"[""U""]","[""U""]","{T}: Target player draws a card, then discards a card.",2018-11-16
864,3,Reclamation Sage,C18,Commander 2018,159,normal,uncommon,en,0.42,EUR,0eee981e-5d26-4810-90e1-432f3c3107f2,Creature — Elf Shaman,{2}{G},3.0,"[""G""]","[""G""]","When this creature enters, you may destroy target artifact or enchantment.",2018-08-10
1434,1,Reclusive Artificer,DDU,Duel Decks: Elves vs. Inventors,51,normal,uncommon,en,0.3,EUR,9e6cda07-c6b0-4138-9b83-bff1802fe138,Creature — Human Artificer,{2}{U}{R},4.0,"[""R"",""U""]","[""R"",""U""]","Haste (This creature can attack and {T} as soon as it comes under your control.)
When this creature enters, you may have it deal damage to target creature equal to the number of artifacts you control.",2018-04-06
186,2,Reconstructed Thopter,BRO,The Brothers' War,242,normal,uncommon,en,0.3,EUR,bcc8a8d8-6d8e-44b3-a29b-5fa4a851a25b,Artifact Creature — Thopter,{3},3.0,[],[],"Flying
Unearth {2} ({2}: Return this card from your graveyard to the battlefield. It gains haste. Exile it at the beginning of the next end step or if it would leave the battlefield. Unearth only as a sorcery.)",2022-11-18
865,1,Redtooth Vanguard,WOE,Wilds of Eldraine,180,normal,uncommon,en,0.3,EUR,55271960-b9bd-4bea-93ca-3321bf30be78,Creature — Elf Warrior,{1}{G},2.0,"[""G""]","[""G""]","Trample
Whenever an enchantment you control enters, you may pay {2}. If you do, return this card from your graveyard to your hand.",2023-09-08
1300,1,Reduce to Ashes,M20,Core Set 2020,155,normal,common,en,0.3,EUR,fe580883-cdb1-4783-9feb-1e3bea83d209,Sorcery,{4}{R},5.0,"[""R""]","[""R""]","Reduce to Ashes deals 5 damage to target creature. If that creature would die this turn, exile it instead.",2019-07-12
2091,1,Refuse to Yield,SNC,Streets of New Capenna,27,normal,uncommon,en,0.3,EUR,a7b597b3-5792-49e4-9bcb-74012e4e9cb6,Instant,{1}{W},2.0,"[""W""]","[""W""]",Target creature gets +2/+7 until end of turn. Untap it.,2022-04-29
2092,3,Regent's Authority,NEO,Kamigawa: Neon Dynasty,32,normal,common,en,0.3,EUR,79243e97-fe45-4988-b299-f59a7c53ad31,Instant,{W},1.0,"[""W""]","[""W""]","Target creature gets +2/+2 until end of turn. If it's an enchantment creature or legendary creature, instead put a +1/+1 counter on it and it gets +1/+1 until end of turn.",2022-02-18
2258,2,Reinforced Ronin,NEO,Kamigawa: Neon Dynasty,158,normal,uncommon,en,0.3,EUR,89a18961-8f0b-4e98-9de4-aba97e91ad9a,Artifact Creature — Human Samurai,{R},1.0,"[""R""]","[""R""]","Haste
At the beginning of your end step, return this creature to its owner's hand.
Channel — {1}{R}, Discard this card: Draw a card.",2022-02-18
187,2,Reito Sentinel,NEO,Kamigawa: Neon Dynasty,256,normal,uncommon,en,0.3,EUR,0218923a-b685-4492-8fdd-2d2d22ef532e,Artifact Creature — Construct,{3},3.0,[],[],"Defender
When this creature enters, target player mills three cards. (They put the top three cards of their library into their graveyard.)
{3}: Put target card from a graveyard on the bottom of its owner's library.",2022-02-18
1683,1,Relic Runner,DOM,Dominaria,62,normal,common,en,0.3,EUR,76e5993e-f619-4de5-aa94-7569b0efe415,Creature — Human Rogue,{1}{U},2.0,"[""U""]","[""U""]","This creature can't be blocked if you've cast a historic spell this turn. (Artifacts, legendaries, and Sagas are historic.)",2018-04-27
1684,1,Relm's Sketching,FIN,Final Fantasy,67,normal,uncommon,en,0.3,EUR,6aedac12-3714-4a81-bd4d-1d2555c66f78,Sorcery,{2}{U}{U},4.0,"[""U""]","[""U""]","Create a token that's a copy of target artifact, creature, or land.",2025-06-13
509,1,Rend Spirit,CHK,Champions of Kamigawa,141,normal,common,en,0.3,EUR,100f0235-a7fe-4e23-b154-3d30668a29a7,Instant,{2}{B},3.0,"[""B""]","[""B""]",Destroy target Spirit.,2004-10-01
866,1,Rending Vines,SOK,Saviors of Kamigawa,143,normal,common,en,0.34,EUR,34cf7931-d086-496e-98dc-5daa60e01f5b,Instant — Arcane,{1}{G}{G},3.0,"[""G""]","[""G""]","Destroy target artifact or enchantment if its mana value is less than or equal to the number of cards in your hand.
Draw a card.",2005-06-03
188,1,Renegade Freighter,KLD,Kaladesh,230,normal,common,en,0.3,EUR,7a10e2c3-0132-4eb2-94f0-5915caca2a17,Artifact — Vehicle,{3},3.0,[],[],"Whenever this Vehicle attacks, it gets +1/+1 and gains trample until end of turn.
Crew 2 (Tap any number of creatures you control with total power 2 or more: This Vehicle becomes an artifact creature until end of turn.)",2016-09-30
1301,3,Renegade Tactics,KLD,Kaladesh,127,normal,common,en,0.3,EUR,6c06a39c-68bb-4e65-9a6d-9d9bc745201f,Sorcery,{R},1.0,"[""R""]","[""R""]","Target creature can't block this turn.
Draw a card.",2016-09-30
867,1,Renowned Weaver,JOU,Journey into Nyx,137,normal,common,en,0.3,EUR,240830be-53f8-4f46-a0fb-6ecc439d1349,Creature — Human Shaman,{G},1.0,"[""G""]","[""G""]","{1}{G}, Sacrifice this creature: Create a 1/3 green Spider enchantment creature token with reach. (It can block creatures with flying.)",2014-05-02
2093,1,Repair and Recharge,BRO,The Brothers' War,24,normal,uncommon,en,0.34,EUR,04ff4a4b-4e86-41d1-a6b6-312aac0d3e1a,Sorcery,{3}{W}{W},5.0,"[""W""]","[""W""]","Return target artifact, enchantment, or planeswalker card from your graveyard to the battlefield. Create a tapped Powerstone token. (It's an artifact with ""{T}: Add {C}. This mana can't be spent to cast a nonartifact spell."")",2022-11-18
2094,2,Repel the Vile,NEO,Kamigawa: Neon Dynasty,33,normal,common,en,0.3,EUR,9a37d5b4-af3a-48b0-895f-91b652108ef6,Instant,{3}{W},4.0,"[""W""]","[""W""]","Choose one —
• Exile target creature with power 4 or greater.
• Exile target enchantment.",2022-02-18
2095,1,Reprieve,LTR,The Lord of the Rings: Tales of Middle-earth,26,normal,uncommon,en,1.97,EUR,1bd3fa8a-6c50-4f7f-9ae3-0810eec5e3db,Instant,{1}{W},2.0,"[""W""]","[""W""]","Return target spell to its owner's hand.
Draw a card.",2023-06-23
1685,1,Repulse,CN2,Conspiracy: Take the Crown,119,normal,common,en,0.3,EUR,4dc7777b-6e9e-4889-91da-fb5283340fa1,Instant,{2}{U},3.0,"[""U""]","[""U""]","Return target creature to its owner's hand.
Draw a card.",2016-08-26
2096,1,Requiem Angel,C14,Commander 2014,84,normal,rare,en,0.68,EUR,ad135475-d1f6-4e78-a536-6bf61204c739,Creature — Angel,{5}{W},6.0,"[""W""]","[""W""]","Flying
Whenever another non-Spirit creature you control dies, create a 1/1 white Spirit creature token with flying.",2014-11-07
1686,2,Rescue,DOM,Dominaria,63,normal,common,en,0.3,EUR,08050607-b558-4f99-b716-bbbab54e9b68,Instant,{U},1.0,"[""U""]","[""U""]",Return target permanent you control to its owner's hand.,2018-04-27
1687,4,Research Assistant,M15,Magic 2015,77,normal,common,en,0.3,EUR,4ac8a7c0-d935-4a60-ac32-dde73f5c75da,Creature — Human Wizard,{1}{U},2.0,"[""U""]","[""U""]","{3}{U}, {T}: Draw a card, then discard a card.",2014-07-18
2097,1,Resolute Archangel,M15,Magic 2015,28,normal,rare,en,1.11,EUR,e37b31b8-d868-4dff-9ab0-723ce41ee7e4,Creature — Angel,{5}{W}{W},7.0,"[""W""]","[""W""]","Flying
When this creature enters, if your life total is less than your starting life total, it becomes equal to your starting life total.",2014-07-18
1446,1,Resolute Survivors,HOU,Hour of Devastation,142,normal,uncommon,en,0.3,EUR,713f469e-58c3-4db4-aa7a-77126bda13f2,Creature — Human Warrior,{1}{R}{W},3.0,"[""R"",""W""]","[""R"",""W""]","You may exert this creature as it attacks. (It won't untap during your next untap step.)
Whenever you exert a creature, this creature deals 1 damage to each opponent and you gain 1 life.",2017-07-14
868,1,Resounding Roar,ALA,Shards of Alara,144,normal,common,en,0.3,EUR,217bf237-a758-4500-b221-5e88fed9d0fc,Instant,{1}{G},2.0,"[""G""]","[""G"",""R"",""W""]","Target creature gets +3/+3 until end of turn.
Cycling {5}{R}{G}{W} ({5}{R}{G}{W}, Discard this card: Draw a card.)
When you cycle this card, target creature gets +6/+6 until end of turn.",2008-10-03
510,1,Resounding Scream,ALA,Shards of Alara,83,normal,common,en,0.3,EUR,64d27eb7-2d3b-4daf-9cf6-c254fdacceb0,Sorcery,{2}{B},3.0,"[""B""]","[""B"",""R"",""U""]","Target player discards a card at random.
Cycling {5}{U}{B}{R} ({5}{U}{B}{R}, Discard this card: Draw a card.)
When you cycle this card, target player discards two cards at random.",2008-10-03
2098,1,Resounding Silence,ALA,Shards of Alara,22,normal,common,en,0.3,EUR,5b3b0908-5408-41fd-8e69-2bc785e19304,Instant,{3}{W},4.0,"[""W""]","[""G"",""U"",""W""]","Exile target attacking creature.
Cycling {5}{G}{W}{U} ({5}{G}{W}{U}, Discard this card: Draw a card.)
When you cycle this card, exile up to two target attacking creatures.",2008-10-03
1302,1,Resounding Thunder,ALA,Shards of Alara,110,normal,common,en,0.3,EUR,680b7955-d939-4195-aba8-b46a8c925616,Instant,{2}{R},3.0,"[""R""]","[""B"",""G"",""R""]","Resounding Thunder deals 3 damage to any target.
Cycling {5}{B}{R}{G} ({5}{B}{R}{G}, Discard this card: Draw a card.)
When you cycle this card, it deals 6 damage to any target.",2008-10-03
1688,1,Resounding Wave,ALA,Shards of Alara,54,normal,common,en,0.3,EUR,f3eca679-076d-42f0-9ec0-b8116a94e373,Instant,{2}{U},3.0,"[""U""]","[""B"",""U"",""W""]","Return target permanent to its owner's hand.
Cycling {5}{W}{U}{B} ({5}{W}{U}{B}, Discard this card: Draw a card.)
When you cycle this card, return two target permanents to their owners' hands.",2008-10-03
511,1,Restless Bones,GPT,Guildpact,58,normal,common,en,0.3,EUR,4d11a4f2-376e-42ae-9693-9dc754bd2282,Creature — Skeleton,{2}{B},3.0,"[""B""]","[""B""]","{3}{B}, {T}: Target creature gains swampwalk until end of turn. (It can't be blocked as long as defending player controls a Swamp.)
{1}{B}: Regenerate this creature.",2006-02-03
2357,1,Retched Wretch,ECL,Lorwyn Eclipsed,117,normal,uncommon,en,0.3,EUR,c7a4d7f1-976a-4a28-97a9-ff089a241c9d,Creature — Goblin,{2}{B},3.0,"[""B""]","[""B""]","When this creature dies, if it had a -1/-1 counter on it, return it to the battlefield under its owner's control and it loses all abilities.",2026-01-23
1689,1,Retraction Helix,A25,Masters 25,71,normal,common,en,0.3,EUR,7aa3fdd0-34d8-47b3-9753-d2929838732e,Instant,{U},1.0,"[""U""]","[""U""]","Until end of turn, target creature gains ""{T}: Return target nonland permanent to its owner's hand.""",2018-03-16
1690,2,Retrieve the Esper,FIN,Final Fantasy,68,normal,common,en,0.3,EUR,ebd733f0-8883-434a-b36c-ef76b091fe8e,Sorcery,{3}{U},4.0,"[""U""]","[""U""]","Create a 3/3 blue Robot Warrior artifact creature token. Then if this spell was cast from a graveyard, put two +1/+1 counters on that token.
Flashback {5}{U} (You may cast this card from your graveyard for its flashback cost. Then exile it.)",2025-06-13
2585,2,Retro-Mutation,TMT,Teenage Mutant Ninja Turtles,51,normal,common,en,0.3,EUR,4af284ba-fa54-43c5-8c76-3e1128957452,,,,,,,
2100,1,Return Triumphant,WOE,Wilds of Eldraine,26,normal,common,en,0.3,EUR,f5209c13-9591-48eb-8d6c-112b3bdd429a,Sorcery,{1}{W},2.0,"[""W""]","[""W""]","Return target creature card with mana value 3 or less from your graveyard to the battlefield. Create a Young Hero Role token attached to it. (Enchanted creature has ""Whenever this creature attacks, if its toughness is 3 or less, put a +1/+1 counter on it."" If you put another Role on the creature later, put this one into the graveyard.)",2023-09-08
512,1,Return to Action,NEO,Kamigawa: Neon Dynasty,121,normal,common,en,0.3,EUR,342ec072-e581-490c-b5ae-a625bd35a153,Instant,{1}{B},2.0,"[""B""]","[""B""]","Until end of turn, target creature gets +1/+0 and gains lifelink and ""When this creature dies, return it to the battlefield tapped under its owner's control.""",2022-02-18
869,1,Return to the Earth,BBD,Battlebond,210,normal,common,en,0.3,EUR,0e7a0409-02f1-43c2-b4f1-e7ce7f371789,Instant,{3}{G},4.0,"[""G""]","[""G""]","Destroy target artifact, enchantment, or creature with flying.",2018-06-08
2099,1,Return to the Ranks,M15,Magic 2015,29,normal,rare,en,1.54,EUR,9fccce64-abac-4b90-bbe5-dbba8434b3b4,Sorcery,{X}{W}{W},2.0,"[""W""]","[""W""]","Convoke (Your creatures can help cast this spell. Each creature you tap while casting this spell pays for {1} or one mana of that creature's color.)
Return X target creature cards with mana value 2 or less from your graveyard to the battlefield.",2014-07-18
513,1,Returned Phalanx,A25,Masters 25,106,normal,common,en,0.3,EUR,aeaa1dc6-b2e7-457b-9ad4-d024f21e8888,Creature — Zombie Soldier,{1}{B},2.0,"[""B""]","[""B"",""U""]","Defender
{1}{U}: This creature can attack this turn as though it didn't have defender.",2018-03-16
514,2,Revel Ruiner,SNC,Streets of New Capenna,91,normal,common,en,0.3,EUR,e3fbe7f0-8a91-4832-8953-54ab3669372c,Creature — Octopus Rogue,{3}{B},4.0,"[""B""]","[""B""]","Menace (This creature can't be blocked except by two or more creatures.)
When this creature enters, it connives. (Draw a card, then discard a card. If you discarded a nonland card, put a +1/+1 counter on this creature.)",2022-04-29
2101,1,Revelation of Power,SNC,Streets of New Capenna,28,normal,common,en,0.3,EUR,7e010b11-8f3e-4792-afe4-0a376650b6c4,Instant,{1}{W},2.0,"[""W""]","[""W""]","Target creature gets +2/+2 until end of turn. If it has a counter on it, it also gains flying and lifelink until end of turn.",2022-04-29
2102,2,Revoke Existence,BNG,Born of the Gods,25,normal,common,en,0.3,EUR,597916e4-0294-4911-98e0-6ac5993533ae,Sorcery,{1}{W},2.0,"[""W""]","[""W""]",Exile target artifact or enchantment.,2014-02-07
997,1,"Rhino, Barreling Brute",SPM,Marvel's Spider-Man,140,normal,uncommon,en,0.3,EUR,4b8ac400-1e98-49fc-94be-00386d15f2ae,Legendary Creature — Human Villain,{3}{R}{R}{G}{G},7.0,"[""G"",""R""]","[""G"",""R""]","Vigilance, trample, haste
Whenever Rhino attacks, if you've cast a spell with mana value 4 or greater this turn, draw a card.",2025-09-26
998,1,Rhox Brute,BBD,Battlebond,227,normal,common,en,0.3,EUR,382fba19-78d3-4aa3-9508-c7c1f13e0b33,Creature — Rhino Warrior,{2}{R}{G},4.0,"[""G"",""R""]","[""G"",""R""]",,2018-06-08
870,2,Rhox Maulers,ORI,Magic Origins,196,normal,common,en,0.3,EUR,64c3c972-82f6-46ea-8f9f-090c65c22e44,Creature — Rhino Soldier,{4}{G},5.0,"[""G""]","[""G""]","Trample (This creature can deal excess combat damage to the player or planeswalker it's attacking.)
Renown 2 (When this creature deals combat damage to a player, if it isn't renowned, put two +1/+1 counters on it and it becomes renowned.)",2015-07-17
871,2,Rhox Pummeler,SNC,Streets of New Capenna,155,normal,common,en,0.3,EUR,c99f5b02-16b9-4672-b0ec-f77662e9de76,Creature — Rhino Soldier,{5}{G},6.0,"[""G""]","[""G""]","This creature enters with a shield counter on it. (If it would be dealt damage or destroyed, remove a shield counter from it instead.)
This creature has trample as long as it has a shield counter on it.",2022-04-29
1691,1,Riddleform,HOU,Hour of Devastation,43,normal,uncommon,en,0.3,EUR,8e54dc4a-3fd6-4895-8497-3a19e4e9a3d8,Enchantment,{1}{U},2.0,"[""U""]","[""U""]","Whenever you cast a noncreature spell, you may have this enchantment become a 3/3 Sphinx creature with flying in addition to its other types until end of turn.
{2}{U}: Scry 1. (Look at the top card of your library. You may put that card on the bottom.)",2017-07-14
2103,1,Ride's End,DFT,Aetherdrift,25,normal,common,en,0.3,EUR,2f96b33b-c952-45ac-9626-40169b2bd4ef,Instant,{4}{W},5.0,"[""W""]","[""W""]","This spell costs {3} less to cast if it targets a tapped permanent.
Exile target creature or Vehicle.",2025-02-14
1303,2,Ridge Rannet,ALA,Shards of Alara,111,normal,common,en,0.3,EUR,4275a8dd-f777-4160-b773-9a868e743218,Creature — Beast,{5}{R}{R},7.0,"[""R""]","[""R""]","Cycling {2} ({2}, Discard this card: Draw a card.)",2008-10-03
2104,1,Righteous Blow,GRN,Guilds of Ravnica,23,normal,common,en,0.3,EUR,b4501520-acf4-438f-9e96-4a649875ffdd,Instant,{W},1.0,"[""W""]","[""W""]",Righteous Blow deals 2 damage to target attacking or blocking creature.,2018-10-05
2472,1,Rime Chill,ECL,Lorwyn Eclipsed,64,normal,uncommon,en,0.3,EUR,a9a425f4-2103-4f96-88a0-91fe554037d7,Instant,{6}{U},7.0,"[""U""]","[""U""]","Vivid — This spell costs {1} less to cast for each color among permanents you control.
Tap up to two target creatures. Put a stun counter on each of them. (If a permanent with a stun counter would become untapped, remove one from it instead.)
Draw a card.",2026-01-23
2452,1,Rimekin Recluse,ECL,Lorwyn Eclipsed,66,normal,uncommon,en,0.3,EUR,ba6b5368-3262-4002-bf1e-fce62f7f7901,Creature — Elemental Wizard,{2}{U},3.0,"[""U""]","[""U""]","When this creature enters, return up to one other target creature to its owner's hand.",2026-01-23
1692,1,Ringskipper,LRW,Lorwyn,81,normal,common,en,0.3,EUR,72d3ae1f-5442-4725-a16a-502f13359a85,Creature — Faerie Wizard,{1}{U},2.0,"[""U""]","[""U""]","Flying
When this creature dies, clash with an opponent. If you win, return this card to its owner's hand. (Each clashing player reveals the top card of their library, then puts that card on their choice of the top or bottom. A player wins if their card had a greater mana value.)",2007-10-12
2105,1,Riot Control,DGM,Dragon's Maze,6,normal,common,en,0.3,EUR,d7886607-86db-4221-8752-296104aaaef2,Instant,{2}{W},3.0,"[""W""]","[""W""]",You gain 1 life for each creature your opponents control. Prevent all damage that would be dealt to you this turn.,2013-05-03
872,1,Riparian Tiger,KLD,Kaladesh,167,normal,common,en,0.3,EUR,ccf7e050-9631-431c-bcae-f74d91d537b0,Creature — Cat,{3}{G}{G},5.0,"[""G""]","[""G""]","Trample
When this creature enters, you get {E}{E} (two energy counters).
Whenever this creature attacks, you may pay {E}{E}. If you do, it gets +2/+2 until end of turn.",2016-09-30
515,1,Ripclaw Wrangler,DFT,Aetherdrift,309,normal,common,en,0.3,EUR,6ba1b096-7424-4ce9-8dfd-56a86fe612e4,Artifact — Vehicle,{3}{B},4.0,"[""B""]","[""B""]","When this Vehicle enters, each opponent discards a card.
Crew 2 (Tap any number of creatures you control with total power 2 or more: This Vehicle becomes an artifact creature until end of turn.)",2025-02-14
1813,1,Riptide Crab,BBD,Battlebond,228,normal,common,en,0.3,EUR,cdf9f3fb-40f5-4833-8638-5ddc2ba591f3,Creature — Crab,{1}{W}{U},3.0,"[""U"",""W""]","[""U"",""W""]","Vigilance
When this creature dies, draw a card.",2018-06-08
1693,1,Rise from the Tides,UMA,Ultimate Masters,67,normal,uncommon,en,0.3,EUR,cdbca952-b4e8-4833-aee3-7da8ae82906e,Sorcery,{5}{U},6.0,"[""U""]","[""U""]",Create a tapped 2/2 black Zombie creature token for each instant and sorcery card in your graveyard.,2018-12-07
1694,3,Rise of Eagles,JOU,Journey into Nyx,49,normal,common,en,0.3,EUR,c3b5b278-b883-4703-9bfa-bab5a6da4660,Sorcery,{4}{U}{U},6.0,"[""U""]","[""U""]",Create two 2/2 blue Bird enchantment creature tokens with flying. Scry 1. (Look at the top card of your library. You may put that card on the bottom.),2014-05-02
1304,2,Rise to the Challenge,BNG,Born of the Gods,107,normal,common,en,0.3,EUR,c656ad1b-e85b-4b0c-b538-506afe4a9da5,Instant,{1}{R},2.0,"[""R""]","[""R""]",Target creature gets +2/+0 and gains first strike until end of turn.,2014-02-07
516,1,Risky Research,SPM,Marvel's Spider-Man,62,normal,common,en,0.3,EUR,1f8aa705-6177-42e9-95cb-e7f880c186e3,Sorcery,{2}{B},3.0,"[""B""]","[""B""]","Surveil 2, then draw two cards. You lose 2 life. (To surveil 2, look at the top two cards of your library, then put any number of them into your graveyard and the rest on top of your library in any order.)",2025-09-26
517,1,Risky Shortcut,DFT,Aetherdrift,103,normal,common,en,0.51,EUR,c80aa587-4445-43d7-abc0-654d94ff4cda,Sorcery,{2}{B},3.0,"[""B""]","[""B""]",Draw two cards. Each player loses 2 life.,2025-02-14
518,1,Ritual of the Returned,JOU,Journey into Nyx,80,normal,uncommon,en,0.3,EUR,20bdf00a-e7f1-42f4-997f-388f3b28bf8f,Instant,{3}{B},4.0,"[""B""]","[""B""]",Exile target creature card from your graveyard. Create a black Zombie creature token. Its power is equal to that card's power and its toughness is equal to that card's toughness.,2014-05-02
189,1,Rivendell,LTR,The Lord of the Rings: Tales of Middle-earth,344,normal,rare,en,2.14,EUR,650fa2f4-2916-427c-a0f9-37e2dbe8e1fc,Legendary Land,,0.0,[],"[""U""]","Rivendell enters tapped unless you control a legendary creature.
{T}: Add {U}.
{1}{U}, {T}: Scry 2. Activate only if you control a legendary creature.",2023-06-23
873,1,River Herald Guide,LCI,The Lost Caverns of Ixalan,209,normal,common,en,0.3,EUR,9ea7e323-f329-4928-b25a-c0b44c5ac058,Creature — Merfolk Scout,{2}{G},3.0,"[""G""]","[""G""]","Vigilance
When this creature enters, it explores. (Reveal the top card of your library. Put that card into your hand if it's a land. Otherwise, put a +1/+1 counter on this creature, then put the card back or put it into your graveyard.)",2023-11-17
2252,3,River Hoopoe,HOU,Hour of Devastation,143,normal,uncommon,en,0.3,EUR,585ec4c2-aae2-403e-af32-3324122c472a,Creature — Bird,{G}{U},2.0,"[""G"",""U""]","[""G"",""U""]","Flying
{3}{G}{U}: You gain 2 life and draw a card.",2017-07-14
1695,1,River Kaijin,CHK,Champions of Kamigawa,83,normal,common,en,0.3,EUR,e403cad6-84b0-4a6b-a2d8-cb572ec09932,Creature — Spirit,{2}{U},3.0,"[""U""]","[""U""]",,2004-10-01
2467,1,Riverguard's Reflexes,ECL,Lorwyn Eclipsed,33,normal,common,en,0.3,EUR,88a79f3e-ca74-467c-b0a8-22802ac5b465,Instant,{1}{W},2.0,"[""W""]","[""W""]",Target creature gets +2/+2 and gains first strike until end of turn. Untap it.,2026-01-23
2235,2,Riveteers Charm,SNC,Streets of New Capenna,331,normal,uncommon,en,0.3,EUR,3ca0eb05-95d2-4eba-a3de-0e08739459a3,Instant,{B}{R}{G},3.0,"[""B"",""G"",""R""]","[""B"",""G"",""R""]","Choose one —
• Target opponent sacrifices a creature or planeswalker they control with the greatest mana value among creatures and planeswalkers they control.
• Exile the top three cards of your library. Until your next end step, you may play those cards.
• Exile target player's graveyard.",2022-04-29
874,1,Riveteers Decoy,SNC,Streets of New Capenna,156,normal,uncommon,en,0.3,EUR,2d21701b-6a99-4e1c-82b2-0219f170b09f,Creature — Human Warrior,{1}{G},2.0,"[""G""]","[""G""]","This creature must be blocked if able.
Blitz {3}{G} (If you cast this spell for its blitz cost, it gains haste and ""When this creature dies, draw a card."" Sacrifice it at the beginning of the next end step.)",2022-04-29
1305,1,Riveteers Initiate,SNC,Streets of New Capenna,120,normal,common,en,0.3,EUR,e2e65a50-d2bc-43a0-a9d4-0e846d170f78,Creature — Lizard Citizen,{1}{R},2.0,"[""R""]","[""B"",""G"",""R""]",{1}{B/G}: This creature gains deathtouch until end of turn.,2022-04-29
190,1,Roadside Reliquary,NEO,Kamigawa: Neon Dynasty,272,normal,uncommon,en,0.3,EUR,8002de90-93fb-48ea-a849-40fdad0aef5a,Land,,0.0,[],[],"{T}: Add {C}.
{2}, {T}, Sacrifice this land: Draw a card if you control an artifact. Draw a card if you control an enchantment.",2022-02-18
2536,1,Roamer's Routine,TDM,Tarkir: Dragonstorm,154,foil,common,en,0.42,EUR,fb8c2d5c-ba0c-4d50-8898-5c6574b1e974,,,,,,,
1306,1,Roar of the Crowd,MOR,Morningtide,100,normal,common,en,0.3,EUR,e4b0e072-c51a-4e97-a089-8e5b540355aa,Sorcery,{3}{R},4.0,"[""R""]","[""R""]",Choose a creature type. Roar of the Crowd deals damage to any target equal to the number of permanents you control of the chosen type.,2008-02-01
875,1,Roaring Earth,NEO,Kamigawa: Neon Dynasty,204,normal,uncommon,en,0.85,EUR,8cbdd88e-c532-4fc0-a1fe-8aa0c26d1092,Enchantment,{1}{G},2.0,"[""G""]","[""G""]","Landfall — Whenever a land you control enters, put a +1/+1 counter on target creature or Vehicle you control.
Channel — {X}{G}{G}, Discard this card: Put X +1/+1 counters on target land you control. It becomes a 0/0 green Spirit creature with haste. It's still a land.",2022-02-18
876,3,Roaring Primadox,M15,Magic 2015,196,normal,uncommon,en,0.3,EUR,49f985df-177f-4535-b681-f9bc74045b39,Creature — Beast,{3}{G},4.0,"[""G""]","[""G""]","At the beginning of your upkeep, return a creature you control to its owner's hand.",2014-07-18
191,1,Robot,T40K,"Warhammer 40,000 Tokens",23,normal,common,en,2.57,EUR,319aaaae-1efb-412c-8839-c575a2694485,Token Artifact Creature — Robot,,0.0,[],[],This creature can't block.,2022-10-07
2575,1,Robot,TTMT,Teenage Mutant Ninja Turtles Tokens,10,normal,common,en,,EUR,08497fc5-1c0e-4c3c-a356-bf4b34bd4c45,,,,,,,
1307,1,Roc Hunter,BRO,The Brothers' War,150,normal,common,en,0.3,EUR,5c8b2f2b-6f19-47f7-bb65-00665989bc30,Creature — Human Soldier,{1}{R},2.0,"[""R""]","[""R""]",Reach,2022-11-18
1009,3,"Rocco, Cabaretti Caterer",SNC,Streets of New Capenna,218,normal,uncommon,en,0.3,EUR,b6cf8b35-2a81-40fd-b383-becb81bef806,Legendary Creature — Elf Druid,{X}{R}{G}{W},3.0,"[""G"",""R"",""W""]","[""G"",""R"",""W""]","When Rocco enters, if you cast it, you may search your library for a creature card with mana value X or less, put it onto the battlefield, then shuffle.",2022-04-29
2582,1,"Rocksteady, Crash Courser",TMT,Teenage Mutant Ninja Turtles,131,normal,common,en,0.3,EUR,ebbb5756-80fa-406f-8daa-be1f5a6c3c80,,,,,,,
519,1,Rogue,TUST,Unstable Tokens,7,foil,common,en,0.3,EUR,4b633d7b-6d61-4b1a-8d65-6e1f3d5ffba7,Token Creature — Rogue,,0.0,"[""B""]","[""B""]",Menace,2017-12-08
192,1,Rogue's Gloves,M19,Core Set 2019,243,normal,uncommon,en,0.68,EUR,1c3c7d24-7d5c-49de-b9f8-35c6d6c8c52a,Artifact — Equipment,{2},2.0,[],[],"Whenever equipped creature deals combat damage to a player, you may draw a card.
Equip {2} ({2}: Attach to target creature you control. Equip only as a sorcery.)",2018-07-13
520,1,Rogues' Gallery,SNC,Streets of New Capenna,92,normal,uncommon,en,0.3,EUR,8b9b1fce-585f-442c-99a6-3b9767d68f13,Sorcery,{2}{B},3.0,"[""B""]","[""B""]","For each color, return up to one target creature card of that color from your graveyard to your hand.",2022-04-29
1696,1,Roilmage's Trick,BFZ,Battle for Zendikar,83,normal,common,en,0.3,EUR,d2194713-c08c-4fba-8e31-bb67c9932173,Instant,{3}{U},4.0,"[""U""]","[""U""]","Converge — Creatures your opponents control get -X/-0 until end of turn, where X is the number of colors of mana spent to cast this spell.
Draw a card.",2015-10-02
1308,1,Rollick of Abandon,JOU,Journey into Nyx,108,normal,uncommon,en,0.3,EUR,3f1a80c4-8119-437d-bf5b-549c5679c90a,Sorcery,{3}{R}{R},5.0,"[""R""]","[""R""]",All creatures get +2/-2 until end of turn.,2014-05-02
1309,2,Ronin Houndmaster,CHK,Champions of Kamigawa,184,normal,common,en,0.3,EUR,614ead7b-1975-4a99-bdc2-f8afc6cf92d7,Creature — Human Samurai,{2}{R},3.0,"[""R""]","[""R""]","Haste
Bushido 1 (Whenever this creature blocks or becomes blocked, it gets +1/+1 until end of turn.)",2004-10-01
1697,1,Rooftop Nuisance,SNC,Streets of New Capenna,57,normal,common,en,0.3,EUR,d7a84781-b40c-41e0-a0b9-86e466c9b12d,Sorcery,{2}{U},3.0,"[""U""]","[""U""]","Casualty 1 (As you cast this spell, you may sacrifice a creature with power 1 or greater. When you do, copy this spell and you may choose a new target for the copy.)
Tap target creature. It doesn't untap during its controller's next untap step.
Draw a card.",2022-04-29
2443,1,Rooftop Percher,ECL,Lorwyn Eclipsed,2,normal,common,en,0.3,EUR,2d89595c-1542-41fe-8d23-997522922698,Creature — Shapeshifter,{5},5.0,,,"Changeling (This card is every creature type.)
Flying
When this creature enters, exile up to two target cards from graveyards. You gain 3 life.",2026-01-23
877,1,Root Out,SOI,Shadows over Innistrad,224,normal,common,en,0.3,EUR,ffb04258-d6ab-440c-85d2-05a995aeba2c,Sorcery,{2}{G},3.0,"[""G""]","[""G""]","Destroy target artifact or enchantment.
Investigate. (Create a Clue token. It's an artifact with ""{2}, Sacrifice this token: Draw a card."")",2016-04-08
878,1,Rootwalla,W17,Welcome Deck 2017,27,normal,common,en,0.3,EUR,f5177a97-cf3b-4a82-adc4-14835152880d,Creature — Lizard,{2}{G},3.0,"[""G""]","[""G""]",{1}{G}: This creature gets +2/+2 until end of turn. Activate only once each turn.,2017-04-15
2106,1,"Rosa, Resolute White Mage",FIN,Final Fantasy,555,normal,rare,en,4.29,EUR,c44e0ad6-9f44-4e4c-8c3b-3ee99409a740,Legendary Creature — Human Noble Cleric,{3}{W},4.0,"[""W""]","[""W""]","Reach (This creature can block creatures with flying.)
At the beginning of combat on your turn, put a +1/+1 counter on target creature you control. It gains lifelink until end of turn. (Damage dealt by the creature also causes you to gain that much life.)",2025-06-13
2107,1,Rosie Cotton of South Lane,LTR,The Lord of the Rings: Tales of Middle-earth,27,normal,uncommon,en,0.3,EUR,75338f49-1f02-4333-87e4-5779ef14e688,Legendary Creature — Halfling Peasant,{2}{W},3.0,"[""W""]","[""W""]","When Rosie Cotton enters, create a Food token. (It's an artifact with ""{2}, {T}, Sacrifice this token: You gain 3 life."")
Whenever you create a token, put a +1/+1 counter on target creature you control other than Rosie Cotton.",2023-06-23
521,3,Rotfeaster Maggot,BBD,Battlebond,157,normal,common,en,0.3,EUR,41b5e1d4-2a7e-4d34-8ca7-ba8ccbf8f775,Creature — Insect,{4}{B},5.0,"[""B""]","[""B""]","When this creature enters, exile target creature card from a graveyard. You gain life equal to that card's toughness.",2018-06-08
193,1,Rover Blades,DFT,Aetherdrift,331,normal,uncommon,en,0.3,EUR,5a3b07b7-8d51-428e-a399-61da45529c8f,Artifact — Equipment Vehicle,{3},3.0,[],[],"Double strike
Equipped creature has double strike.
Equip {4}
Crew 2 (Tap any number of creatures you control with total power 2 or more: This Vehicle becomes an artifact creature until end of turn. Creatures can't be attached to other permanents.)",2025-02-14
2292,1,Rowdy Snowballers,TLA,Avatar: The Last Airbender,68,normal,common,en,0.3,EUR,17d71522-b133-4003-b787-0c742a2fd70e,Creature — Human Peasant Ally,{2}{U},3.0,"[""U""]","[""U""]","When this creature enters, tap target creature an opponent controls and put a stun counter on it. (If a permanent with a stun counter would become untapped, remove one from it instead.)",2025-11-21
1310,1,Rubblebelt Recluse,M20,Core Set 2020,334,normal,common,en,0.3,EUR,b0d43107-713d-4ff2-8cbd-237c7393229f,Creature — Ogre Berserker,{4}{R},5.0,"[""R""]","[""R""]",This creature attacks each combat if able.,2019-07-12
2223,2,Rugged Highlands,C19,Commander 2019,271,normal,common,en,0.3,EUR,92e5c392-9b17-4554-ac53-d255112636ee,Land,,0.0,[],"[""G"",""R""]","This land enters tapped.
When this land enters, you gain 1 life.
{T}: Add {R} or {G}.",2019-08-23
2522,1,Rugged Highlands,TDM,Tarkir: Dragonstorm,265,normal,common,en,0.3,EUR,31261eca-28ad-407c-84ef-0c124d0d7451,,,,,,,
2108,1,Ruin-Lurker Bat,LCI,The Lost Caverns of Ixalan,33,normal,uncommon,en,0.3,EUR,d6bedf13-c2bc-4e5d-aba3-3c0d5495a9bb,Creature — Bat,{W},1.0,"[""W""]","[""W""]","Flying, lifelink
At the beginning of your end step, if you descended this turn, scry 1. (You descended if a permanent card was put into your graveyard from anywhere.)",2023-11-17
1311,2,Ruinous Gremlin,KLD,Kaladesh,128,normal,common,en,0.3,EUR,88067bc3-6ec9-4a96-8077-817c57e032d0,Creature — Gremlin,{R},1.0,"[""R""]","[""R""]","{2}{R}, Sacrifice this creature: Destroy target artifact.",2016-09-30
1312,1,Rumbling Rockslide,IKO,Ikoria: Lair of Behemoths,134,normal,common,en,0.3,EUR,96f9aaa7-11c7-4cd0-9803-9471c14ab846,Sorcery,{3}{R},4.0,"[""R""]","[""R""]",Rumbling Rockslide deals damage to target creature equal to the number of lands you control.,2020-04-24
1313,4,Rummaging Goblin,XLN,Ixalan,160,normal,common,en,0.3,EUR,8342ad27-f2cd-47c3-bc30-6fae8523f250,Creature — Goblin Rogue,{2}{R},3.0,"[""R""]","[""R""]","{T}, Discard a card: Draw a card.",2017-09-29
2503,2,Run Away Together,ECL,Lorwyn Eclipsed,67,normal,common,en,0.3,EUR,35c56aff-1f0f-464a-b705-d67803e3d060,Instant,{1}{U},2.0,"[""U""]","[""U""]",Choose two target creatures controlled by different players. Return those creatures to their owners' hands.,2026-01-23
1698,2,Run Out of Town,SNC,Streets of New Capenna,58,normal,common,en,0.3,EUR,7cf00112-0844-49db-a061-d0eb488de68a,Instant,{3}{U},4.0,"[""U""]","[""U""]",The owner of target nonland permanent puts it on their choice of the top or bottom of their library.,2022-04-29
194,1,Runaway Trash-Bot,NEO,Kamigawa: Neon Dynasty,257,normal,uncommon,en,0.3,EUR,3eebf6a6-f1fd-40a1-ac27-367deafa6f2a,Artifact Creature — Construct,{3},3.0,[],[],"Trample
This creature gets +1/+0 for each artifact and/or enchantment card in your graveyard.",2022-02-18
1699,1,Runeboggle,GPT,Guildpact,33,normal,common,en,0.3,EUR,37b2fb23-f8b5-4f83-9b29-b18507acaa1a,Instant,{2}{U},3.0,"[""U""]","[""U""]","Counter target spell unless its controller pays {1}.
Draw a card.",2006-02-03
879,4,Runeclaw Bear,M15,Magic 2015,197,normal,common,en,0.3,EUR,d1995238-79cc-4381-9595-71ef11ea1e36,Creature — Bear,{1}{G},2.0,"[""G""]","[""G""]",,2014-07-18
195,1,Runed Servitor,IMA,Iconic Masters,226,normal,common,en,0.3,EUR,876340a5-2dbd-44e2-bfd6-720f53b7115d,Artifact Creature — Construct,{2},2.0,[],[],"When this creature dies, each player draws a card.",2017-11-17
1700,1,Runewing,RTR,Return to Ravnica,48,normal,common,en,0.3,EUR,749961e6-b135-4629-ae9d-124de0d70db9,Creature — Bird,{3}{U},4.0,"[""U""]","[""U""]","Flying
When this creature dies, draw a card.",2012-10-05
999,1,"Ruric Thar, the Unbowed",GK2,RNA Guild Kit,80,foil,rare,en,2.14,EUR,846b7039-9449-4064-8101-1260c59872a5,Legendary Creature — Ogre Warrior,{4}{R}{G},6.0,"[""G"",""R""]","[""G"",""R""]","Vigilance, reach
Ruric Thar attacks each combat if able.
Whenever a player casts a noncreature spell, Ruric Thar deals 6 damage to that player.",2019-02-15
1701,3,Rush of Ice,BFZ,Battle for Zendikar,84,normal,common,en,0.3,EUR,f9ae6f63-d1b2-4bf9-a423-ed6fbb540d4b,Sorcery,{U},1.0,"[""U""]","[""U""]","Tap target creature. It doesn't untap during its controller's next untap step.
Awaken 3—{4}{U} (If you cast this spell for {4}{U}, also put three +1/+1 counters on target land you control and it becomes a 0/0 Elemental creature with haste. It's still a land.)",2015-10-02
196,1,Rust Goliath,BRO,The Brothers' War,204,normal,common,en,0.3,EUR,8348f73d-4226-4296-9d51-a2c497ee8270,Artifact Creature — Construct,{10},10.0,[],"[""G""]","Prototype {3}{G}{G} — 3/5 (You may cast this spell with different mana cost, color, and size. It keeps its abilities and types.)
Reach, trample",2022-11-18
2295,1,Saber-Tooth Moose-Lion,TLA,Avatar: The Last Airbender,194,normal,common,en,0.3,EUR,b15f302d-c451-4e79-a5af-75ee3ba4cadf,Creature — Elk Cat,{4}{G}{G},6.0,"[""G""]","[""G""]","Reach
Forestcycling {2} ({2}, Discard this card: Search your library for a Forest card, reveal it, put it into your hand, then shuffle.)",2025-11-21
197,2,Sacred Armory,M15,Magic 2015,228,normal,uncommon,en,0.3,EUR,b05fde97-ab24-40c9-a1db-8844c3e62fc3,Artifact,{2},2.0,[],[],{2}: Target creature gets +1/+0 until end of turn.,2014-07-18
880,1,Saddleback Lagac,BBD,Battlebond,211,normal,common,en,0.3,EUR,634f9544-5ac3-4566-aa73-65a3930b559b,Creature — Lizard,{3}{G},4.0,"[""G""]","[""G""]","When this creature enters, support 2. (Put a +1/+1 counter on each of up to two other target creatures.)",2018-06-08
2360,1,Safewright Cavalry,ECL,Lorwyn Eclipsed,191,normal,common,en,0.3,EUR,f7de412a-9731-4bfc-8fbc-c95988a3dd70,Creature — Elf Warrior,{3}{G},4.0,"[""G""]","[""G""]","This creature can't be blocked by more than one creature.
{5}: Target Elf you control gets +2/+2 until end of turn.",2026-01-23
1702,1,Sage of Hours,JOU,Journey into Nyx,50,normal,mythic,en,13.74,EUR,8cb55caf-fc95-40dc-80af-5144f94333ee,Creature — Human Wizard,{1}{U},2.0,"[""U""]","[""U""]","Heroic — Whenever you cast a spell that targets this creature, put a +1/+1 counter on it.
Remove all +1/+1 counters from this creature: For each five counters removed this way, take an extra turn after this one.",2014-05-02
1703,1,Sage's Row Savant,RNA,Ravnica Allegiance,49,normal,common,en,0.3,EUR,d573626b-e7fa-4c31-a3d4-b853adfe787e,Creature — Vedalken Wizard,{1}{U},2.0,"[""U""]","[""U""]","When this creature enters, scry 2.",2019-01-25
881,2,Sagittars' Volley,RNA,Ravnica Allegiance,138,normal,common,en,0.3,EUR,d3104cad-e684-4bd7-b26b-5aa862f7a2b3,Instant,{2}{G},3.0,"[""G""]","[""G""]",Destroy target creature with flying. Sagittars' Volley deals 1 damage to each creature with flying your opponents control.,2019-01-25
2546,1,Sagu Wildling // Roost Seek,TDM,Tarkir: Dragonstorm,157,normal,common,en,0.3,EUR,d8b43b00-f4d1-436c-bf3f-6d414cd4ce38,,,,,,,
1704,1,Sahagin,FIN,Final Fantasy,71,normal,common,en,0.3,EUR,516940c7-c271-4f64-af75-c7ba98548382,Creature — Merfolk Warrior,{1}{U},2.0,"[""U""]","[""U""]","Whenever you cast a noncreature spell, if at least four mana was spent to cast it, put a +1/+1 counter on this creature and it can't be blocked this turn.",2025-06-13
1314,1,Saheeli's Lattice // Mastercraft Raptor,LCI,The Lost Caverns of Ixalan,164,normal,uncommon,en,0.3,EUR,0bdc79c6-1193-46bd-931d-2c2a0381e420,Artifact // Artifact Creature — Dinosaur,,2.0,,"[""R""]",,2023-11-17
1705,1,Saiba Trespassers,NEO,Kamigawa: Neon Dynasty,77,normal,common,en,0.3,EUR,c3dd7f1a-5d43-4218-a9d8-7cc4f6a18ecd,Artifact Creature — Moonfolk Rogue,{4}{U},5.0,"[""U""]","[""U""]","Channel — {3}{U}, Discard this card: Tap up to two target creatures you don't control. Those creatures don't untap during their controller's next untap step.",2022-02-18
1315,1,Salivating Gremlins,KLD,Kaladesh,129,normal,common,en,0.3,EUR,b1e0187a-438f-407c-a0ef-f62517c44994,Creature — Gremlin,{2}{R},3.0,"[""R""]","[""R""]","Whenever an artifact you control enters, this creature gets +2/+0 and gains trample until end of turn.",2016-09-30
198,1,Salvage Drone,BFZ,Battle for Zendikar,65,normal,common,en,0.3,EUR,4b8ce2a9-9d8e-442b-bc12-74545ceb65bd,Creature — Eldrazi Drone,{U},1.0,[],"[""U""]","Devoid (This card has no color.)
Ingest (Whenever this creature deals combat damage to a player, that player exiles the top card of their library.)
When this creature dies, you may draw a card. If you do, discard a card.",2015-10-02
1316,2,Samurai's Katana,FIN,Final Fantasy,154,normal,uncommon,en,0.3,EUR,11f1d378-c78c-402a-ac46-2d32598c23e7,Artifact — Equipment,{2}{R},3.0,"[""R""]","[""R""]","Job select (When this Equipment enters, create a 1/1 colorless Hero creature token, then attach this to it.)
Equipped creature gets +2/+2, has trample and haste, and is a Samurai in addition to its other types.
Murasame — Equip {5}",2025-06-13
2109,1,Samwise the Stouthearted,LTR,The Lord of the Rings: Tales of Middle-earth,449,normal,uncommon,en,0.68,EUR,16891fb5-1388-465c-8d86-97de0ee94ef1,Legendary Creature — Halfling Peasant,{1}{W},2.0,"[""W""]","[""W""]","Flash
When Samwise enters, choose up to one target permanent card in your graveyard that was put there from the battlefield this turn. Return it to your hand. Then the Ring tempts you.",2023-06-23
2110,4,Sanctified Charge,M15,Magic 2015,30,normal,common,en,0.3,EUR,6481bf34-192c-4102-8336-4d2d007d9e3c,Instant,{4}{W},5.0,"[""W""]","[""W""]",Creatures you control get +2/+1 until end of turn. White creatures you control also gain first strike until end of turn. (They deal combat damage before creatures without first strike.),2014-07-18
2111,2,Sanctum Gargoyle,C16,Commander 2016,76,normal,common,en,0.3,EUR,c4cc7983-2454-417f-a817-e1bd663ba3d0,Artifact Creature — Gargoyle,{3}{W},4.0,"[""W""]","[""W""]","Flying
When this creature enters, you may return target artifact card from your graveyard to your hand.",2016-11-11
2112,1,Sanctum Prelate,CN2,Conspiracy: Take the Crown,23,normal,mythic,en,1.97,EUR,1d95a7dd-2803-4164-8979-d7e8e8085ca2,Creature — Human Cleric,{1}{W}{W},3.0,"[""W""]","[""W""]","As this creature enters, choose a number.
Noncreature spells with mana value equal to the chosen number can't be cast.",2016-08-26
199,1,Sandstone Bridge,BFZ,Battle for Zendikar,243,normal,common,en,0.3,EUR,c781e932-4605-47aa-add1-4ee62f4e7ead,Land,,0.0,[],"[""W""]","This land enters tapped.
When this land enters, target creature gets +1/+1 and gains vigilance until end of turn.
{T}: Add {W}.",2015-10-02
522,1,Sanitarium Skeleton,C19,Commander 2019,127,normal,common,en,0.3,EUR,03d77dc9-6f64-4ee8-9441-f0a15e84442f,Creature — Skeleton,{B},1.0,"[""B""]","[""B""]",{2}{B}: Return this card from your graveyard to your hand.,2019-08-23
882,1,Saproling Migration,DOM,Dominaria,178,normal,common,en,0.3,EUR,2578d25e-5f8d-42ff-90ce-4e7d100cbbb6,Sorcery,{1}{G},2.0,"[""G""]","[""G""]","Kicker {4} (You may pay an additional {4} as you cast this spell.)
Create two 1/1 green Saproling creature tokens. If this spell was kicked, create four of those tokens instead.",2018-04-27
1317,3,Sardian Cliffstomper,BRO,The Brothers' War,383,normal,uncommon,en,0.42,EUR,03b86f24-de8c-40f5-9486-119a366c42e1,Creature — Minotaur Barbarian,{1}{R},2.0,"[""R""]","[""R""]","As long as it's your turn and you control four or more Mountains, this creature gets +X/+0, where X is the number of Mountains you control.",2022-11-18
883,1,Satyr Grovedancer,JOU,Journey into Nyx,139,normal,common,en,0.3,EUR,d46febca-f3c0-4467-aef4-4dfcdf3009fe,Creature — Satyr Shaman,{1}{G},2.0,"[""G""]","[""G""]","When this creature enters, put a +1/+1 counter on target creature.",2014-05-02
884,2,Satyr Hedonist,THS,Theros,174,normal,common,en,0.3,EUR,88c67e15-833c-406a-b75f-8de97fbacf5a,Creature — Satyr,{1}{G},2.0,"[""G""]","[""G"",""R""]","{R}, Sacrifice this creature: Add {R}{R}{R}.",2013-09-27
1318,1,Satyr Hoplite,JOU,Journey into Nyx,110,normal,common,en,0.3,EUR,b8754d66-facb-432e-a6c2-91430a6dec94,Creature — Satyr Soldier,{R},1.0,"[""R""]","[""R""]","Heroic — Whenever you cast a spell that targets this creature, put a +1/+1 counter on this creature.",2014-05-02
1319,1,Satyr Nyx-Smith,BNG,Born of the Gods,109,normal,uncommon,en,0.3,EUR,3bc2c65e-3cba-4813-9949-87e15f592247,Creature — Satyr Shaman,{2}{R},3.0,"[""R""]","[""R""]","Haste
Inspired — Whenever this creature becomes untapped, you may pay {2}{R}. If you do, create a 3/1 red Elemental enchantment creature token with haste.",2014-02-07
885,1,Satyr Piper,THS,Theros,175,normal,uncommon,en,0.3,EUR,e244c4d0-2c30-4a56-94bb-0fff9ffe4a6a,Creature — Satyr Rogue,{2}{G},3.0,"[""G""]","[""G""]",{3}{G}: Target creature must be blocked this turn if able.,2013-09-27
1320,4,Satyr Rambler,THS,Theros,139,normal,common,en,0.3,EUR,fabccddd-c0ea-45a5-bebc-d8f858242a2a,Creature — Satyr,{1}{R},2.0,"[""R""]","[""R""]",Trample,2013-09-27
886,6,Satyr Wayfinder,UMA,Ultimate Masters,180,normal,common,en,0.3,EUR,95702caa-c9eb-4538-83ff-3b015c6b1349,Creature — Satyr,{1}{G},2.0,"[""G""]","[""G""]","When this creature enters, reveal the top four cards of your library. You may put a land card from among them into your hand. Put the rest into your graveyard.",2018-12-07
615,1,"Sauron, the Lidless Eye",LTR,The Lord of the Rings: Tales of Middle-earth,396,normal,mythic,en,34.37,EUR,6b80de80-8b4e-46e2-9145-b9f3031d32d7,Legendary Creature — Avatar Horror,{3}{B}{R},5.0,"[""B"",""R""]","[""B"",""R""]","When Sauron enters, gain control of target creature an opponent controls until end of turn. Untap it. It gains haste until end of turn.
{1}{B}{R}: Creatures you control get +2/+0 until end of turn. Each opponent loses 2 life.",2023-06-23
523,1,"Sauron, the Necromancer",LTR,The Lord of the Rings: Tales of Middle-earth,106,normal,rare,en,0.51,EUR,377d65d8-21c8-4292-97db-610e0173ba59,Legendary Creature — Avatar Horror,{3}{B}{B},5.0,"[""B""]","[""B""]","Menace
Whenever Sauron attacks, exile target creature card from your graveyard. Create a tapped and attacking token that's a copy of that card, except it's a 3/3 black Wraith with menace. At the beginning of the next end step, exile that token unless Sauron is your Ring-bearer.",2023-06-23
887,1,Savage Hunger,ALA,Shards of Alara,147,normal,common,en,0.3,EUR,0367fac8-6990-4544-ac7d-ed363b55a9cf,Enchantment — Aura,{2}{G},3.0,"[""G""]","[""G""]","Enchant creature
Enchanted creature gets +1/+0 and has trample.
Cycling {2} ({2}, Discard this card: Draw a card.)",2008-10-03
1000,1,Savage Smash,RNA,Ravnica Allegiance,203,normal,common,en,0.3,EUR,4ca942d7-a3a3-429f-a159-fc2363d9bca6,Sorcery,{1}{R}{G},3.0,"[""G"",""R""]","[""G"",""R""]",Target creature you control gets +2/+2 until end of turn. It fights target creature you don't control. (Each deals damage equal to its power to the other.),2019-01-25
2113,1,Saving Grace,HOU,Hour of Devastation,21,normal,uncommon,en,1.11,EUR,9ac7b2d8-7702-4b8c-84ed-1d785dea5cc5,Enchantment — Aura,{1}{W},2.0,"[""W""]","[""W""]","Flash
Enchant creature you control
When this Aura enters, all damage that would be dealt this turn to you and permanents you control is dealt to enchanted creature instead.
Enchanted creature gets +0/+3.",2017-07-14
524,1,Savor,BLB,Bloomburrow,109,normal,common,en,0.3,EUR,1397f689-dca1-4d35-864b-92c5606afb9a,Instant,{1}{B},2.0,"[""B""]","[""B""]","Target creature gets -2/-2 until end of turn. Create a Food token. (It's an artifact with ""{2}, {T}, Sacrifice this token: You gain 3 life."")",2024-08-02
1321,1,Sazacap's Brew,BLB,Bloomburrow,151,normal,common,en,0.34,EUR,6d963080-b3ec-467d-82f7-39db6ecd6bbc,Instant,{1}{R},2.0,"[""R""]","[""R""]","Gift a tapped Fish (You may promise an opponent a gift as you cast this spell. If you do, they create a tapped 1/1 blue Fish creature token before its other effects.)
As an additional cost to cast this spell, discard a card.
Target player draws two cards. If the gift was promised, target creature you control gets +2/+0 until end of turn.",2024-08-02
2356,1,Scarblade Scout,ECL,Lorwyn Eclipsed,118,normal,common,en,0.3,EUR,c2412fea-4591-4345-913f-edc2da9ad975,Creature — Elf Scout,{1}{B},2.0,"[""B""]","[""B""]","Lifelink
When this creature enters, mill two cards. (Put the top two cards of your library into your graveyard.)",2026-01-23
2413,1,Scarblade's Malice,ECL,Lorwyn Eclipsed,119,normal,common,en,0.3,EUR,aea9b5c0-3b32-44be-9773-566b9daafa6b,Instant,{B},1.0,"[""B""]","[""B""]","Target creature you control gains deathtouch and lifelink until end of turn. When that creature dies this turn, create a 2/2 black and green Elf creature token.",2026-01-23
2114,1,Scholar of Athreos,THS,Theros,28,normal,common,en,0.3,EUR,95a36e06-39f3-47d0-b6a9-43728afceb4a,Creature — Human Cleric,{2}{W},3.0,"[""W""]","[""B"",""W""]",{2}{B}: Each opponent loses 1 life. You gain life equal to the life lost this way.,2013-09-27
1706,2,Scholar of Stars,M19,Core Set 2019,71,normal,common,en,0.3,EUR,cb4664d4-fb00-4572-a60d-00336117b8a5,Creature — Human Artificer,{3}{U},4.0,"[""U""]","[""U""]","When this creature enters, if you control an artifact, draw a card.",2018-07-13
200,1,Scion Summoner,OGW,Oath of the Gatewatch,123,normal,common,en,0.3,EUR,826a882e-c4bd-4132-b797-9e1aa2d0bce4,Creature — Eldrazi Drone,{2}{G},3.0,[],"[""G""]","Devoid (This card has no color.)
When this creature enters, create a 1/1 colorless Eldrazi Scion creature token. It has ""Sacrifice this token: Add {C}."" ({C} represents colorless mana.)",2016-01-22
1322,1,Scorching Dragonfire,ELD,Throne of Eldraine,139,normal,common,en,0.3,EUR,3b74a806-ed74-458e-8903-d3d084e9f507,Instant,{1}{R},2.0,"[""R""]","[""R""]","Scorching Dragonfire deals 3 damage to target creature or planeswalker. If that creature or planeswalker would die this turn, exile it instead.",2019-10-04
201,3,Scoured Barrens,M20,Core Set 2020,251,normal,common,en,0.3,EUR,3b9edd33-a64e-4526-a89f-edd31ac4b175,Land,,0.0,[],"[""B"",""W""]","This land enters tapped.
When this land enters, you gain 1 life.
{T}: Add {W} or {B}.",2019-07-12
1323,1,Scouring Sands,BNG,Born of the Gods,110,normal,common,en,0.3,EUR,273f25fc-9c9f-4b73-a28b-1461d8fcd443,Sorcery,{1}{R},2.0,"[""R""]","[""R""]",Scouring Sands deals 1 damage to each creature your opponents control. Scry 1. (Look at the top card of your library. You may put that card on the bottom.),2014-02-07
202,1,Scrapwork Rager,BRO,The Brothers' War,123,normal,common,en,0.3,EUR,e28de770-7975-4aa9-b656-e7dbe6bff290,Artifact Creature — Phyrexian Horror,{4},4.0,[],"[""B""]","When this creature enters, you draw a card and you lose 1 life.
Unearth {3}{B} ({3}{B}: Return this card from your graveyard to the battlefield. It gains haste. Exile it at the beginning of the next end step or if it would leave the battlefield. Unearth only as a sorcery.)",2022-11-18
1324,5,Scrapyard Mongrel,M15,Magic 2015,160,normal,common,en,0.3,EUR,eb00bd3a-833e-4226-a73e-17c9043c0994,Creature — Dog,{3}{R},4.0,"[""R""]","[""R""]","As long as you control an artifact, this creature gets +2/+0 and has trample. (It can deal excess combat damage to the player or planeswalker it's attacking.)",2014-07-18
203,1,Scuttling Butler,SNC,Streets of New Capenna,244,normal,uncommon,en,0.3,EUR,0edbece0-8444-4634-a47b-7c88d1b8325e,Artifact Creature — Construct,{3},3.0,[],[],"At the beginning of combat on your turn, if you control two or more multicolored permanents, this creature gains double strike until end of turn.",2022-04-29
525,1,Scuttling Death,MM2,Modern Masters 2015,94,normal,common,en,0.3,EUR,7f68a90c-1afb-43d3-aed2-4704f4599e75,Creature — Spirit,{4}{B},5.0,"[""B""]","[""B""]","Sacrifice this creature: Target creature gets -1/-1 until end of turn.
Soulshift 4 (When this creature dies, you may return target Spirit card with mana value 4 or less from your graveyard to your hand.)",2015-05-22
1325,2,Scytheclaw Raptor,LCI,The Lost Caverns of Ixalan,323,normal,uncommon,en,0.34,EUR,467ffe37-f466-4eea-8efc-50b53e2c27da,Creature — Dinosaur,{2}{R},3.0,"[""R""]","[""R""]","Whenever a player casts a spell, if it's not their turn, this creature deals 4 damage to them.",2023-11-17
1707,1,Seagraf Skaab,SOI,Shadows over Innistrad,84,normal,common,en,0.3,EUR,065d497d-5cfd-43c9-8c86-9a1da3d7e17e,Creature — Zombie,{1}{U},2.0,"[""U""]","[""U""]",,2016-04-08
1814,2,Search Warrant,RTR,Return to Ravnica,193,normal,common,en,0.3,EUR,d55f625a-6e9e-40ba-ae46-cf6bafc0a41b,Sorcery,{W}{U},2.0,"[""U"",""W""]","[""U"",""W""]",Target player reveals their hand. You gain life equal to the number of cards in that player's hand.,2012-10-05
204,1,Searchlight Companion,NEO,Kamigawa: Neon Dynasty,258,normal,common,en,0.3,EUR,0b79b30e-e7aa-490e-b130-de7533e6e13b,Artifact Creature — Drone,{3},3.0,[],[],"Flying
When this creature enters, create a 1/1 colorless Spirit creature token.",2022-02-18
888,1,Season of Renewal,NEO,Kamigawa: Neon Dynasty,205,normal,common,en,0.3,EUR,841f0ec2-94c7-4cec-94bb-b365084ca45f,Instant,{2}{G},3.0,"[""G""]","[""G""]","Choose one or both —
• Return target creature card from your graveyard to your hand.
• Return target enchantment card from your graveyard to your hand.",2022-02-18
2115,1,Second Breakfast,LTR,The Lord of the Rings: Tales of Middle-earth,29,normal,common,en,0.3,EUR,002f647a-25f8-461b-8617-52674f5d577c,Instant,{2}{W},3.0,"[""W""]","[""W""]","Up to two target creatures each get +2/+1 until end of turn. Create a Food token. (It's an artifact with ""{2}, {T}, Sacrifice this token: You gain 3 life."")",2023-06-23
1001,1,Security Rhox,SNC,Streets of New Capenna,220,normal,uncommon,en,0.3,EUR,0050dd40-9a18-41e4-97e6-fce5bf220ccf,Creature — Rhino Warrior,{2}{R}{G},4.0,"[""G"",""R""]","[""G"",""R""]",You may pay {R}{G} rather than pay this spell's mana cost. Spend only mana produced by Treasures to cast it this way.,2022-04-29
889,1,Sedge Scorpion,M20,Core Set 2020,192,normal,common,en,0.3,EUR,9864f811-db2e-4d6d-ad59-a491a790bdd4,Creature — Scorpion,{G},1.0,"[""G""]","[""G""]",Deathtouch (Any amount of damage this deals to a creature is enough to destroy it.),2019-07-12
890,1,Seek the Wilds,GNT,Game Night,49,normal,common,en,0.3,EUR,4ac58ffa-a9ea-4bc3-bd43-76b0764742bb,Sorcery,{1}{G},2.0,"[""G""]","[""G""]",Look at the top four cards of your library. You may reveal a creature or land card from among them and put it into your hand. Put the rest on the bottom of your library in any order.,2018-11-16
891,2,Seeker of Sunlight,LCI,The Lost Caverns of Ixalan,210,normal,common,en,0.3,EUR,ffcdb10f-4bad-4f89-8e7c-daa5c0c69230,Creature — Merfolk Scout,{G},1.0,"[""G""]","[""G""]","{2}{G}: This creature explores. Activate only as a sorcery. (Reveal the top card of your library. Put that card into your hand if it's a land. Otherwise, put a +1/+1 counter on this creature, then put the card back or put it into your graveyard.)",2023-11-17
205,1,Seer's Lantern,C18,Commander 2018,220,normal,common,en,0.3,EUR,9bc4aaf3-328d-4cb5-b9e7-128e12a88313,Artifact,{3},3.0,[],[],"{T}: Add {C}.
{2}, {T}: Scry 1. (Look at the top card of your library. You may put that card on the bottom.)",2018-08-10
1326,1,Seething Pathblazer,MOR,Morningtide,101,normal,common,en,0.3,EUR,4971a447-29c8-47b6-863c-f13a69b4148b,Creature — Elemental Warrior,{2}{R},3.0,"[""R""]","[""R""]",Sacrifice an Elemental: This creature gets +2/+0 and gains first strike until end of turn.,2008-02-01
1327,1,Seismic Elemental,GNT,Game Night,41,normal,uncommon,en,0.3,EUR,998e5964-b758-413e-8360-4df4cb119f58,Creature — Elemental,{3}{R}{R},5.0,"[""R""]","[""R""]","When this creature enters, creatures without flying can't block this turn.",2018-11-16
2273,1,Seismic Sense,TLA,Avatar: The Last Airbender,195,normal,uncommon,en,0.3,EUR,a7b93c2a-c478-4734-8aca-03f3e9c11b20,Sorcery — Lesson,{G},1.0,"[""G""]","[""G""]","Look at the top X cards of your library, where X is the number of lands you control. You may reveal a creature or land card from among them and put it into your hand. Put the rest on the bottom of your library in a random order.",2025-11-21
1328,1,Seismic Strike,M15,Magic 2015,280,normal,common,en,0.3,EUR,972d0b03-8602-4ada-86b9-4262941bae67,Instant,{2}{R},3.0,"[""R""]","[""R""]",Seismic Strike deals damage to target creature equal to the number of Mountains you control.,2014-07-18
1329,1,Seismic Wave,NEO,Kamigawa: Neon Dynasty,161,normal,uncommon,en,0.3,EUR,e55b8ffb-c2e4-4676-9051-ff6c686cad0b,Instant,{2}{R},3.0,"[""R""]","[""R""]",Seismic Wave deals 2 damage to any target and 1 damage to each nonartifact creature target opponent controls.,2022-02-18
2116,1,Seized from Slumber,DSK,Duskmourn: House of Horror,28,normal,common,en,0.3,EUR,24456083-0c76-46c5-9b18-8d468702df69,Instant,{4}{W},5.0,"[""W""]","[""W""]","This spell costs {3} less to cast if it targets a tapped creature.
Destroy target creature.",2024-09-27
2224,2,Selesnya Guildgate,GRN,Guilds of Ravnica,256,normal,common,en,0.3,EUR,ee1db693-5dd9-48de-8520-014d9ad5b596,Land — Gate,,0.0,[],"[""G"",""W""]","This land enters tapped.
{T}: Add {G} or {W}.",2018-10-05
206,2,Selesnya Locket,GRN,Guilds of Ravnica,240,normal,common,en,0.3,EUR,ea0c04b9-c7fc-4204-9af2-5d1987bdd97e,Artifact,{3},3.0,[],"[""G"",""W""]","{T}: Add {G} or {W}.
{G/W}{G/W}{G/W}{G/W}, {T}, Sacrifice this artifact: Draw two cards.",2018-10-05
207,2,Self-Assembler,A25,Masters 25,231,normal,common,en,0.3,EUR,d86ba613-29bd-45d8-b5ed-f8fe8323fe75,Artifact Creature — Assembly-Worker,{5},5.0,[],[],"When this creature enters, you may search your library for an Assembly-Worker creature card, reveal it, put it into your hand, then shuffle.",2018-03-16
1708,1,Self-Reflection,LCI,The Lost Caverns of Ixalan,74,normal,uncommon,en,0.3,EUR,1242203d-c9b5-4ab6-802e-e222f92291e9,Sorcery,{4}{U}{U},6.0,"[""U""]","[""U""]","Create a token that's a copy of target creature you control.
Flashback {3}{U} (You may cast this card from your graveyard for its flashback cost. Then exile it.)",2023-11-17
2117,5,Selfless Cathar,M15,Magic 2015,31,normal,common,en,0.3,EUR,3366f6c3-3899-4585-b6d2-24406703cf34,Creature — Human Cleric,{W},1.0,"[""W""]","[""W""]","{1}{W}, Sacrifice this creature: Creatures you control get +1/+1 until end of turn.",2014-07-18
526,1,Sengir Vampire,W17,Welcome Deck 2017,19,normal,uncommon,en,0.3,EUR,cc232770-2cbb-4fff-95d0-3acad5b79ae6,Creature — Vampire,{3}{B}{B},5.0,"[""B""]","[""B""]","Flying (This creature can't be blocked except by creatures with flying or reach.)
Whenever a creature dealt damage by this creature this turn dies, put a +1/+1 counter on this creature.",2017-04-15
643,1,Sentry of the Underworld,THS,Theros,202,normal,uncommon,en,0.3,EUR,018a9c98-1cb4-4c53-a765-c15808c4ab44,Creature — Griffin Skeleton,{3}{W}{B},5.0,"[""B"",""W""]","[""B"",""W""]","Flying, vigilance
{W}{B}, Pay 3 life: Regenerate this creature.",2013-09-27
527,3,Sephiroth's Intervention,FIN,Final Fantasy,116,normal,common,en,0.3,EUR,cf7df82f-937a-443f-813f-2bcc6944c5c0,Instant,{3}{B},4.0,"[""B""]","[""B""]",Destroy target creature. You gain 2 life.,2025-06-13
629,1,"Sephiroth, Planet's Heir",FIN,Final Fantasy,553,foil,mythic,en,0.85,EUR,abd73e52-62f0-4e89-9dc6-90ff0bc2a9b7,Legendary Creature — Human Avatar Soldier,{4}{U}{B},6.0,"[""B"",""U""]","[""B"",""U""]","Vigilance (Attacking doesn't cause this creature to tap.)
When Sephiroth enters, creatures your opponents control get -2/-2 until end of turn.
Whenever a creature an opponent controls dies, put a +1/+1 counter on Sephiroth.",2025-06-13
2118,2,Seraph of the Masses,M15,Magic 2015,32,normal,uncommon,en,0.3,EUR,36c857a8-7df6-4a50-ae58-4aab76d7d58c,Creature — Angel,{5}{W}{W},7.0,"[""W""]","[""W""]","Convoke (Your creatures can help cast this spell. Each creature you tap while casting this spell pays for {1} or one mana of that creature's color.)
Flying
Seraph of the Masses's power and toughness are each equal to the number of creatures you control.",2014-07-18
2119,2,Seraph of the Sword,M14,Magic 2014,31,normal,rare,en,0.85,EUR,d9789cac-5774-4f72-82c3-18f11f9d4a62,Creature — Angel,{3}{W},4.0,"[""W""]","[""W""]","Flying
Prevent all combat damage that would be dealt to this creature.",2013-07-19
2120,2,Sergeant-at-Arms,DOM,Dominaria,32,normal,common,en,0.3,EUR,8f70b1ee-47b6-4904-850d-8ea8064bd27d,Creature — Human Soldier,{2}{W},3.0,"[""W""]","[""W""]","Kicker {2}{W} (You may pay an additional {2}{W} as you cast this spell.)
When this creature enters, if it was kicked, create two 1/1 white Soldier creature tokens.",2018-04-27
892,1,Serpent Skin,PSAL,Salvat 2005,44,normal,common,en,0.0,EUR,4820dfc3-a28d-4b15-ab52-bd3e69bf8422,Enchantment — Aura,{2}{G},3.0,"[""G""]","[""G""]","Flash
Enchant creature
Enchanted creature gets +1/+1.
{G}: Regenerate enchanted creature.",2005-08-22
2121,2,Serra Angel,GNT,Game Night,16,normal,uncommon,en,0.3,EUR,88e29f9c-8ef8-4c04-a7d8-69ec52e6c4b5,Creature — Angel,{3}{W}{W},5.0,"[""W""]","[""W""]","Flying
Vigilance (Attacking doesn't cause this creature to tap.)",2018-11-16
2122,1,Serra Disciple,DOM,Dominaria,34,normal,common,en,0.3,EUR,8359c3a8-d826-4326-a899-9f60ca774308,Creature — Bird Cleric,{1}{W},2.0,"[""W""]","[""W""]","Flying, first strike
Whenever you cast a historic spell, this creature gets +1/+1 until end of turn. (Artifacts, legendaries, and Sagas are historic.)",2018-04-27
528,1,Servant of Nefarox,M13,Magic 2013,108,normal,common,en,0.3,EUR,e00a2b22-a473-44ae-919f-29bc8be05543,Creature — Human Cleric,{2}{B},3.0,"[""B""]","[""B""]","Exalted (Whenever a creature you control attacks alone, that creature gets +1/+1 until end of turn.)",2012-07-13
893,3,Setessan Starbreaker,BNG,Born of the Gods,139,normal,common,en,0.3,EUR,03af8b3b-a897-43e2-a87d-833da93edc41,Creature — Human Warrior,{3}{G},4.0,"[""G""]","[""G""]","When this creature enters, you may destroy target Aura.",2014-02-07
2123,2,Seven-Tail Mentor,NEO,Kamigawa: Neon Dynasty,313,normal,common,en,0.3,EUR,267efff1-cbe6-40b0-959e-72b81cbda1d0,Creature — Fox Samurai,{3}{W},4.0,"[""W""]","[""W""]","When this creature enters or dies, put a +1/+1 counter on target creature or Vehicle you control.",2022-02-18
1709,2,Sewer Crocodile,SNC,Streets of New Capenna,60,normal,common,en,0.3,EUR,a06ac58b-6d72-4eb4-a1c9-61b5314c7769,Creature — Crocodile,{5}{U},6.0,"[""U""]","[""U""]",{3}{U}: This creature can't be blocked this turn. This ability costs {3} less to activate if there are five or more mana values among cards in your graveyard.,2022-04-29
529,1,Seymour Flux,FIN,Final Fantasy,452,normal,rare,en,1.71,EUR,8fc42c17-a12b-42db-bb01-3e444ac2a376,Legendary Creature — Spirit Avatar,{4}{B},5.0,"[""B""]","[""B""]","At the beginning of your upkeep, you may pay 1 life. If you do, draw a card and put a +1/+1 counter on Seymour Flux.",2025-06-13
2124,1,Shadow Glider,BFZ,Battle for Zendikar,47,normal,common,en,0.3,EUR,b4ffaf62-2e12-4b1d-a590-f63aacb4a30b,Creature — Kor Soldier,{2}{W},3.0,"[""W""]","[""W""]",Flying,2015-10-02
644,1,Shadow Summoning,LTR,The Lord of the Rings: Tales of Middle-earth,226,normal,uncommon,en,0.3,EUR,ec0984b2-bed6-41b1-9087-2cfd16749037,Sorcery,{W}{B},2.0,"[""B"",""W""]","[""B"",""W""]",Create two tapped 1/1 white Spirit creature tokens with flying.,2023-06-23
530,3,Shadowcloak Vampire,M15,Magic 2015,113,normal,common,en,0.3,EUR,4b4911e9-01e6-4c41-9f2a-dfc25bedb2f7,Creature — Vampire,{4}{B},5.0,"[""B""]","[""B""]",Pay 2 life: This creature gains flying until end of turn. (It can't be blocked except by creatures with flying or reach.),2014-07-18
531,1,Shadowfeed,ALA,Shards of Alara,86,normal,common,en,0.3,EUR,19ccd8c7-7472-47df-9d3e-1b5fb1431118,Instant,{B},1.0,"[""B""]","[""B""]",Exile target card from a graveyard. You gain 3 life.,2008-10-03
894,5,Shaman of Spring,M15,Magic 2015,199,normal,common,en,0.3,EUR,8e974df6-d78a-43ea-ada5-17c53fcca97b,Creature — Elf Shaman,{3}{G},4.0,"[""G""]","[""G""]","When this creature enters, draw a card.",2014-07-18
532,3,Shambling Cie'th,FIN,Final Fantasy,117,normal,uncommon,en,0.3,EUR,f02ce338-4fe2-44b0-a896-3ed7e6c874a3,Creature — Mutant Horror,{2}{B},3.0,"[""B""]","[""B""]","This creature enters tapped.
Whenever you cast a noncreature spell, you may pay {B}. If you do, return this card from your graveyard to your hand.",2025-06-13
533,1,Shambling Ghoul,BBD,Battlebond,159,normal,common,en,0.3,EUR,95a52cb8-e02f-477a-adb6-2bfb7836c704,Creature — Zombie,{1}{B},2.0,"[""B""]","[""B""]",This creature enters tapped.,2018-06-08
208,1,Shard of Broken Glass,SOI,Shadows over Innistrad,262,normal,common,en,0.3,EUR,7a4924d7-f787-474b-beca-3b369903485c,Artifact — Equipment,{1},1.0,[],[],"Equipped creature gets +1/+0.
Whenever equipped creature attacks, you may mill two cards.
Equip {1} ({1}: Attach to target creature you control. Equip only as a sorcery.)",2016-04-08
2125,1,Shardmage's Rescue,DSK,Duskmourn: House of Horror,29,normal,uncommon,en,0.59,EUR,aed0cafa-d701-4e1f-9773-abcf817c244c,Enchantment — Aura,{W},1.0,"[""W""]","[""W""]","Flash
Enchant creature you control
As long as this Aura entered this turn, enchanted creature has hexproof.
Enchanted creature gets +1/+1.",2024-09-27
534,1,Shatter the Oath,WOE,Wilds of Eldraine,106,normal,common,en,0.3,EUR,cc79f0f7-0a09-4a74-b2b9-cc1ce608d89f,Sorcery,{3}{B}{B},5.0,"[""B""]","[""B""]","Destroy target creature or enchantment. Create a Wicked Role token attached to up to one target creature you control. (If you control another Role on it, put that one into the graveyard. Enchanted creature gets +1/+1. When this token is put into a graveyard, each opponent loses 1 life.)",2023-09-08
2238,2,Shattered Seraph,SNC,Streets of New Capenna,333,normal,common,en,0.3,EUR,de23dfcb-9e17-42bf-9a86-f9e3ce8b4b9c,Creature — Angel Rogue,{4}{W}{U}{B},7.0,"[""B"",""U"",""W""]","[""B"",""U"",""W""]","Flying
When this creature enters, you gain 3 life.
{2}, Exile this card from your hand: Target land gains ""{T}: Add {W}, {U}, or {B}"" until this card is cast from exile. You may cast this card for as long as it remains exiled.",2022-04-29
1330,1,Shatterskull Recruit,BFZ,Battle for Zendikar,155,normal,common,en,0.3,EUR,c8add5f2-4ccf-4505-86f6-cc36aff1c3fe,Creature — Giant Warrior Ally,{3}{R}{R},5.0,"[""R""]","[""R""]",Menace (This creature can't be blocked except by two or more creatures.),2015-10-02
2126,1,Sheer Drop,BFZ,Battle for Zendikar,48,normal,common,en,0.3,EUR,75c85fa4-862d-4f94-9531-b62775838ab9,Sorcery,{2}{W},3.0,"[""W""]","[""W""]","Destroy target tapped creature.
Awaken 3—{5}{W} (If you cast this spell for {5}{W}, also put three +1/+1 counters on target land you control and it becomes a 0/0 Elemental creature with haste. It's still a land.)",2015-10-02
535,1,Shelob's Ambush,LTR,The Lord of the Rings: Tales of Middle-earth,108,normal,common,en,0.3,EUR,25e69fa8-7339-4bfa-8e35-9cbfe0001d8b,Instant,{B},1.0,"[""B""]","[""B""]","Target creature gets +1/+2 and gains deathtouch until end of turn. Create a Food token. (It's an artifact with ""{2}, {T}, Sacrifice this token: You gain 3 life."")",2023-06-23
209,1,Shield of Kaldra,PDST,Darksteel Promos,139★,foil,rare,en,10.31,EUR,d4e7f7e1-779e-46f1-afe5-ff0232b30dba,Legendary Artifact — Equipment,{4},4.0,[],[],"Equipment named Sword of Kaldra, Shield of Kaldra, and Helm of Kaldra have indestructible.
Equipped creature has indestructible. (Damage and effects that say ""destroy"" don't destroy it.)
Equip {4}",2004-01-24
1710,1,Shimmer of Possibility,RNA,Ravnica Allegiance,51,normal,common,en,0.3,EUR,76e3092d-2422-438c-b5dd-bf8eca33a76e,Sorcery,{1}{U},2.0,"[""U""]","[""U""]",Look at the top four cards of your library. Put one of them into your hand and the rest on the bottom of your library in a random order.,2019-01-25
2427,1,Shimmerwilds Growth,ECL,Lorwyn Eclipsed,194,normal,uncommon,en,0.3,EUR,c122719c-f0d1-4170-a0d1-d62172df1d21,Enchantment — Aura,{1}{G},2.0,"[""G""]","[""G""]","Enchant land
As this Aura enters, choose a color.
Enchanted land is the chosen color.
Whenever enchanted land is tapped for mana, its controller adds an additional one mana of the chosen color.",2026-01-23
536,1,Shinen of Fear's Chill,SOK,Saviors of Kamigawa,88,normal,common,en,0.3,EUR,762499b4-4b4f-456e-8a03-2de300b2db5e,Creature — Spirit,{4}{B},5.0,"[""B""]","[""B""]","This creature can't block.
Channel — {1}{B}, Discard this card: Target creature can't block this turn.",2005-06-03
1711,1,Shinen of Flight's Wings,SOK,Saviors of Kamigawa,57,normal,common,en,0.3,EUR,67cdad5d-5979-4bbd-90a4-00173d23707b,Creature — Spirit,{4}{U},5.0,"[""U""]","[""U""]","Flying
Channel — {U}, Discard this card: Target creature gains flying until end of turn.",2005-06-03
1331,1,Shinen of Fury's Fire,PSAL,Salvat 2005,42,normal,common,en,0.0,EUR,3e64b21e-8559-4a51-bafd-a54510e2f2d9,Creature — Spirit,{2}{R},3.0,"[""R""]","[""R""]","Haste
Channel — {R}, Discard this card: Target creature gains haste until end of turn.",2005-08-22
895,2,Shinen of Life's Roar,ARC,Archenemy,69,normal,common,en,1.97,EUR,dad82af4-f004-4716-a17b-66a1ee31e128,Creature — Spirit,{1}{G},2.0,"[""G""]","[""G""]","All creatures able to block this creature do so.
Channel — {2}{G}{G}, Discard this card: All creatures able to block target creature this turn do so.",2010-06-18
2127,1,Shinen of Stars' Light,SOK,Saviors of Kamigawa,28,normal,common,en,0.3,EUR,64cd3ee0-d893-4346-98b6-7d7896ad7663,Creature — Spirit,{2}{W},3.0,"[""W""]","[""W""]","First strike
Channel — {1}{W}, Discard this card: Target creature gains first strike until end of turn.",2005-06-03
537,3,Shinra Reinforcements,FIN,Final Fantasy,118,normal,common,en,0.3,EUR,7367b257-1a8c-4593-a307-7116e36e0342,Creature — Human Soldier,{2}{B},3.0,"[""B""]","[""B""]","When this creature enters, mill three cards and you gain 3 life. (To mill three cards, put the top three cards of your library into your graveyard.)",2025-06-13
1712,1,Shipwreck Sentry,LCI,The Lost Caverns of Ixalan,75,normal,common,en,0.3,EUR,814803bc-72cd-46db-b957-4322f2a7b28a,Creature — Human Pirate,{1}{U},2.0,"[""U""]","[""U""]","Defender
As long as an artifact entered the battlefield under your control this turn, this creature can attack as though it didn't have defender.",2023-11-17
630,1,Shipwreck Singer,CN2,Conspiracy: Take the Crown,206,normal,uncommon,en,0.3,EUR,6e38de33-b2f1-40f4-bf3c-2ebc738cf8ad,Creature — Siren,{U}{B},2.0,"[""B"",""U""]","[""B"",""U""]","Flying
{1}{U}: Target creature an opponent controls attacks this turn if able.
{1}{B}, {T}: Attacking creatures get -1/-1 until end of turn.",2016-08-26
210,2,Shire Terrace,LTR,The Lord of the Rings: Tales of Middle-earth,261,normal,common,en,0.3,EUR,25932483-58cd-4ae5-82bf-ab455177d117,Land,,0.0,[],[],"{T}: Add {C}.
{1}, {T}, Sacrifice this land: Search your library for a basic land card, put it onto the battlefield tapped, then shuffle.",2023-06-23
1332,2,Shivan Dragon,M20,Core Set 2020,335,normal,rare,en,0.42,EUR,227cf1b5-f85b-41fe-be98-66e383652039,Creature — Dragon,{4}{R}{R},6.0,"[""R""]","[""R""]","Flying
{R}: This creature gets +1/+0 until end of turn.",2019-07-12
211,1,Shivan Reef,DDU,Duel Decks: Elves vs. Inventors,70,normal,rare,en,0.68,EUR,ae4c9315-41f9-4264-ae6b-c0d9ed6287ca,Land,,0.0,[],"[""R"",""U""]","{T}: Add {C}.
{T}: Add {U} or {R}. This land deals 1 damage to you.",2018-04-06
1333,1,Shock,M20,Core Set 2020,160,normal,common,en,0.3,EUR,3c866bdb-ff94-4f3f-8429-e72c2cbb94ef,Instant,{R},1.0,"[""R""]","[""R""]",Shock deals 2 damage to any target.,2019-07-12
2524,1,Shocking Sharpshooter,TDM,Tarkir: Dragonstorm,121,normal,uncommon,en,0.34,EUR,4a10342d-ca04-4d1e-bca9-79f531951a16,,,,,,,
2456,1,Shore Lurker,ECL,Lorwyn Eclipsed,34,normal,common,en,0.3,EUR,bb353c27-e311-4677-9277-cab6820562ce,Creature — Merfolk Scout,{3}{W},4.0,"[""W""]","[""W""]","Flying
When this creature enters, surveil 1. (Look at the top card of your library. You may put it into your graveyard.)",2026-01-23
538,1,Shore Snapper,ALA,Shards of Alara,87,normal,common,en,0.3,EUR,157e5763-4892-47e4-8fd5-f576844c0a0d,Creature — Beast,{2}{B},3.0,"[""B""]","[""B"",""U""]",{U}: This creature gains islandwalk until end of turn. (It can't be blocked as long as defending player controls an Island.),2008-10-03
1713,2,Short Circuit,NEO,Kamigawa: Neon Dynasty,78,normal,common,en,0.3,EUR,74fe0fb5-e994-41b1-a73d-4e68f7afdf34,Enchantment — Aura,{1}{U},2.0,"[""U""]","[""U""]","Flash
Enchant artifact or creature
As long as enchanted permanent is a creature, it gets -3/-0 and loses flying.",2022-02-18
212,1,Short Sword,DOM,Dominaria,229,normal,common,en,0.3,EUR,cb79a623-21c3-4310-bc76-310935511d45,Artifact — Equipment,{1},1.0,[],[],"Equipped creature gets +1/+1.
Equip {1} ({1}: Attach to target creature you control. Equip only as a sorcery.)",2018-04-27
1334,2,Shrapnel Blast,DDU,Duel Decks: Elves vs. Inventors,48,normal,uncommon,en,0.34,EUR,ae1c5afc-81b4-438a-928e-0b0aefae191a,Instant,{1}{R},2.0,"[""R""]","[""R""]","As an additional cost to cast this spell, sacrifice an artifact.
Shrapnel Blast deals 5 damage to any target.",2018-04-06
2507,1,"Shredder, Unrelenting",TMT,Teenage Mutant Ninja Turtles,74,normal,uncommon,en,0.3,EUR,88a48867-5c65-483c-92b0-f70c53ea2a9e,,,,,,,
896,1,Shredding Winds,THS,Theros,178,normal,common,en,0.3,EUR,33f36143-85b6-412c-8c79-053728b45c25,Instant,{2}{G},3.0,"[""G""]","[""G""]",Shredding Winds deals 7 damage to target creature with flying.,2013-09-27
2128,1,Shrieking Grotesque,GPT,Guildpact,15,normal,common,en,0.3,EUR,3c221f01-b094-41c7-bb5f-eef97cbf584e,Creature — Gargoyle,{2}{W},3.0,"[""W""]","[""B"",""W""]","Flying
When this creature enters, if {B} was spent to cast it, target player discards a card.",2006-02-03
539,1,Shrike Harpy,BNG,Born of the Gods,83,normal,uncommon,en,0.3,EUR,1c2b1eeb-6cc9-48a7-a068-afa1011c45f2,Creature — Harpy,{3}{B}{B},5.0,"[""B""]","[""B""]","Flying
Tribute 2 (As this creature enters, an opponent of your choice may put two +1/+1 counters on it.)
When this creature enters, if tribute wasn't paid, target opponent sacrifices a creature of their choice.",2014-02-07
213,1,Shrine Steward,NEO,Kamigawa: Neon Dynasty,259,normal,common,en,0.3,EUR,75e8d71c-3a0b-4042-a0f7-e99e92a79dc2,Artifact Creature — Construct,{5},5.0,[],[],"When this creature enters, you may search your library for an Aura or Shrine card, reveal it, put it into your hand, then shuffle.",2022-02-18
1335,1,Sibling Rivalry,BRO,The Brothers' War,152,normal,common,en,0.3,EUR,c44b24de-60b4-4855-9111-f1237f71bc4d,Sorcery,{3}{R},4.0,"[""R""]","[""R""]","Gain control of target artifact or creature until end of turn. Untap it. It gains haste until end of turn. Create a tapped Powerstone token. (It's an artifact with ""{T}: Add {C}. This mana can't be spent to cast a nonartifact spell."")",2022-11-18
1336,1,Siege Dragon,M15,Magic 2015,162,normal,rare,en,0.59,EUR,12dc18f7-f4d4-421e-869e-c2e7598a9c77,Creature — Dragon,{5}{R}{R},7.0,"[""R""]","[""R""]","Flying
When this creature enters, destroy all Walls your opponents control.
Whenever this creature attacks, if defending player controls no Walls, it deals 2 damage to each creature without flying that player controls.",2014-07-18
897,6,Siege Wurm,GRN,Guilds of Ravnica,144,normal,common,en,0.3,EUR,2d1dfd96-8e17-4ba8-b786-a5cc0ae2ff2d,Creature — Wurm,{5}{G}{G},7.0,"[""G""]","[""G""]","Convoke (Your creatures can help cast this spell. Each creature you tap while casting this spell pays for {1} or one mana of that creature's color.)
Trample",2018-10-05
1714,1,Sift Through Sands,DDS,Duel Decks: Mind vs. Might,9,normal,common,en,0.3,EUR,c1fd8a97-1c97-45fe-8c06-013a1f528919,Instant — Arcane,{1}{U}{U},3.0,"[""U""]","[""U""]","Draw two cards, then discard a card.
If you've cast a spell named Peer Through Depths and a spell named Reach Through Mists this turn, you may search your library for a card named The Unspeakable, put it onto the battlefield, then shuffle.",2017-03-31
898,2,Sifter Wurm,HOU,Hour of Devastation,135,normal,uncommon,en,0.3,EUR,5dbaf7e3-e2fc-4399-aa83-c13df43008a0,Creature — Wurm,{5}{G}{G},7.0,"[""G""]","[""G""]","Trample
When this creature enters, scry 3, then reveal the top card of your library. You gain life equal to that card's mana value.",2017-07-14
2129,1,Sighted-Caste Sorcerer,ALA,Shards of Alara,26,normal,common,en,0.3,EUR,d07e2d4c-a33b-42b1-9576-2269d137a868,Creature — Human Wizard Sorcerer,{1}{W},2.0,"[""W""]","[""U"",""W""]","Exalted (Whenever a creature you control attacks alone, that creature gets +1/+1 until end of turn.)
{U}: This creature gains shroud until end of turn. (It can't be the target of spells or abilities.)",2008-10-03
214,1,Sigil of Valor,ORI,Magic Origins,239,normal,uncommon,en,0.3,EUR,f134f242-cbb5-4a3d-bfd4-46e8b8669b4b,Artifact — Equipment,{2},2.0,[],[],"Whenever equipped creature attacks alone, it gets +1/+1 until end of turn for each other creature you control.
Equip {1} ({1}: Attach to target creature you control. Equip only as a sorcery.)",2015-07-17
1715,1,Sigiled Starfish,C18,Commander 2018,102,normal,uncommon,en,0.3,EUR,69b3df55-f664-4922-9bc8-ab227d87da53,Creature — Starfish,{1}{U},2.0,"[""U""]","[""U""]",{T}: Scry 1. (Look at the top card of your library. You may put that card on the bottom.),2018-08-10
540,5,Sign in Blood,CM2,Commander Anthology Volume II,77,normal,common,en,0.85,EUR,61388c28-9428-473c-973a-0a82b6b83d62,Sorcery,{B}{B},2.0,"[""B""]","[""B""]",Target player draws two cards and loses 2 life.,2018-06-08
1716,1,Silburlind Snapper,SOI,Shadows over Innistrad,85,normal,common,en,0.3,EUR,d7347f4c-a4b3-4c71-91e5-699475e5926e,Creature — Turtle,{5}{U},6.0,"[""U""]","[""U""]",This creature can't attack unless you've cast a noncreature spell this turn.,2016-04-08
2130,1,Silent Artisan,THS,Theros,31,normal,common,en,0.3,EUR,dce5647d-1546-4eff-a2a2-9e9ef26db533,Creature — Giant,{3}{W}{W},5.0,"[""W""]","[""W""]",,2013-09-27
1717,1,Silent Observer,SOI,Shadows over Innistrad,86,normal,common,en,0.3,EUR,535e3d1b-b71b-406a-bec6-73b2cb45f6c8,Creature — Spirit,{3}{U},4.0,"[""U""]","[""U""]",Flying,2016-04-08
2131,1,Silent Sentinel,C18,Commander 2018,75,normal,rare,en,0.42,EUR,73798b01-fcbc-4dc0-9fde-6a618da185f2,Creature — Archon,{5}{W}{W},7.0,"[""W""]","[""W""]","Flying
Whenever this creature attacks, you may return target enchantment card from your graveyard to the battlefield.",2018-08-10
899,1,Silhana Ledgewalker,PCA,Planechase Anthology,77,normal,common,en,0.34,EUR,8ad3bdce-c0fa-4b5f-af14-7452b683960f,Creature — Elf Rogue,{1}{G},2.0,"[""G""]","[""G""]","Hexproof (This creature can't be the target of spells or abilities your opponents control.)
This creature can't be blocked except by creatures with flying.",2016-11-25
900,1,Silken Strength,DFT,Aetherdrift,180,normal,common,en,0.3,EUR,ce0e1ded-9b00-4d7b-884c-70a429783b1f,Enchantment — Aura,{1}{G},2.0,"[""G""]","[""G""]","Flash
Enchant creature or Vehicle
When this Aura enters, untap enchanted permanent.
Enchanted permanent gets +1/+2 and has reach.",2025-02-14
541,1,Silumgar Butcher,DTK,Dragons of Tarkir,122,normal,common,en,0.3,EUR,40cb67f7-b4e1-423b-8f55-d44ed383e778,Creature — Zombie Djinn,{4}{B},5.0,"[""B""]","[""B""]","Exploit (When this creature enters, you may sacrifice a creature.)
When this creature exploits a creature, target creature gets -3/-3 until end of turn.",2015-03-27
1718,1,Silvergill Douser,LRW,Lorwyn,87,normal,common,en,0.34,EUR,8875c883-8d56-406b-bd89-42199a6e79f5,Creature — Merfolk Wizard,{1}{U},2.0,"[""U""]","[""U""]","{T}: Target creature gets -X/-0 until end of turn, where X is the number of Merfolk and/or Faeries you control.",2007-10-12
2377,1,Silvergill Peddler,ECL,Lorwyn Eclipsed,70,normal,common,en,0.3,EUR,feba2bb6-6005-4ade-a4c5-97bbd54b43a3,Creature — Merfolk Citizen,{2}{U},3.0,"[""U""]","[""U""]","Whenever this creature becomes tapped, draw a card, then discard a card.",2026-01-23
1337,2,Simian Sling,NEO,Kamigawa: Neon Dynasty,163,normal,common,en,0.3,EUR,37a00f95-d563-4d51-a5f2-af139261921a,Artifact Creature — Equipment Monkey,{R},1.0,"[""R""]","[""R""]","Equipped creature gets +1/+1.
Whenever this creature or equipped creature becomes blocked, it deals 1 damage to defending player.
Reconfigure {2} ({2}: Attach to target creature you control; or unattach from a creature. Reconfigure only as a sorcery. While attached, this isn't a creature.)",2022-02-18
215,1,Simic Guildgate,C19,Commander 2019,275,normal,common,en,0.3,EUR,d4e7b715-38c5-406f-883c-9c174f87944e,Land — Gate,,0.0,[],"[""G"",""U""]","This land enters tapped.
{T}: Add {G} or {U}.",2019-08-23
542,3,Sink into Takenuma,SOK,Saviors of Kamigawa,89,normal,common,en,0.3,EUR,d519df1b-0c81-4d0d-85c6-2a288c6fa269,Sorcery — Arcane,{3}{B},4.0,"[""B""]","[""B""]",Sweep — Return any number of Swamps you control to their owner's hand. Target player discards a card for each Swamp returned this way.,2005-06-03
1719,1,Sinuous Benthisaur,LCI,The Lost Caverns of Ixalan,76,normal,uncommon,en,0.3,EUR,7a58639c-001f-4cb1-89fd-0a0967b86977,Creature — Dinosaur,{5}{U},6.0,"[""U""]","[""U""]","When this creature enters, look at the top X cards of your library, where X is the number of Caves you control plus the number of Cave cards in your graveyard. Put two of those cards into your hand and the rest on the bottom of your library in a random order.",2023-11-17
1720,1,Sinuous Striker,HOU,Hour of Devastation,45,normal,uncommon,en,0.3,EUR,ed2b97d1-3e69-4305-b1df-947ff64c5043,Creature — Snake Warrior,{2}{U},3.0,"[""U""]","[""U""]","{U}: This creature gets +1/-1 until end of turn.
Eternalize—{3}{U}{U}, Discard a card. ({3}{U}{U}, Discard a card, Exile this card from your graveyard: Create a token that's a copy of it, except it's a 4/4 black Zombie Snake Warrior with no mana cost. Eternalize only as a sorcery.)",2017-07-14
543,1,Sip of Hemlock,THS,Theros,106,normal,common,en,0.3,EUR,22051427-9b2a-4571-8c9f-ee84d8d0e4d1,Sorcery,{4}{B}{B},6.0,"[""B""]","[""B""]",Destroy target creature. Its controller loses 2 life.,2013-09-27
616,2,Sire of Insanity,DGM,Dragon's Maze,104,normal,rare,en,0.51,EUR,3665cfb7-51b6-4083-8eae-fbd3fa6c3554,Creature — Demon,{4}{B}{R},6.0,"[""B"",""R""]","[""B"",""R""]","At the beginning of each end step, each player discards their hand.",2013-05-03
1721,1,Siren of the Fanged Coast,BNG,Born of the Gods,50,normal,uncommon,en,0.3,EUR,5ba93d9a-94cd-4d90-860a-f567793a5be4,Creature — Siren,{3}{U}{U},5.0,"[""U""]","[""U""]","Flying
Tribute 3 (As this creature enters, an opponent of your choice may put three +1/+1 counters on it.)
When this creature enters, if tribute wasn't paid, gain control of target creature.",2014-02-07
2439,1,Sizzling Changeling,ECL,Lorwyn Eclipsed,155,normal,uncommon,en,0.3,EUR,e58f0722-9ad1-4952-9aee-ea8137c58911,Creature — Shapeshifter,{2}{R},3.0,"[""R""]","[""R""]","Changeling (This card is every creature type.)
When this creature dies, exile the top card of your library. Until the end of your next turn, you may play that card.",2026-01-23
1338,3,Sizzling Soloist,SNC,Streets of New Capenna,123,normal,uncommon,en,0.3,EUR,958dfd59-7dbd-45e0-b6e1-e432c78b6878,Creature — Human Citizen,{3}{R},4.0,"[""R""]","[""R""]","Alliance — Whenever another creature you control enters, target creature an opponent controls can't block this turn. If this is the second time this ability has resolved this turn, that creature attacks during its controller's next combat phase if able.",2022-04-29
901,1,Skarrgan Pit-Skulk,GK2,RNA Guild Kit,84,normal,common,en,0.3,EUR,eb483ff0-7641-4f79-bd85-5003a8718848,Creature — Human Warrior,{G},1.0,"[""G""]","[""G""]","Bloodthirst 1 (If an opponent was dealt damage this turn, this creature enters with a +1/+1 counter on it.)
Creatures with power less than this creature's power can't block it.",2019-02-15
2568,1,Skateboard,TMT,Teenage Mutant Ninja Turtles,178,normal,uncommon,en,0.68,EUR,deadb6d8-3eea-4261-a07c-8536df89e85c,,,,,,,
544,1,Skeletal Kathari,ALA,Shards of Alara,88,normal,common,en,0.3,EUR,a3e7e593-e5b0-4348-b8e5-20173d41aa39,Creature — Bird Skeleton,{4}{B},5.0,"[""B""]","[""B""]","Flying
{B}, Sacrifice a creature: Regenerate this creature.",2008-10-03
1339,1,Skewer Slinger,WOE,Wilds of Eldraine,149,normal,common,en,0.3,EUR,e78e50ca-d27b-45db-91fa-7fef3cad16d0,Creature — Dwarf Knight,{1}{R},2.0,"[""R""]","[""R""]","Reach
Whenever this creature blocks or becomes blocked by a creature, this creature deals 1 damage to that creature.",2023-09-08
1340,1,Skewer the Critics,RNA,Ravnica Allegiance,115,normal,common,en,0.3,EUR,97295660-6bea-46ae-9a3b-0fc6abba407f,Sorcery,{2}{R},3.0,"[""R""]","[""R""]","Spectacle {R} (You may cast this spell for its spectacle cost rather than its mana cost if an opponent lost life this turn.)
Skewer the Critics deals 3 damage to any target.",2019-01-25
1341,1,Skirk Prospector,DOM,Dominaria,144,normal,common,en,0.34,EUR,1636d138-aa63-476f-a930-41b1be988032,Creature — Goblin,{R},1.0,"[""R""]","[""R""]",Sacrifice a Goblin: Add {R}.,2018-04-27
1722,1,Skitter Eel,RNA,Ravnica Allegiance,53,normal,common,en,0.3,EUR,db328f03-7dae-445b-8e71-99dd88f26a9e,Creature — Fish Crab,{3}{U},4.0,"[""U""]","[""U""]","{2}{U}: Adapt 2. (If this creature has no +1/+1 counters on it, put two +1/+1 counters on it.)",2019-01-25
216,1,Skittering Precursor,MH3,Modern Horizons 3,137,normal,uncommon,en,0.3,EUR,a3a3b943-7b38-4316-87d9-15e0c08abea5,Creature — Eldrazi Drone,{2}{R},3.0,[],"[""R""]","Devoid (This card has no color.)
Menace
Whenever you sacrifice a nontoken permanent, create a 0/1 colorless Eldrazi Spawn creature token with ""Sacrifice this token: Add {C}.""",2024-06-14
2132,4,Sky Crier,SNC,Streets of New Capenna,31,normal,common,en,0.3,EUR,98e01fa9-9127-4250-94f1-39e71cc3c2bc,Creature — Bird Citizen,{1}{W},2.0,"[""W""]","[""W""]","Flying, lifelink
{3}{W}: You and target opponent each draw a card.",2022-04-29
217,1,Sky Skiff,KLD,Kaladesh,233,normal,common,en,0.3,EUR,cf4a4939-130b-40d7-8a0f-e31eb931d2d5,Artifact — Vehicle,{2},2.0,[],[],"Flying
Crew 1 (Tap any number of creatures you control with total power 1 or more: This Vehicle becomes an artifact creature until end of turn.)",2016-09-30
218,2,Skybridge Towers,SNC,Streets of New Capenna,354,normal,common,en,0.3,EUR,b906bdba-534c-4f47-b00b-bb93f92774cd,Land,,0.0,[],"[""U"",""W""]","This land enters tapped.
{T}: Add {W} or {U}.
{2}{W}{U}, {T}, Sacrifice this land: Draw a card.",2022-04-29
219,1,Skyline Cascade,BFZ,Battle for Zendikar,246,normal,common,en,0.3,EUR,29b0027d-c232-4cdd-89c4-75947687aa71,Land,,0.0,[],"[""U""]","This land enters tapped.
When this land enters, target creature an opponent controls doesn't untap during its controller's next untap step.
{T}: Add {U}.",2015-10-02
2133,1,Skyline Scout,GRN,Guilds of Ravnica,25,normal,common,en,0.3,EUR,b052b641-fce9-45c1-a15b-1e22f1a64e4d,Creature — Human Scout,{1}{W},2.0,"[""W""]","[""W""]","Whenever this creature attacks, you may pay {1}{W}. If you do, it gains flying until end of turn.",2018-10-05
1815,1,Skymark Roc,GK2,RNA Guild Kit,20,normal,uncommon,en,0.3,EUR,6359a633-dd81-47ad-a4fb-bf5c5fda06a9,Creature — Bird,{2}{W}{U},4.0,"[""U"",""W""]","[""U"",""W""]","Flying
Whenever this creature attacks, you may return target creature defending player controls with toughness 2 or less to its owner's hand.",2019-02-15
1342,3,Skyraker Giant,ORI,Magic Origins,162,normal,uncommon,en,0.3,EUR,c5f0d87a-8f37-4598-9106-c3545dadf6fd,Creature — Giant,{2}{R}{R},4.0,"[""R""]","[""R""]",Reach (This creature can block creatures with flying.),2015-07-17
1018,1,Skyserpent Seeker,DFT,Aetherdrift,224,normal,uncommon,en,0.51,EUR,8dbd9fc0-c0df-4119-a0d3-2e1790998c21,Creature — Snake,{G}{U},2.0,"[""G"",""U""]","[""G"",""U""]","Flying, deathtouch
Exhaust — {4}: Reveal cards from the top of your library until you reveal two land cards. Put those land cards onto the battlefield tapped and the rest on the bottom of your library in a random order. Put a +1/+1 counter on this creature. (Activate each exhaust ability only once.)",2025-02-14
902,1,Skysnare Spider,ORI,Magic Origins,197,normal,uncommon,en,0.3,EUR,f1743227-94fd-44c0-884d-fa269bcfd67d,Creature — Spider,{4}{G}{G},6.0,"[""G""]","[""G""]","Vigilance (Attacking doesn't cause this creature to tap.)
Reach (This creature can block creatures with flying.)",2015-07-17
1723,2,Skyswimmer Koi,NEO,Kamigawa: Neon Dynasty,79,normal,common,en,0.3,EUR,db50259b-8ca8-4fbe-8ae3-6b0312d70980,Creature — Fish,{3}{U},4.0,"[""U""]","[""U""]","Flying
Whenever an artifact you control enters, you may draw a card. If you do, discard a card.",2022-02-18
2134,2,Slash of Light,FIN,Final Fantasy,32,normal,common,en,0.3,EUR,da6d9529-3cb0-4adc-8209-b9b02db3bf54,Instant,{1}{W},2.0,"[""W""]","[""W""]",Slash of Light deals damage equal to the number of creatures you control plus the number of Equipment you control to target creature.,2025-06-13
2577,1,"Slash, Reptile Rampager",TMT,Teenage Mutant Ninja Turtles,108,normal,rare,en,2.15,EUR,025aafbc-5b24-4f5b-9b4a-81f6b9cb5ef3,,,,,,,
903,1,Slavering Branchsnapper,DSK,Duskmourn: House of Horror,198,normal,common,en,0.3,EUR,5ed7ca4d-5895-4074-8315-656363d14862,Creature — Lizard,{4}{G}{G},6.0,"[""G""]","[""G""]","Trample
Forestcycling {2} ({2}, Discard this card: Search your library for a Forest card, reveal it, put it into your hand, then shuffle.)",2024-09-27
1724,1,Sleep with the Fishes,SNC,Streets of New Capenna,61,normal,uncommon,en,0.3,EUR,3742a0fb-4b86-49d6-b6fb-bd6a42fa1bcb,Enchantment — Aura,{2}{U}{U},4.0,"[""U""]","[""U""]","Enchant creature
When this Aura enters, tap enchanted creature and you create a 1/1 blue Fish creature token with ""This token can't be blocked.""
Enchanted creature doesn't untap during its controller's untap step.",2022-04-29
2135,1,Slith Ascendant,MRD,Mirrodin,23,normal,uncommon,en,0.3,EUR,0286b42a-295b-467c-a1d8-0b31774b7ac5,Creature — Slith,{1}{W}{W},3.0,"[""W""]","[""W""]","Flying
Whenever this creature deals combat damage to a player, put a +1/+1 counter on it.",2003-10-02
2561,1,Slithering Cryptid,TMT,Teenage Mutant Ninja Turtles,168,normal,common,en,0.3,EUR,6d35cb39-8832-4cf1-be73-8de49fbea529,,,,,,,
220,1,Sludge Crawler,BFZ,Battle for Zendikar,98,normal,common,en,0.3,EUR,9782b463-0677-40f4-ab2c-4c3ff19f1168,Creature — Eldrazi Drone,{B},1.0,[],"[""B""]","Devoid (This card has no color.)
Ingest (Whenever this creature deals combat damage to a player, that player exiles the top card of their library.)
{2}: This creature gets +1/+1 until end of turn.",2015-10-02
2136,1,Slumbering Keepguard,WOE,Wilds of Eldraine,29,normal,common,en,0.3,EUR,d7f41ae2-ebc6-439f-95af-c34818a3f4e6,Creature — Human Knight,{W},1.0,"[""W""]","[""W""]","Whenever an enchantment you control enters, scry 1.
{2}{W}: This creature gets +1/+1 until end of turn for each enchantment you control.",2023-09-08
2460,1,Slumbering Walker,ECL,Lorwyn Eclipsed,35,normal,rare,en,0.42,EUR,81e82915-e734-4754-829f-f5da6a7c550d,Creature — Giant Warrior,{3}{W}{W},5.0,"[""W""]","[""W""]","This creature enters with two -1/-1 counters on it.
At the beginning of your end step, you may remove a counter from this creature. When you do, return target creature card with power 2 or less from your graveyard to the battlefield.",2026-01-23
1343,1,Smelt,M19,Core Set 2019,158,normal,common,en,0.3,EUR,9a13293d-89a7-400c-8309-9f62eeb4769c,Instant,{R},1.0,"[""R""]","[""R""]",Destroy target artifact.,2018-07-13
2137,2,Smite the Monstrous,BFZ,Battle for Zendikar,49,normal,common,en,0.3,EUR,766aad27-e987-45ab-82aa-e5f44fcc34ef,Instant,{3}{W},4.0,"[""W""]","[""W""]",Destroy target creature with power 4 or greater.,2015-10-02
1344,1,Smokebraider,MM2,Modern Masters 2015,125,normal,common,en,0.3,EUR,bf6090f5-dfee-4c3f-8257-7707fb6abf2c,Creature — Elemental Shaman,{1}{R},2.0,"[""R""]","[""R""]",{T}: Add two mana in any combination of colors. Spend this mana only to cast Elemental spells or activate abilities of Elementals.,2015-05-22
904,2,Snake of the Golden Grove,BNG,Born of the Gods,141,normal,common,en,0.3,EUR,08b10bd7-3f8b-426f-acdf-5a9559b9bc7d,Creature — Snake,{4}{G},5.0,"[""G""]","[""G""]","Tribute 3 (As this creature enters, an opponent of your choice may put three +1/+1 counters on it.)
When this creature enters, if tribute wasn't paid, you gain 4 life.",2014-02-07
2532,1,Snakeskin Veil,TDM,Tarkir: Dragonstorm,159,normal,common,en,0.34,EUR,a3d2c692-7566-468e-9c86-47a9f768fde2,,,,,,,
1725,1,Snapping Drake,M20,Core Set 2020,318,normal,common,en,0.3,EUR,ef46580c-a204-4b0b-8526-2310b1ca32b4,Creature — Drake,{3}{U},4.0,"[""U""]","[""U""]",Flying (This creature can't be blocked except by creatures with flying or reach.),2019-07-12
905,1,Snapping Gnarlid,BFZ,Battle for Zendikar,190,normal,common,en,0.3,EUR,834409e3-134e-4a34-89cb-53e2a039e980,Creature — Beast,{1}{G},2.0,"[""G""]","[""G""]","Landfall — Whenever a land you control enters, this creature gets +1/+1 until end of turn.",2015-10-02
221,1,Snare Thopter,GNT,Game Night,57,normal,uncommon,en,0.3,EUR,52b0ba0d-078e-4f54-81da-88f86227df4f,Artifact Creature — Thopter,{4},4.0,[],[],"Flying, haste",2018-11-16
545,1,Snarling Warg,LTR,The Lord of the Rings: Tales of Middle-earth,109,normal,common,en,0.3,EUR,a1ad561c-ccb4-480a-88a4-0555d0ef245e,Creature — Wolf,{3}{B},4.0,"[""B""]","[""B""]","Menace (This creature can't be blocked except by two or more creatures.)
As long as you control a Goblin or Orc, this creature gets +1/+0.",2023-06-23
631,1,Snooping Newsie,SNC,Streets of New Capenna,222,normal,common,en,0.3,EUR,bed1e957-3df1-4640-9980-783817826602,Creature — Human Rogue,{U}{B},2.0,"[""B"",""U""]","[""B"",""U""]","When this creature enters, mill two cards. (Put the top two cards of your library into your graveyard.)
As long as there are five or more mana values among cards in your graveyard, this creature gets +1/+1 and has lifelink.",2022-04-29
2138,1,Soaring Hope,LRW,Lorwyn,40,normal,common,en,0.3,EUR,7f6c24b1-af9d-4a9c-9167-faa8a397a361,Enchantment — Aura,{4}{W},5.0,"[""W""]","[""W""]","Enchant creature
When this Aura enters, you gain 3 life.
Enchanted creature has flying.
{W}: Put this Aura on top of its owner's library.",2007-10-12
1726,1,Soaring Show-Off,BBD,Battlebond,40,normal,common,en,0.3,EUR,2e6c52da-efc8-4279-b6b5-01e490bcb035,Creature — Bird Warrior,{2}{U},3.0,"[""U""]","[""U""]","Flying
When this creature enters, each player draws a card.",2018-06-08
906,1,Social Climber,SNC,Streets of New Capenna,157,normal,common,en,0.3,EUR,a9fb74fd-767f-4dd4-822a-828d59f633ad,Creature — Human Druid,{2}{G},3.0,"[""G""]","[""G""]","Alliance — Whenever another creature you control enters, you gain 1 life.",2022-04-29
1345,1,Sokenzan Smelter,NEO,Kamigawa: Neon Dynasty,164,normal,uncommon,en,0.3,EUR,758724f9-93c9-4178-ae40-3fefc75a010e,Creature — Goblin Artificer,{1}{R},2.0,"[""R""]","[""R""]","At the beginning of combat on your turn, you may pay {1} and sacrifice an artifact. If you do, create a 3/1 red Construct artifact creature token with haste.",2022-02-18
2299,1,Sokka's Sword Training,TLE,Avatar: The Last Airbender Eternal,84,normal,common,en,0.3,EUR,3489930a-208d-4bb2-b200-58a0dd4f6e81,Instant — Lesson,{1}{W},2.0,"[""W""]","[""W""]","Target creature gets +2/+2 until end of turn.
Create a Clue token. (It's an artifact with ""{2}, Sacrifice this token: Draw a card."")",2025-11-21
2304,1,"Sokka, Lateral Strategist",TLA,Avatar: The Last Airbender,241,normal,uncommon,en,0.3,EUR,1326c5db-4615-495f-8e30-376243d91352,Legendary Creature — Human Warrior Ally,{1}{W/U}{W/U},3.0,"[""U"",""W""]","[""U"",""W""]","Vigilance
Whenever Sokka and at least one other creature attack, draw a card.",2025-11-21
2293,1,Sold Out,TLA,Avatar: The Last Airbender,119,normal,common,en,0.3,EUR,1affba6d-2cca-4cdf-8690-1e23ffbe8462,Instant,{3}{B},4.0,"[""B""]","[""B""]","Exile target creature. If it was dealt damage this turn, create a Clue token. (It's an artifact with ""{2}, Sacrifice this token: Draw a card."")",2025-11-21
2269,9,Soldier,TM20,Core Set 2020 Tokens,2,normal,common,en,0.3,EUR,a491d9da-a58d-4423-b565-c5a99ef63132,Token Creature — Soldier,,0.0,"[""W""]","[""W""]",,2019-07-12
2139,1,Soldier of the Grey Host,LTR,The Lord of the Rings: Tales of Middle-earth,32,normal,common,en,0.3,EUR,b79999df-af8c-4724-9631-20eee5a00e49,Creature — Spirit Soldier,{3}{W},4.0,"[""W""]","[""W""]","Flash
Flying
When this creature enters, target creature gets +2/+0 until end of turn.",2023-06-23
2140,4,Solemn Offering,BBD,Battlebond,107,normal,uncommon,en,0.3,EUR,e30d14b8-b431-4764-9b30-f511bd40fd08,Sorcery,{2}{W},3.0,"[""W""]","[""W""]",Destroy target artifact or enchantment. You gain 4 life.,2018-06-08
907,1,Solitary Hunter // One of the Pack,SOI,Shadows over Innistrad,229,normal,common,en,0.3,EUR,6c200ef1-ea08-48d4-ab50-77940a0e08c3,Creature — Human Warrior Werewolf // Creature — Werewolf,,4.0,,"[""G""]",,2016-04-08
2141,1,Solitary Sanctuary,WOE,Wilds of Eldraine,30,normal,uncommon,en,0.3,EUR,d155693c-def0-4290-b662-ab9932e07fe5,Enchantment,{2}{W},3.0,"[""W""]","[""W""]","When this enchantment enters, tap target creature an opponent controls and put a stun counter on it. (If a permanent with a stun counter would become untapped, remove one from it instead.)
Whenever you tap an untapped creature an opponent controls, put a +1/+1 counter on target creature you control.",2023-09-08
2142,1,Soltari Priest,PSUS,Junior Super Series,14,foil,rare,en,0.0,EUR,6b622228-4ffe-4d05-ba2b-67c79bd34056,Creature — Soltari Cleric,{W}{W},2.0,"[""W""]","[""W""]","Protection from red
Shadow (This creature can block or be blocked by only creatures with shadow.)",2007-01-01
908,2,Somberwald Alpha,ORI,Magic Origins,198,normal,uncommon,en,0.3,EUR,492808ec-7e23-4266-adc5-519e74a06bbb,Creature — Wolf,{3}{G},4.0,"[""G""]","[""G""]","Whenever a creature you control becomes blocked, it gets +1/+1 until end of turn.
{1}{G}: Target creature you control gains trample until end of turn. (It can deal excess combat damage to the player or planeswalker it's attacking.)",2015-07-17
1435,1,Sonic Assault,GRN,Guilds of Ravnica,199,normal,common,en,0.3,EUR,cc61a398-cf16-415b-b3cf-897217dc7cc9,Instant,{1}{U}{R},3.0,"[""R"",""U""]","[""R"",""U""]","Tap target creature. Sonic Assault deals 2 damage to that creature's controller.
Jump-start (You may cast this card from your graveyard by discarding a card in addition to paying its other costs. Then exile this card.)",2018-10-05
1727,1,Soratami Cloudskater,CHK,Champions of Kamigawa,86,normal,common,en,0.3,EUR,5e3d3024-bef2-4b50-ab84-8ae2a23cdf27,Creature — Moonfolk Rogue,{1}{U},2.0,"[""U""]","[""U""]","Flying
{2}, Return a land you control to its owner's hand: Draw a card, then discard a card.",2004-10-01
1728,1,Soratami Rainshaper,PSAL,Salvat 2005,30,normal,common,en,0.0,EUR,c7fcb4b6-1162-4f23-8a3a-a988fcc422c6,Creature — Moonfolk Wizard,{2}{U},3.0,"[""U""]","[""U""]","Flying
{3}, Return a land you control to its owner's hand: Target creature you control gains shroud until end of turn. (It can't be the target of spells or abilities.)",2005-08-22
546,1,Soul Enervation,MKM,Murders at Karlov Manor,106,normal,uncommon,en,0.3,EUR,6f22ac67-06ce-47cc-a515-d216d30b9cae,Enchantment,{3}{B},4.0,"[""B""]","[""B""]","Flash
When this enchantment enters, target creature gets -4/-4 until end of turn.
Whenever one or more creature cards leave your graveyard, each opponent loses 1 life and you gain 1 life.",2024-02-09
548,2,Soul Salvage,M20,Core Set 2020,116,normal,common,en,0.3,EUR,5d9250f8-9085-4664-ada7-a2ef44deeac8,Sorcery,{2}{B},3.0,"[""B""]","[""B""]",Return up to two target creature cards from your graveyard to your hand.,2019-07-12
547,1,Soul of Innistrad,C19,Commander 2019,130,normal,mythic,en,0.85,EUR,3ee7b84d-31cc-4b3f-b0c5-761f0d1961f9,Creature — Avatar,{4}{B}{B},6.0,"[""B""]","[""B""]","Deathtouch
{3}{B}{B}: Return up to three target creature cards from your graveyard to your hand.
{3}{B}{B}, Exile this card from your graveyard: Return up to three target creature cards from your graveyard to your hand.",2019-08-23
1346,1,Soul of Magma,PSAL,Salvat 2005,18,normal,common,en,0.0,EUR,4fd7ea44-187d-4f2f-bb80-7a655f8beac4,Creature — Spirit,{3}{R}{R},5.0,"[""R""]","[""R""]","Whenever you cast a Spirit or Arcane spell, this creature deals 1 damage to target creature.",2005-08-22
1347,1,Soul of Shandalar,M15,Magic 2015,163,normal,mythic,en,0.85,EUR,03543d10-202b-4b07-a34b-64216a745d84,Creature — Avatar,{4}{R}{R},6.0,"[""R""]","[""R""]","First strike
{3}{R}{R}: This creature deals 3 damage to target player or planeswalker and 3 damage to up to one target creature that player or that planeswalker's controller controls.
{3}{R}{R}, Exile this card from your graveyard: It deals 3 damage to target player or planeswalker and 3 damage to up to one target creature that player or that planeswalker's controller controls.",2014-07-18
2143,2,Soul of Theros,M15,Magic 2015,34,normal,mythic,en,0.85,EUR,63e391d3-cf19-4f73-9d39-22587e0f3c0d,Creature — Avatar,{4}{W}{W},6.0,"[""W""]","[""W""]","Vigilance
{4}{W}{W}: Creatures you control get +2/+2 and gain first strike and lifelink until end of turn.
{4}{W}{W}, Exile this card from your graveyard: Creatures you control get +2/+2 and gain first strike and lifelink until end of turn.",2014-07-18
1348,2,Soul's Fire,UMA,Ultimate Masters,148,normal,common,en,0.51,EUR,11217e72-9009-40c7-a9eb-98e10b41667b,Instant,{2}{R},3.0,"[""R""]","[""R""]",Target creature you control deals damage equal to its power to any target.,2018-12-07
2144,1,Soul's Grace,ALA,Shards of Alara,28,normal,common,en,0.3,EUR,3d2e8701-f2c3-4cc1-ac81-ba1987d80fec,Instant,{1}{W},2.0,"[""W""]","[""W""]",You gain life equal to target creature's power.,2008-10-03
909,1,Soul's Might,ALA,Shards of Alara,149,normal,common,en,0.3,EUR,77ef536d-d55b-447a-b6ab-04123f1cfaa3,Sorcery,{4}{G},5.0,"[""G""]","[""G""]","Put X +1/+1 counters on target creature, where X is that creature's power.",2008-10-03
222,1,Soul-Guide Lantern,SLD,Secret Lair Drop,871,normal,rare,en,6.87,EUR,5200d01f-7cb6-47e0-8dd8-0b5f901fb66f,Artifact,{1},1.0,[],[],"When this artifact enters, exile target card from a graveyard.
{T}, Sacrifice this artifact: Exile each opponent's graveyard.
{1}, {T}, Sacrifice this artifact: Draw a card.",2024-09-30
1349,1,Soulbright Flamekin,A25,Masters 25,151,normal,common,en,0.3,EUR,945c52c8-a2c3-4f48-a5c3-2db92011e0cc,Creature — Elemental Shaman,{1}{R},2.0,"[""R""]","[""R""]","{2}: Target creature gains trample until end of turn. If this is the third time this ability has resolved this turn, you may add {R}{R}{R}{R}{R}{R}{R}{R}.",2018-03-16
549,1,Soulcoil Viper,LCI,The Lost Caverns of Ixalan,120,normal,uncommon,en,0.3,EUR,1125fdf2-2dbb-49a6-b76f-8cd6c3d6fab4,Creature — Snake,{2}{B},3.0,"[""B""]","[""B""]","{B}, {T}, Sacrifice this creature: Return target creature card from your graveyard to the battlefield with a finality counter on it. Activate only as a sorcery. (If a creature with a finality counter on it would die, exile it instead.)",2023-11-17
2145,3,Soulmender,M20,Core Set 2020,37,normal,common,en,0.3,EUR,31b83ffd-bd08-48c6-98a3-811abc203f60,Creature — Human Cleric,{W},1.0,"[""W""]","[""W""]",{T}: You gain 1 life.,2019-07-12
2386,1,Sourbread Auntie,ECL,Lorwyn Eclipsed,158,foil,uncommon,en,0.42,EUR,32fd226f-d1c6-432c-b846-9482f1944363,Creature — Goblin Warrior,{2}{R}{R},4.0,"[""R""]","[""R""]","When this creature enters, you may blight 2. If you do, create two 1/1 black and red Goblin creature tokens. (To blight 2, put two -1/-1 counters on a creature you control.)",2026-01-23
2493,1,Sourbread Auntie,ECL,Lorwyn Eclipsed,158,normal,uncommon,en,0.3,EUR,32fd226f-d1c6-432c-b846-9482f1944363,Creature — Goblin Warrior,{2}{R}{R},4.0,"[""R""]","[""R""]","When this creature enters, you may blight 2. If you do, create two 1/1 black and red Goblin creature tokens. (To blight 2, put two -1/-1 counters on a creature you control.)",2026-01-23
2308,1,South Pole Voyager,TLA,Avatar: The Last Airbender,35,normal,rare,en,0.42,EUR,4b5ad895-be8d-476b-91ca-22fad7a3cc58,Creature — Human Scout Ally,{1}{W},2.0,"[""W""]","[""W""]","Whenever this creature or another Ally you control enters, you gain 1 life. If this is the second time this ability has resolved this turn, draw a card.",2025-11-21
2250,2,Spara's Adjudicators,SNC,Streets of New Capenna,224,normal,common,en,0.3,EUR,29eb0e40-d184-423f-8484-ee288fda00cd,Creature — Cat Citizen,{2}{G}{W}{U},5.0,"[""G"",""U"",""W""]","[""G"",""U"",""W""]","When this creature enters, target creature an opponent controls can't attack or block until your next turn.
{2}, Exile this card from your hand: Target land gains ""{T}: Add {G}, {W}, or {U}"" until this card is cast from exile. You may cast this card for as long as it remains exiled.",2022-04-29
550,1,Spark Harvest,WAR,War of the Spark,105,normal,common,en,0.3,EUR,2013a138-f8e2-4a67-91e8-759288d985a7,Sorcery,{B},1.0,"[""B""]","[""B""]","As an additional cost to cast this spell, sacrifice a creature or pay {3}{B}.
Destroy target creature or planeswalker.",2019-05-03
1350,1,Spark Jolt,THS,Theros,140,normal,common,en,0.3,EUR,6ee479c2-a115-450b-bc2e-b03d23b82f2d,Instant,{R},1.0,"[""R""]","[""R""]",Spark Jolt deals 1 damage to any target. Scry 1. (Look at the top card of your library. You may put that card on the bottom.),2013-09-27
1351,1,Spark of Creativity,KLD,Kaladesh,131,normal,uncommon,en,0.3,EUR,718bf224-5e1b-439c-a998-ceec5c0a8903,Sorcery,{R},1.0,"[""R""]","[""R""]","Choose target creature. Exile the top card of your library. You may have Spark of Creativity deal damage to that creature equal to the exiled card's mana value. If you don't, you may play that card until end of turn.",2016-09-30
1352,1,Sparktongue Dragon,M19,Core Set 2019,159,normal,common,en,0.3,EUR,bc0dbc86-cc12-49e7-9721-dd52b35efcbe,Creature — Dragon,{3}{R}{R},5.0,"[""R""]","[""R""]","Flying
When this creature enters, you may pay {2}{R}. When you do, it deals 3 damage to any target.",2018-07-13
223,1,Sparring Construct,DOM,Dominaria,232,normal,common,en,0.3,EUR,badc7db8-386e-4fb6-aefa-591e99747eb2,Artifact Creature — Construct,{1},1.0,[],[],"When this creature dies, put a +1/+1 counter on target creature you control.",2018-04-27
2146,2,Speakeasy Server,SNC,Streets of New Capenna,32,normal,common,en,0.3,EUR,e014d9d0-e6e1-4afb-b94f-b927a09b76c1,Creature — Bird Citizen,{4}{W},5.0,"[""W""]","[""W""]","Flying
When this creature enters, you gain 1 life for each other creature you control.",2022-04-29
2147,2,Spectra Ward,M15,Magic 2015,36,normal,rare,en,4.29,EUR,69c1b7a2-a4ff-485c-9fe5-04c88e5e8886,Enchantment — Aura,{3}{W}{W},5.0,"[""W""]","[""W""]","Enchant creature
Enchanted creature gets +2/+2 and has protection from each color. This effect doesn't remove Auras. (It can't be blocked, targeted, or dealt damage by anything that's white, blue, black, red, or green.)",2014-07-18
1729,1,Spectral Interference,DFT,Aetherdrift,63,normal,common,en,0.3,EUR,860cb8af-a5f6-47e7-a34b-7b9f11ddc8c6,Instant,{1}{U},2.0,"[""U""]","[""U""]",Counter target artifact or creature spell unless its controller pays {4}.,2025-02-14
224,1,Spectrum Sentinel,BRO,The Brothers' War,244,normal,uncommon,en,0.42,EUR,936cbe05-7b36-4569-94f3-671c28c7468a,Artifact Creature — Soldier,{1},1.0,[],[],"Protection from multicolored (This creature can't be blocked, targeted, dealt damage, enchanted, or equipped by anything multicolored.)
Whenever a nonbasic land an opponent controls enters, you gain 1 life.",2022-11-18
1353,1,Speedway Fanatic,KLD,Kaladesh,132,normal,uncommon,en,0.3,EUR,436ce901-6ac6-4f8c-8ff0-18103f2642b8,Creature — Human Pilot,{1}{R},2.0,"[""R""]","[""R""]","Haste
Whenever this creature crews a Vehicle, that Vehicle gains haste until end of turn.",2016-09-30
1730,2,Spell Snip,ALA,Shards of Alara,57,normal,common,en,0.3,EUR,d6870203-ece9-4fe0-912b-2dcf685f3eb0,Instant,{2}{U},3.0,"[""U""]","[""U""]","Counter target spell unless its controller pays {1}.
Cycling {2} ({2}, Discard this card: Draw a card.)",2008-10-03
1731,1,Spell Stutter,WOE,Wilds of Eldraine,69,normal,common,en,0.3,EUR,24447e36-a42f-40a9-ad44-e904b6f9b276,Instant,{1}{U},2.0,"[""U""]","[""U""]",Counter target spell unless its controller pays {2} plus an additional {1} for each Faerie you control.,2023-09-08
1436,2,Spellheart Chimera,DDS,Duel Decks: Mind vs. Might,25,normal,uncommon,en,0.3,EUR,8782a7b7-79ca-4e5c-845b-d662222574c0,Creature — Chimera,{1}{U}{R},3.0,"[""R"",""U""]","[""R"",""U""]","Flying, trample
Spellheart Chimera's power is equal to the number of instant and sorcery cards in your graveyard.",2017-03-31
1732,3,Sphinx's Disciple,BNG,Born of the Gods,51,normal,common,en,0.3,EUR,ba33f00d-dbed-4bfb-a295-90f729be98de,Creature — Human Wizard,{3}{U}{U},5.0,"[""U""]","[""U""]","Flying
Inspired — Whenever this creature becomes untapped, draw a card.",2014-02-07
1816,1,Sphinx's Insight,RNA,Ravnica Allegiance,209,normal,common,en,0.3,EUR,d71c2435-0312-4279-a9e1-fab7432756b7,Instant,{2}{W}{U},4.0,"[""U"",""W""]","[""U"",""W""]","Draw two cards.
Addendum — If you cast this spell during your main phase, you gain 2 life.",2019-01-25
910,1,Spider,TMH1,Modern Horizons Tokens,14,normal,common,en,0.3,EUR,01591603-d903-419d-9957-cf0ae7f79240,Token Creature — Spider,,0.0,"[""G""]","[""G""]",Reach,2019-05-30
1354,1,Spider-Islanders,SPM,Marvel's Spider-Man,91,normal,common,en,0.3,EUR,c9132e45-4ddb-4565-ac45-86f1ecc6230d,Creature — Spider Horror Citizen,{3}{R},4.0,"[""R""]","[""R""]",Mayhem {1}{R} (You may cast this card from your graveyard for {1}{R} if you discarded it this turn. Timing rules still apply.),2025-09-26
911,1,"Spider-Man, Brooklyn Visionary",SPM,Marvel's Spider-Man,115,normal,common,en,0.3,EUR,e19929bc-cbe1-4970-952d-8e9d0193ddce,Legendary Creature — Spider Human Hero,{4}{G},5.0,"[""G""]","[""G""]","Web-slinging {2}{G} (You may cast this spell for {2}{G} if you also return a tapped creature you control to its owner's hand.)
When Spider-Man enters, search your library for a basic land card, put it onto the battlefield tapped, then shuffle.",2025-09-26
225,1,Spider-Suit,SPM,Marvel's Spider-Man,176,normal,uncommon,en,0.3,EUR,436527ec-5af4-4b6d-a5a0-d21fc466a625,Artifact — Equipment,{1},1.0,[],[],"Equipped creature gets +2/+2 and is a Spider Hero in addition to its other types.
Equip {3} ({3}: Attach to target creature you control. Equip only as a sorcery.)",2025-09-26
912,1,"Spiders-Man, Heroic Horde",SPM,Marvel's Spider-Man,117,normal,uncommon,en,0.3,EUR,1183262e-1f02-46b3-8cfa-fe30e0016c11,Legendary Creature — Spider Hero,{1}{G},2.0,"[""G""]","[""G""]","Web-slinging {4}{G}{G} (You may cast this spell for {4}{G}{G} if you also return a tapped creature you control to its owner's hand.)
When Spiders-Man enters, if they were cast using web-slinging, you gain 3 life and create two 2/1 green Spider creature tokens with reach.",2025-09-26
551,1,Spiderwig Boggart,LRW,Lorwyn,141,normal,common,en,0.3,EUR,88e77c10-b569-485f-ba3e-16ef0c57dd81,Creature — Goblin Shaman,{2}{B},3.0,"[""B""]","[""B""]","When this creature enters, target creature gains fear until end of turn. (It can't be blocked except by artifact creatures and/or black creatures.)",2007-10-12
226,1,Spiked Pit Trap,AFR,Adventures in the Forgotten Realms,251,normal,common,en,0.3,EUR,59fbf45a-23b4-4d06-abd9-4cc3895cb29d,Artifact,{1},1.0,[],[],"Flash
{5}, {T}, Sacrifice this artifact: Choose target creature, then roll a d20.
1—9 | This artifact deals 5 damage to that creature.
10—20 | This artifact deals 5 damage to that creature. Create a Treasure token.",2021-07-23
1733,1,Spiketail Drakeling,TSP,Time Spiral,80,normal,common,en,0.3,EUR,c752a0b9-cc87-4c3e-a1e8-0162715e011a,Creature — Drake,{1}{U}{U},3.0,"[""U""]","[""U""]","Flying
Sacrifice this creature: Counter target spell unless its controller pays {2}.",2006-10-06
1355,1,Spikewheel Acrobat,RNA,Ravnica Allegiance,118,normal,common,en,0.3,EUR,58f70b8a-62ec-4ae6-97d2-3c6ae86a3602,Creature — Human Rogue,{3}{R},4.0,"[""R""]","[""R""]",Spectacle {2}{R} (You may cast this spell for its spectacle cost rather than its mana cost if an opponent lost life this turn.),2019-01-25
913,1,Spineseeker Centipede,DSK,Duskmourn: House of Horror,199,normal,common,en,0.3,EUR,b50d697c-8358-429b-8f79-7ad9d01a5edd,Creature — Insect,{2}{G},3.0,"[""G""]","[""G""]","When this creature enters, search your library for a basic land card, reveal it, put it into your hand, then shuffle.
Delirium — This creature gets +1/+2 and has vigilance as long as there are four or more card types among cards in your graveyard.",2024-09-27
914,1,Spinning Wheel Kick,NEO,Kamigawa: Neon Dynasty,207,normal,uncommon,en,0.3,EUR,5f36ddd7-82c1-45ef-a966-ae2a34c540e1,Sorcery,{X}{X}{G}{G},2.0,"[""G""]","[""G""]",Target creature you control deals damage equal to its power to each of X target creatures and/or planeswalkers.,2022-02-18
1356,1,Spiraling Embers,SOK,Saviors of Kamigawa,116,normal,common,en,0.3,EUR,73503423-30d8-42bc-a697-6d986e4945c8,Sorcery — Arcane,{3}{R},4.0,"[""R""]","[""R""]",Spiraling Embers deals damage to any target equal to the number of cards in your hand.,2005-06-03
1357,1,Spireside Infiltrator,KLD,Kaladesh,133,normal,common,en,0.3,EUR,b9551190-9764-47a6-b414-8411beec89d2,Creature — Human Rogue,{2}{R},3.0,"[""R""]","[""R""]","Whenever this creature becomes tapped, it deals 1 damage to each opponent.",2016-09-30
915,1,Spirespine,JOU,Journey into Nyx,142,normal,uncommon,en,0.3,EUR,ac71491f-3027-4257-a18f-ba4de6041feb,Enchantment Creature — Beast,{2}{G},3.0,"[""G""]","[""G""]","Bestow {4}{G} (If you cast this card for its bestow cost, it's an Aura spell with enchant creature. It becomes a creature again if it's not attached.)
This creature blocks each combat if able.
Enchanted creature gets +4/+1 and blocks each combat if able.",2014-05-02
2268,9,Spirit,TC19,Commander 2019 Tokens,5,normal,common,en,0.3,EUR,d1ac09a7-239b-43af-ac7a-8c79618dc9e3,Token Creature — Spirit,,0.0,"[""W""]","[""W""]",Flying,2019-08-01
2534,1,Spirit,TTDM,Tarkir: Dragonstorm Tokens,6,normal,common,en,,EUR,f22410b3-5c0b-4282-9b0b-5ba61229b6e7,,,,,,,
2148,2,Spirit Bonds,M15,Magic 2015,37,normal,rare,en,0.51,EUR,aa2a3aaa-e78a-48cc-b7d3-7f65e467054c,Enchantment,{1}{W},2.0,"[""W""]","[""W""]","Whenever a nontoken creature you control enters, you may pay {W}. If you do, create a 1/1 white Spirit creature token with flying.
{1}{W}, Sacrifice a Spirit: Target non-Spirit creature gains indestructible until end of turn. (Damage and effects that say ""destroy"" don't destroy it.)",2014-07-18
2149,1,Spirit of the Labyrinth,BNG,Born of the Gods,27,normal,rare,en,0.85,EUR,f44e5128-e146-4e46-b313-a40d82719d1d,Enchantment Creature — Spirit,{1}{W},2.0,"[""W""]","[""W""]",Each player can't draw more than one card each turn.,2014-02-07
2150,2,Spiritual Visit,SOK,Saviors of Kamigawa,29,normal,common,en,0.3,EUR,c4e4866e-13a8-4130-9895-60e762b7efea,Instant — Arcane,{W},1.0,"[""W""]","[""W""]","Create a 1/1 colorless Spirit creature token.
Splice onto Arcane {W} (As you cast an Arcane spell, you may reveal this card from your hand and pay its splice cost. If you do, add this card's effects to that spell.)",2005-06-03
1358,1,Spite of Mogis,JOU,Journey into Nyx,113,normal,uncommon,en,0.3,EUR,5676d255-707e-4621-a0df-3305f999f124,Sorcery,{R},1.0,"[""R""]","[""R""]",Spite of Mogis deals damage to target creature equal to the number of instant and sorcery cards in your graveyard. Scry 1. (Look at the top card of your library. You may put that card on the bottom.),2014-05-02
1734,1,Splashy Spellcaster,WOE,Wilds of Eldraine,70,normal,uncommon,en,0.3,EUR,73ebd7f0-a54d-43a8-a5ee-9d6835308794,Creature — Elemental Wizard,{3}{U},4.0,"[""U""]","[""U""]","Whenever you cast an instant or sorcery spell, create a Sorcerer Role token attached to up to one other target creature you control. (If you control another Role on it, put that one into the graveyard. Enchanted creature gets +1/+1 and has ""Whenever this creature attacks, scry 1."")",2023-09-08
2517,1,"Splinter, Hamato Yoshi",TMT,Teenage Mutant Ninja Turtles,79,normal,uncommon,en,0.3,EUR,9ea9d072-aa98-405e-a475-26f93cc37e53,,,,,,,
2151,1,Splitskin Doll,DSK,Duskmourn: House of Horror,33,normal,uncommon,en,0.42,EUR,0453be94-e59b-48f1-a488-7a9fd96a627e,Artifact Creature — Toy,{1}{W},2.0,"[""W""]","[""W""]","When this creature enters, draw a card. Then discard a card unless you control another creature with power 2 or less.",2024-09-27
1735,1,Splitting the Powerstone,BRO,The Brothers' War,63,normal,uncommon,en,0.3,EUR,569dab90-a0d8-4c0a-8e32-b2cb3aec39a6,Sorcery,{2}{U},3.0,"[""U""]","[""U""]","As an additional cost to cast this spell, sacrifice an artifact.
Create two tapped Powerstone tokens. If the sacrificed artifact was legendary, draw a card. (The tokens are artifacts with ""{T}: Add {C}. This mana can't be spent to cast a nonartifact spell."")",2022-11-18
1359,1,Spontaneous Artist,KLD,Kaladesh,134,normal,common,en,0.3,EUR,b8bbeb22-5e50-4b90-b756-9d420f9cfe7f,Creature — Human Rogue,{3}{R},4.0,"[""R""]","[""R""]","When this creature enters, you get {E} (an energy counter).
Pay {E}: Target creature gains haste until end of turn.",2016-09-30
1736,4,Spontaneous Mutation,EMN,Eldritch Moon,74,normal,common,en,0.3,EUR,a022c983-0fb8-4e8c-9ba3-9356ad340f66,Enchantment — Aura,{U},1.0,"[""U""]","[""U""]","Flash
Enchant creature
Enchanted creature gets -X/-0, where X is the number of cards in your graveyard.",2016-07-22
552,1,Sporogenic Infection,DSK,Duskmourn: House of Horror,117,normal,uncommon,en,0.3,EUR,eaae086e-0781-4f4d-bc9c-a98228bc380c,Enchantment — Aura,{1}{B},2.0,"[""B""]","[""B""]","Enchant creature
When this Aura enters, target player sacrifices a creature of their choice other than enchanted creature.
When enchanted creature is dealt damage, destroy it.",2024-09-27
916,1,Spring Cleaning,LRW,Lorwyn,236,normal,common,en,0.3,EUR,dc20ef13-e97f-454c-8295-7bb8a7c4e4be,Instant,{1}{G},2.0,"[""G""]","[""G""]","Destroy target enchantment. Clash with an opponent. If you win, destroy all enchantments your opponents control. (Each clashing player reveals the top card of their library, then puts that card on their choice of the top or bottom. A player wins if their card had a greater mana value.)",2007-10-12
2152,2,Springjack Knight,LRW,Lorwyn,41,normal,common,en,0.3,EUR,75fa0c72-427b-4797-b5b1-15f07fc5fa07,Creature — Kithkin Knight,{2}{W},3.0,"[""W""]","[""W""]","Whenever this creature attacks, clash with an opponent. If you win, target creature gains double strike until end of turn. (Each clashing player reveals the top card of their library, then puts that card on their choice of the top or bottom. A player wins if their card had a greater mana value.)",2007-10-12
227,1,Springleaf Drum,BNG,Born of the Gods,162,normal,uncommon,en,0.85,EUR,5bc9d645-0220-4a65-bbc7-abc64ded548e,Artifact,{1},1.0,[],[],"{T}, Tap an untapped creature you control: Add one mana of any color.",2014-02-07
917,1,Springsage Ritual,EMN,Eldritch Moon,172,normal,common,en,0.3,EUR,2e0b23a4-5868-4dd8-ae68-846934e1bd52,Instant,{3}{G},4.0,"[""G""]","[""G""]",Destroy target artifact or enchantment. You gain 4 life.,2016-07-22
2153,1,Squad Captain,M20,Core Set 2020,38,normal,common,en,0.3,EUR,bd7d6112-ffb2-41d8-98ed-1a7b22841dfd,Creature — Human Soldier,{4}{W},5.0,"[""W""]","[""W""]","Vigilance (Attacking doesn't cause this creature to tap.)
This creature enters with a +1/+1 counter on it for each other creature you control.",2019-07-12
1737,4,Squid,TC16,Commander 2016 Tokens,8,normal,common,en,0.3,EUR,b247ed9c-f5d4-43a7-bf9b-3a42878de840,Token Creature — Squid,,0.0,"[""U""]","[""U""]",Islandwalk (This creature can't be blocked as long as defending player controls an Island.),2016-11-11
2508,1,Squirrelanoids,TMT,Teenage Mutant Ninja Turtles,81,normal,common,en,0.3,EUR,be08d2b0-375b-434f-9e6d-060809e0ed34,,,,,,,
553,2,Stab Wound,GK2,RNA Guild Kit,35,normal,uncommon,en,0.3,EUR,35fd3b3a-57ee-4d25-be69-1734e763f051,Enchantment — Aura,{2}{B},3.0,"[""B""]","[""B""]","Enchant creature
Enchanted creature gets -2/-2.
At the beginning of the upkeep of enchanted creature's controller, that player loses 2 life.",2019-02-15
228,2,Staff of the Death Magus,M15,Magic 2015,232,normal,uncommon,en,0.3,EUR,84a341a4-8177-41cd-a3bc-eff5dee48c94,Artifact,{3},3.0,[],[],"Whenever you cast a black spell or a Swamp you control enters, you gain 1 life.",2014-07-18
229,1,Staff of the Flame Magus,M15,Magic 2015,233,normal,uncommon,en,0.3,EUR,0fd137db-296a-4c17-ba46-8b189d96c1f9,Artifact,{3},3.0,[],[],"Whenever you cast a red spell or a Mountain you control enters, you gain 1 life.",2014-07-18
230,3,Staff of the Mind Magus,M15,Magic 2015,234,normal,uncommon,en,0.3,EUR,cf76bee3-2b69-4c7b-9b7c-1a9f4bbcfde0,Artifact,{3},3.0,[],[],"Whenever you cast a blue spell or an Island you control enters, you gain 1 life.",2014-07-18
231,2,Staff of the Sun Magus,M15,Magic 2015,235,normal,uncommon,en,0.3,EUR,e1f51ff4-9b5c-4e26-b811-4000a4c8f965,Artifact,{3},3.0,[],[],"Whenever you cast a white spell or a Plains you control enters, you gain 1 life.",2014-07-18
232,1,Staff of the Wild Magus,M15,Magic 2015,236,normal,uncommon,en,0.3,EUR,e64f31e8-0b49-4510-a4df-2e0bea793d3e,Artifact,{3},3.0,[],[],"Whenever you cast a green spell or a Forest you control enters, you gain 1 life.",2014-07-18
554,1,Stain the Mind,M15,Magic 2015,117,normal,rare,en,0.42,EUR,c7d2b046-59bc-4e39-94ce-981179307bd3,Sorcery,{4}{B},5.0,"[""B""]","[""B""]","Convoke (Your creatures can help cast this spell. Each creature you tap while casting this spell pays for {1} or one mana of that creature's color.)
Choose a nonland card name. Search target player's graveyard, hand, and library for any number of cards with that name and exile them. Then that player shuffles.",2014-07-18
2364,1,Stalactite Dagger,ECL,Lorwyn Eclipsed,261,normal,common,en,0.3,EUR,6954df09-95f3-46cf-9ba8-2a1aea653d8f,Artifact — Equipment,{2},2.0,[],[],"When this Equipment enters, create a 1/1 colorless Shapeshifter creature token with changeling. (It's every creature type.)
Equipped creature gets +1/+1 and is all creature types.
Equip {2} ({2}: Attach to target creature you control. Equip only as a sorcery.)",2026-01-23
233,1,Stalking Drone,OGW,Oath of the Gatewatch,124,normal,common,en,0.3,EUR,12bc5b4c-a809-43f0-8848-38812ce865c2,Creature — Eldrazi Drone,{1}{G},2.0,[],"[""G""]","Devoid (This card has no color.)
{C}: This creature gets +1/+2 until end of turn. Activate only once each turn. ({C} represents colorless mana.)",2016-01-22
1738,1,Stall Out,DFT,Aetherdrift,66,normal,common,en,0.3,EUR,4ea0e0d3-833f-4353-b648-57b0b657cc1c,Sorcery,{1}{U},2.0,"[""U""]","[""U""]","Tap target creature or Vehicle, then put three stun counters on it. (If a permanent with a stun counter would become untapped, remove one from it instead.)
Cycling {2} ({2}, Discard this card: Draw a card.)",2025-02-14
918,1,Stampeding Scurryfoot,DFT,Aetherdrift,181,normal,common,en,0.3,EUR,7fc713d7-4a7e-4f1f-b461-e89bb1457d7d,Creature — Mouse,{G},1.0,"[""G""]","[""G""]",Exhaust — {3}{G}: Put a +1/+1 counter on this creature. Create a 3/3 green Elephant creature token. (Activate each exhaust ability only once.),2025-02-14
1002,2,Stangg Twin,TA25,Masters 25 Tokens,14,normal,common,en,0.3,EUR,eba90d37-d7ac-4097-a04d-1f27e4c9e5de,Token Legendary Creature — Human Warrior,,0.0,"[""G"",""R""]","[""G"",""R""]",,2018-03-16
1360,1,Starfall,JOU,Journey into Nyx,114,normal,common,en,0.3,EUR,13921f0d-f163-4275-b025-045c1ccd99e5,Instant,{4}{R},5.0,"[""R""]","[""R""]","Starfall deals 3 damage to target creature. If that creature is an enchantment, Starfall deals 3 damage to that creature's controller.",2014-05-02
555,1,Starlit Soothsayer,BLB,Bloomburrow,115,normal,common,en,0.3,EUR,184c1eca-2991-438f-b5d2-cd2529b9c9b4,Creature — Bat Cleric,{2}{B},3.0,"[""B""]","[""B""]","Flying
At the beginning of your end step, if you gained or lost life this turn, surveil 1. (Look at the top card of your library. You may put it into your graveyard.)",2024-08-02
1361,1,Start Your Engines,KLD,Kaladesh,135,normal,uncommon,en,0.3,EUR,bbae1eb8-697d-43e1-b03e-f4246a9f225e,Sorcery,{3}{R},4.0,"[""R""]","[""R""]",Vehicles you control become artifact creatures until end of turn. Creatures you control get +2/+0 until end of turn.,2016-09-30
2154,1,Static Net,BRO,The Brothers' War,27,normal,uncommon,en,0.3,EUR,5ab5cb30-3ced-4450-a3c4-b519f3762620,Enchantment,{3}{W},4.0,"[""W""]","[""W""]","When this enchantment enters, exile target nonland permanent an opponent controls until this enchantment leaves the battlefield.
When this enchantment enters, you gain 2 life and create a tapped Powerstone token. (It's an artifact with ""{T}: Add {C}. This mana can't be spent to cast a nonartifact spell."")",2022-11-18
1739,4,Statute of Denial,M15,Magic 2015,79,normal,common,en,0.3,EUR,af13770d-dddb-4b78-9cd3-4a0dc50472f4,Instant,{2}{U}{U},4.0,"[""U""]","[""U""]","Counter target spell. If you control a blue creature, draw a card, then discard a card.",2014-07-18
1740,1,"Stay Hidden, Stay Silent",DSK,Duskmourn: House of Horror,291,normal,uncommon,en,0.3,EUR,9fdd7bdd-2ba8-4658-9825-741aecad5f42,Enchantment — Aura,{1}{U},2.0,"[""U""]","[""U""]","Enchant creature
When this Aura enters, tap enchanted creature.
Enchanted creature doesn't untap during its controller's untap step.
{4}{U}{U}: Shuffle enchanted creature into its owner's library, then manifest dread. Activate only as a sorcery.",2024-09-27
2155,1,Steadfast Paladin,AFR,Adventures in the Forgotten Realms,38,normal,common,en,0.3,EUR,a2c06b6e-faf5-467d-bfe1-9ff00be9e2f5,Creature — Dwarf Knight,{1}{W},2.0,"[""W""]","[""W""]",Lifelink,2021-07-23
1741,1,Steelclad Serpent,ALA,Shards of Alara,59,normal,common,en,0.3,EUR,71b02044-f3b4-425c-8e6c-697fff2c4ef7,Artifact Creature — Serpent,{5}{U},6.0,"[""U""]","[""U""]",This creature can't attack unless you control another artifact.,2008-10-03
919,4,Steeple Creeper,RNA,Ravnica Allegiance,142,normal,common,en,0.3,EUR,f4afafb4-3fc0-4ccf-a942-e4bd2f146d89,Creature — Frog Snake,{2}{G},3.0,"[""G""]","[""G"",""U""]",{3}{U}: This creature gains flying until end of turn.,2019-01-25
1362,1,Stegron the Dinosaur Man,SPM,Marvel's Spider-Man,95,normal,common,en,0.3,EUR,485ceacb-fa76-4517-8466-c3c6bf6bcd6e,Legendary Creature — Dinosaur Villain,{4}{R},5.0,"[""R""]","[""R""]","Menace (This creature can't be blocked except by two or more creatures.)
Dinosaur Formula — {1}{R}, Discard this card: Until end of turn, target creature you control gets +3/+1 and becomes a Dinosaur in addition to its other types.",2025-09-26
2156,1,Stern Constable,SOI,Shadows over Innistrad,39,normal,common,en,0.3,EUR,4f0f87d4-5fed-415c-918a-c3546697a3da,Creature — Human Soldier,{W},1.0,"[""W""]","[""W""]","{T}, Discard a card: Tap target creature.",2016-04-08
920,1,Stew the Coneys,LTR,The Lord of the Rings: Tales of Middle-earth,189,normal,uncommon,en,0.3,EUR,bcc7c41c-f416-457e-91ba-1f338f45eeac,Instant,{2}{G},3.0,"[""G""]","[""G""]","Target creature you control deals damage equal to its power to target creature you don't control. Create a Food token. (It's an artifact with ""{2}, {T}, Sacrifice this token: You gain 3 life."")",2023-06-23
2157,1,Steward of Solidarity,HOU,Hour of Devastation,25,normal,uncommon,en,0.3,EUR,eda3cd3b-d4c5-4537-8c81-5ccf269f810e,Creature — Human Warrior,{1}{W},2.0,"[""W""]","[""W""]","{T}, Exert this creature: Create a 1/1 white Warrior creature token with vigilance. (An exerted creature won't untap during your next untap step.)",2017-07-14
1363,1,Sticky Fingers,SNC,Streets of New Capenna,124,normal,common,en,0.42,EUR,3678fa3d-d41f-4b7a-b25e-6fc5f78876c7,Enchantment — Aura,{R},1.0,"[""R""]","[""R""]","Enchant creature
Enchanted creature has menace and ""Whenever this creature deals combat damage to a player, create a Treasure token."" (It can't be blocked except by two or more creatures. The token is an artifact with ""{T}, Sacrifice this token: Add one mana of any color."")
When enchanted creature dies, draw a card.",2022-04-29
921,2,Stickytongue Sentinel,BLB,Bloomburrow,193,normal,common,en,0.3,EUR,b5fa9651-b217-4f93-9c46-9bdb11feedcb,Creature — Frog Warrior,{2}{G},3.0,"[""G""]","[""G""]","Reach
When this creature enters, return up to one other target permanent you control to its owner's hand.",2024-08-02
1003,1,Stimulus Package,SNC,Streets of New Capenna,225,normal,uncommon,en,0.3,EUR,ecbe7459-8613-4ab8-84dc-deab19c08511,Enchantment,{2}{R}{G},4.0,"[""G"",""R""]","[""G"",""R""]","When this enchantment enters, create two Treasure tokens. (They're artifacts with ""{T}, Sacrifice this token: Add one mana of any color."")
Sacrifice a Treasure: Create a 1/1 green and white Citizen creature token.",2022-04-29
556,1,Stinging Cave Crawler,LCI,The Lost Caverns of Ixalan,124,normal,uncommon,en,0.3,EUR,6a230208-84ae-4f48-afbd-a0d50596ad27,Creature — Insect Horror,{2}{B},3.0,"[""B""]","[""B""]","Deathtouch
Descend 4 — Whenever this creature attacks, if there are four or more permanent cards in your graveyard, you draw a card and you lose 1 life.",2023-11-17
1364,1,Stinkdrinker Daredevil,CM2,Commander Anthology Volume II,119,normal,common,en,0.3,EUR,bca9593b-764f-4fb8-80bd-91cdebc83356,Creature — Goblin Rogue,{2}{R},3.0,"[""R""]","[""R""]",Giant spells you cast cost {2} less to cast.,2018-06-08
1742,1,Stitchwing Skaab,SOI,Shadows over Innistrad,90,normal,uncommon,en,0.3,EUR,f84bb1ce-a8a0-4a29-9129-b1d7041fd01a,Creature — Zombie Horror,{3}{U},4.0,"[""U""]","[""U""]","Flying
{1}{U}, Discard two cards: Return this card from your graveyard to the battlefield tapped.",2016-04-08
2158,1,Stockpiling Celebrant,WOE,Wilds of Eldraine,32,normal,common,en,0.3,EUR,0214ebc6-c59f-4170-8dd2-ce07caa6e6ad,Creature — Dwarf Knight,{2}{W},3.0,"[""W""]","[""W""]","When this creature enters, you may return another target nonland permanent you control to its owner's hand. If you do, scry 2.",2023-09-08
922,1,Stoic Builder,SOI,Shadows over Innistrad,231,normal,common,en,0.3,EUR,0820f17c-ab4a-4a14-84ff-4ea200bef112,Creature — Human,{2}{G},3.0,"[""G""]","[""G""]","When this creature enters, you may return target land card from your graveyard to your hand.",2016-04-08
2442,1,Stoic Grove-Guide,ECL,Lorwyn Eclipsed,243,normal,common,en,0.3,EUR,3d5a3e25-c17a-47b1-a36d-d24d50e5bab3,Creature — Elf Druid,{4}{B/G},5.0,"[""B"",""G""]","[""B"",""G""]","{1}{B/G}, Exile this card from your graveyard: Create a 2/2 black and green Elf creature token. Activate only as a sorcery.",2026-01-23
1365,1,Stoke the Flames,M15,Magic 2015,164,normal,uncommon,en,0.3,EUR,1d94c000-52e0-4215-83af-6351dc43e636,Instant,{2}{R}{R},4.0,"[""R""]","[""R""]","Convoke (Your creatures can help cast this spell. Each creature you tap while casting this spell pays for {1} or one mana of that creature's color.)
Stoke the Flames deals 4 damage to any target.",2014-07-18
2159,2,Stone Haven Medic,BFZ,Battle for Zendikar,51,normal,common,en,0.3,EUR,3956563b-bde3-4aec-93fe-e03bade49458,Creature — Kor Cleric,{1}{W},2.0,"[""W""]","[""W""]","{W}, {T}: You gain 1 life.",2015-10-02
1366,1,Stone Rain,9ED,Ninth Edition,221,normal,common,en,0.34,EUR,d2334c10-fa96-4f8e-8187-c7ecc00cbac8,Sorcery,{2}{R},3.0,"[""R""]","[""R""]",Destroy target land.,2005-07-29
1367,1,Stonefury,BFZ,Battle for Zendikar,156,normal,common,en,0.3,EUR,6aa37f74-50dd-4013-b48a-c33f1dbfb3e1,Instant,{3}{R}{R},5.0,"[""R""]","[""R""]",Stonefury deals damage to target creature equal to the number of lands you control.,2015-10-02
1368,2,Stoneshock Giant,CM2,Commander Anthology Volume II,120,normal,uncommon,en,0.3,EUR,ff560915-5687-452f-983a-887929b44b65,Creature — Giant,{3}{R}{R},5.0,"[""R""]","[""R""]","{6}{R}{R}: Monstrosity 3. (If this creature isn't monstrous, put three +1/+1 counters on it and it becomes monstrous.)
When this creature becomes monstrous, creatures without flying your opponents control can't block this turn.",2018-06-08
1369,1,Stonesplitter Bolt,WOE,Wilds of Eldraine,151,normal,uncommon,en,0.3,EUR,fb22f79c-3075-439d-a072-ceaabe35d76f,Instant,{X}{R},1.0,"[""R""]","[""R""]","Bargain (You may sacrifice an artifact, enchantment, or token as you cast this spell.)
Stonesplitter Bolt deals X damage to target creature or planeswalker. If this spell was bargained, it deals twice X damage to that permanent instead.",2023-09-08
2160,1,Stonewise Fortifier,JOU,Journey into Nyx,27,normal,common,en,0.3,EUR,4b1cd291-92a0-4f0f-b73a-64fc498da1ef,Creature — Human Wizard,{1}{W},2.0,"[""W""]","[""W""]",{4}{W}: Prevent all damage that would be dealt to this creature by target creature this turn.,2014-05-02
1743,1,Stonybrook Angler,LRW,Lorwyn,90,normal,common,en,0.3,EUR,047709e7-c44f-47e4-a9cc-1d941264e454,Creature — Merfolk Wizard,{1}{U},2.0,"[""U""]","[""U""]","{1}{U}, {T}: You may tap or untap target creature.",2007-10-12
1370,1,Stormcaller of Keranos,BNG,Born of the Gods,112,normal,uncommon,en,0.3,EUR,d397bdc3-a866-45be-8740-185d9ccf29c4,Creature — Human Shaman,{2}{R},3.0,"[""R""]","[""R"",""U""]","Haste
{1}{U}: Scry 1. (Look at the top card of your library. You may put that card on the bottom.)",2014-02-07
923,1,Stormkeld Vanguard // Bear Down,WOE,Wilds of Eldraine,187,normal,uncommon,en,0.3,EUR,bacb1fe5-0adf-461f-b698-9d09a8728c63,Creature — Giant Warrior // Sorcery — Adventure,{4}{G}{G} // {1}{G},6.0,"[""G""]","[""G""]",,2023-09-08
1744,1,Stormrider Spirit,SOI,Shadows over Innistrad,91,normal,common,en,0.3,EUR,9c0fb4be-df73-43a9-bd48-fd47a4190fc1,Creature — Spirit,{4}{U},5.0,"[""U""]","[""U""]","Flash
Flying",2016-04-08
1745,1,Storyteller Pixie,WOE,Wilds of Eldraine,313,normal,uncommon,en,0.3,EUR,b9f4cf85-2120-4897-aecd-4ee4b02d6f9b,Creature — Faerie Wizard,{3}{U},4.0,"[""U""]","[""U""]","Flying
Whenever you cast an Adventure spell, draw a card.",2023-09-08
924,1,Storyweave,NEO,Kamigawa: Neon Dynasty,209,normal,uncommon,en,0.3,EUR,50a77eed-aa03-43b7-b3c8-6aee4c96c648,Instant,{2}{G},3.0,"[""G""]","[""G""]","Choose one —
• Put two +1/+1 counters on target creature you control.
• Put two lore counters on target Saga you control. The next time one or more enchantment creatures you control enter this turn, each enters with two additional +1/+1 counters on it.",2022-02-18
1371,2,Strangle,SNC,Streets of New Capenna,125,normal,common,en,0.3,EUR,4b91d727-c0ee-4bf0-8c7d-8475ecb88083,Sorcery,{R},1.0,"[""R""]","[""R""]",Strangle deals 3 damage to target creature or planeswalker.,2022-04-29
234,1,Strangled Cemetery,DSK,Duskmourn: House of Horror,268,normal,common,en,0.3,EUR,c1ce9250-bdbe-4c77-9243-6db9ffffe69b,Land,,0.0,[],"[""B"",""G""]","This land enters tapped unless a player has 13 or less life.
{T}: Add {B} or {G}.",2024-09-27
2454,1,Stratosoarer,ECL,Lorwyn Eclipsed,72,normal,common,en,0.3,EUR,4f607889-6f3f-4511-8920-88a39f3b28ca,Creature — Elemental,{4}{U},5.0,"[""U""]","[""U""]","Flying
When this creature enters, target creature gains flying until end of turn.
Basic landcycling {1}{U} ({1}{U}, Discard this card: Search your library for a basic land card, reveal it, put it into your hand, then shuffle.)",2026-01-23
1746,1,Stratus Walk,ORI,Magic Origins,77,normal,common,en,0.3,EUR,947bb8f3-51f5-4fbe-9098-7e48f9fe1452,Enchantment — Aura,{1}{U},2.0,"[""U""]","[""U""]","Enchant creature
When this Aura enters, draw a card.
Enchanted creature has flying. (It can't be blocked except by creatures with flying or reach.)
Enchanted creature can block only creatures with flying.",2015-07-17
2161,2,Strength of Arms,SOI,Shadows over Innistrad,40,normal,common,en,0.3,EUR,52c5c5cf-0ed6-4953-a03a-af51038e3f54,Instant,{W},1.0,"[""W""]","[""W""]","Target creature gets +2/+2 until end of turn. If you control an Equipment, create a 1/1 white Human Soldier creature token.",2016-04-08
557,1,Stromkirk Mentor,SOI,Shadows over Innistrad,137,normal,common,en,0.3,EUR,aa90b7dc-fb90-411e-a762-06a800bae0cf,Creature — Vampire Soldier,{3}{B},4.0,"[""B""]","[""B""]","When this creature enters, put a +1/+1 counter on another target Vampire you control.",2016-04-08
558,2,Stronghold Confessor,DOM,Dominaria,105,normal,common,en,0.3,EUR,ab3fcc43-839b-48c1-91e3-7cc80d8c7f9a,Creature — Human Cleric,{B},1.0,"[""B""]","[""B""]","Kicker {3} (You may pay an additional {3} as you cast this spell.)
Menace (This creature can't be blocked except by two or more creatures.)
If this creature was kicked, it enters with two +1/+1 counters on it.",2018-04-27
235,2,Su-Chi Cave Guard,BRO,The Brothers' War,249,normal,uncommon,en,0.3,EUR,bb04dad2-4561-4cef-9cee-80d6f1a44bee,Artifact Creature — Construct,{8},8.0,[],[],"Vigilance
Ward {4} (Whenever this creature becomes the target of a spell or ability an opponent controls, counter it unless that player pays {4}.)
When this creature dies, add eight {C}. Until end of turn, you don't lose this mana as steps and phases end.",2022-11-18
1372,1,Subterranean Scout,ORI,Magic Origins,164,normal,common,en,0.3,EUR,3c9289dd-f1a3-4be5-8ed1-4b4dd4e97743,Creature — Goblin Scout,{1}{R},2.0,"[""R""]","[""R""]","When this creature enters, target creature with power 2 or less can't be blocked this turn.",2015-07-17
236,1,Suburban Sanctuary,SPM,Marvel's Spider-Man,185,normal,common,en,0.3,EUR,467df77a-a99c-4cfd-9af4-502eaa2eb2e3,Land,,0.0,[],"[""G"",""W""]","This land enters tapped.
{T}: Add {G} or {W}.
{4}, {T}: Surveil 1. (Look at the top card of your library. You may put it into your graveyard.)",2025-09-26
237,1,Subway Train,SPM,Marvel's Spider-Man,178,normal,common,en,0.3,EUR,96f869f7-db88-4580-82b7-8749a55e525c,Artifact — Vehicle,{2},2.0,[],"[""G""]","When this Vehicle enters, you may pay {G}. If you do, search your library for a basic land card, reveal it, put it into your hand, then shuffle.
Crew 2 (Tap any number of creatures you control with total power 2 or more: This Vehicle becomes an artifact creature until end of turn.)",2025-09-26
1747,1,Succumb to the Cold,WOE,Wilds of Eldraine,72,normal,uncommon,en,0.3,EUR,c14d9fc0-bfbf-4359-93bf-5e53466965d6,Instant,{2}{U},3.0,"[""U""]","[""U""]","Tap one or two target creatures an opponent controls. Put a stun counter on each of them. (If a permanent with a stun counter would become untapped, remove one from it instead.)",2023-09-08
1748,2,Sudden Storm,BNG,Born of the Gods,53,normal,common,en,0.3,EUR,6beffc33-58fd-4364-b87b-d4573ecaf4bd,Instant,{3}{U},4.0,"[""U""]","[""U""]",Tap up to two target creatures. Those creatures don't untap during their controllers' next untap steps. Scry 1. (Look at the top card of your library. You may put that card on the bottom.),2014-02-07
1749,1,Suit Up,NEO,Kamigawa: Neon Dynasty,81,normal,common,en,0.3,EUR,50870bfd-7779-4a1c-b18f-57fac7e193b1,Instant,{2}{U},3.0,"[""U""]","[""U""]","Until end of turn, target creature or Vehicle becomes an artifact creature with base power and toughness 4/5.
Draw a card.",2022-02-18
2302,1,"Suki, Kyoshi Warrior",TLA,Avatar: The Last Airbender,243,normal,uncommon,en,0.3,EUR,3e311480-04f8-4b8f-938e-1cc6d06b9902,Legendary Creature — Human Warrior Ally,{2}{G/W}{G/W},4.0,"[""G"",""W""]","[""G"",""W""]","Suki's power is equal to the number of creatures you control.
Whenever Suki attacks, create a 1/1 white Ally creature token that's tapped and attacking.",2025-11-21
1030,1,Sumala Woodshaper,GRN,Guilds of Ravnica,200,normal,common,en,0.3,EUR,8c4e427e-c061-43c5-9e8e-34bf5b447ab1,Creature — Elf Druid,{2}{G}{W},4.0,"[""G"",""W""]","[""G"",""W""]","When this creature enters, look at the top four cards of your library. You may reveal a creature or enchantment card from among them and put it into your hand. Put the rest on the bottom of your library in a random order.",2018-10-05
2542,1,Summit Intimidator,TDM,Tarkir: Dragonstorm,125,normal,common,en,0.3,EUR,e3cba0b1-7c22-4e51-b9cf-5bf01e67a222,,,,,,,
2476,1,Summit Sentinel,ECL,Lorwyn Eclipsed,73,normal,common,en,0.3,EUR,81251057-f270-4f05-9dc5-205c70e1f295,Creature — Elemental Soldier,{1}{U},2.0,"[""U""]","[""U""]","When this creature dies, draw a card.",2026-01-23
2436,1,Sun-Dappled Celebrant,ECL,Lorwyn Eclipsed,37,normal,common,en,0.3,EUR,91c715a5-6643-4064-a8a8-3e05dce15979,Creature — Treefolk Cleric,{4}{W}{W},6.0,"[""W""]","[""W""]","Convoke (Your creatures can help cast this spell. Each creature you tap while casting this spell pays for {1} or one mana of that creature's color.)
Vigilance",2026-01-23
238,1,Sunbird Standard // Sunbird Effigy,LCI,The Lost Caverns of Ixalan,262,normal,uncommon,en,0.3,EUR,e0b6d40a-fded-4625-b03c-765c88d75766,Artifact // Artifact Creature — Bird Construct,,3.0,,[],,2023-11-17
925,2,Sunblade Elf,M15,Magic 2015,202,normal,uncommon,en,0.3,EUR,5e9925c5-98d5-4eb9-8aaa-a96b63a5812d,Creature — Elf Warrior,{G},1.0,"[""G""]","[""G"",""W""]","This creature gets +1/+1 as long as you control a Plains.
{4}{W}: Creatures you control get +1/+1 until end of turn.",2014-07-18
2162,1,Sunblade Samurai,NEO,Kamigawa: Neon Dynasty,315,normal,common,en,0.3,EUR,a32e2ad3-c5fb-4072-aabf-6cb9538db3ca,Enchantment Creature — Human Samurai,{4}{W},5.0,"[""W""]","[""W""]","Vigilance (Attacking doesn't cause this creature to tap.)
Channel — {2}, Discard this card: Search your library for a basic Plains card, reveal it, put it into your hand, then shuffle. You gain 2 life.",2022-02-18
2163,2,Sunbond,BNG,Born of the Gods,28,normal,uncommon,en,0.85,EUR,9f14bbff-8a3c-4aa0-a5aa-0dd6cb23b2a3,Enchantment — Aura,{3}{W},4.0,"[""W""]","[""W""]","Enchant creature
Enchanted creature has ""Whenever you gain life, put that many +1/+1 counters on this creature.""",2014-02-07
1373,1,Sunfire Torch,LCI,The Lost Caverns of Ixalan,167,normal,common,en,0.3,EUR,bb040fc7-f728-4482-92af-9a320c03bb54,Artifact — Equipment,{R},1.0,"[""R""]","[""R""]","Equipped creature gets +1/+0 and has ""Whenever this creature attacks, you may sacrifice Sunfire Torch. When you do, this creature deals 2 damage to any target.""
Equip {1} ({1}: Attach to target creature you control. Equip only as a sorcery.)",2023-11-17
2164,4,Sungrace Pegasus,M15,Magic 2015,38,normal,common,en,0.3,EUR,52d851b9-c290-4fcc-860d-a3250923b850,Creature — Pegasus,{1}{W},2.0,"[""W""]","[""W""]","Flying
Lifelink (Damage dealt by this creature also causes you to gain that much life.)",2014-07-18
2165,1,Sunscourge Champion,HOU,Hour of Devastation,26,normal,uncommon,en,0.3,EUR,f0bb41cc-6edb-4a31-92cb-b17850b49432,Creature — Human Wizard,{2}{W},3.0,"[""W""]","[""W""]","When this creature enters, you gain life equal to its power.
Eternalize—{2}{W}{W}, Discard a card. ({2}{W}{W}, Discard a card, Exile this card from your graveyard: Create a token that's a copy of it, except it's a 4/4 black Zombie Human Wizard with no mana cost. Eternalize only as a sorcery.)",2017-07-14
926,2,Sunshower Druid,BLB,Bloomburrow,195,normal,common,en,0.3,EUR,7740abc5-54e1-478d-966e-0fa64e727995,Creature — Frog Druid,{G},1.0,"[""G""]","[""G""]","When this creature enters, put a +1/+1 counter on target creature and you gain 1 life.",2024-08-02
559,1,Supernatural Stamina,A25,Masters 25,109,normal,common,en,0.3,EUR,df2f1b32-5546-40c5-9bfa-7af3dffb0a75,Instant,{B},1.0,"[""B""]","[""B""]","Until end of turn, target creature gets +2/+0 and gains ""When this creature dies, return it to the battlefield tapped under its owner's control.""",2018-03-16
1374,1,Suplex,FIN,Final Fantasy,164,normal,common,en,0.3,EUR,f61693a2-7042-44e0-85ba-9bf12ab94e7e,Sorcery,{1}{R},2.0,"[""R""]","[""R""]","Choose one —
• Suplex deals 3 damage to target creature. If that creature would die this turn, exile it instead.
• Exile target artifact.",2025-06-13
1375,4,Sure Strike,GRN,Guilds of Ravnica,118,normal,common,en,0.3,EUR,8d01f1ce-9931-4712-a907-72c2c6d5ee76,Instant,{1}{R},2.0,"[""R""]","[""R""]",Target creature gets +3/+0 and gains first strike until end of turn. (It deals combat damage before creatures without first strike.),2018-10-05
2166,1,Surge of Thoughtweft,LRW,Lorwyn,43,normal,common,en,0.3,EUR,e0b61fb2-11e5-45ae-873d-85f79f161950,Kindred Instant — Kithkin,{1}{W},2.0,"[""W""]","[""W""]","Creatures you control get +1/+1 until end of turn. If you control a Kithkin, draw a card.",2007-10-12
2502,2,Surly Farrier,ECL,Lorwyn Eclipsed,196,normal,common,en,0.3,EUR,056f7f51-18a9-4d80-8928-decaf4d12c0d,Creature — Kithkin Citizen,{1}{G},2.0,"[""G""]","[""G""]",{T}: Target creature you control gets +1/+1 and gains vigilance until end of turn. Activate only as a sorcery.,2026-01-23
2167,1,Survive the Night,SOI,Shadows over Innistrad,41,normal,common,en,0.3,EUR,5cb4a0bc-196a-466b-a704-377f5c7eb5b7,Instant,{2}{W},3.0,"[""W""]","[""W""]","Target creature gets +1/+0 and gains indestructible until end of turn. (Damage and effects that say ""destroy"" don't destroy it.)
Investigate. (Create a Clue token. It's an artifact with ""{2}, Sacrifice this token: Draw a card."")",2016-04-08
2168,1,Survivor of Korlis,BRO,The Brothers' War,28,normal,common,en,0.3,EUR,817bcc8d-a5b7-448c-a3eb-825dc65944ec,Creature — Human Soldier,{W},1.0,"[""W""]","[""W""]","First strike
{1}{W}, Exile this card from your graveyard: Scry 2.",2022-11-18
239,1,Suspicious Bookcase,M19,Core Set 2019,246,normal,uncommon,en,0.3,EUR,ccf01421-856e-4cdd-8938-148928626f56,Artifact Creature — Wall,{2},2.0,[],[],"Defender
{3}, {T}: Target creature can't be blocked this turn.",2018-07-13
1376,1,Suspicious Detonation,MKM,Murders at Karlov Manor,145,normal,common,en,0.3,EUR,6e280482-ed7e-4011-899e-096ff7bd4c41,Sorcery,{4}{R},5.0,"[""R""]","[""R""]","This spell costs {3} less to cast if you've sacrificed an artifact this turn.
This spell can't be countered. (This includes by the ward ability.)
Suspicious Detonation deals 4 damage to target creature.",2024-02-09
2421,1,Swamp,ECL,Lorwyn Eclipsed,281,foil,common,en,0.42,EUR,35fe42f9-dd55-4ca4-af0a-59ecdff0dba8,Basic Land — Swamp,,0.0,,"[""B""]",({T}: Add {B}.),2026-01-23
240,9,Swamp,ELD,Throne of Eldraine,258,normal,common,en,0.42,EUR,e4f184c5-4f3c-4aea-afa1-f0903d3cc71a,Basic Land — Swamp,,0.0,[],"[""B""]",({T}: Add {B}.),2019-10-04
2309,6,Swamp,TLA,Avatar: The Last Airbender,284,normal,common,en,0.42,EUR,f0b234d8-d6bb-48ec-8a4d-d8a570a69c62,Basic Land — Swamp,,0.0,[],"[""B""]",({T}: Add {B}.),2025-11-21
2310,1,Swamp,TLA,Avatar: The Last Airbender,289,normal,common,en,0.68,EUR,874f0f27-81a4-4853-aaa0-2c15e07c177e,Basic Land — Swamp,,0.0,[],"[""B""]",({T}: Add {B}.),2025-11-21
241,1,Swarm Surge,BFZ,Battle for Zendikar,100,normal,common,en,0.3,EUR,837287cc-f3a4-4ba7-8518-9b1e4a53acda,Sorcery,{2}{B},3.0,[],"[""B""]","Devoid (This card has no color.)
Creatures you control get +2/+0 until end of turn. Colorless creatures you control also gain first strike until end of turn.",2015-10-02
927,1,Swarmborn Giant,JOU,Journey into Nyx,144,normal,uncommon,en,0.3,EUR,84a3ddf9-b682-4691-bb1d-abd1d3486f59,Creature — Giant,{2}{G}{G},4.0,"[""G""]","[""G""]","When you're dealt combat damage, sacrifice this creature.
{4}{G}{G}: Monstrosity 2. (If this creature isn't monstrous, put two +1/+1 counters on it and it becomes monstrous.)
As long as this creature is monstrous, it has reach.",2014-05-02
1377,1,Swarming of Moria,LTR,The Lord of the Rings: Tales of Middle-earth,150,normal,common,en,0.3,EUR,0a1bd073-4351-4c56-9b07-4430d0d83084,Sorcery,{2}{R},3.0,"[""R""]","[""R""]","Create a Treasure token. (It's an artifact with ""{T}, Sacrifice this token: Add one mana of any color."")
Amass Orcs 2. (Put two +1/+1 counters on an Army you control. It's also an Orc. If you don't control an Army, create a 0/0 black Orc Army creature token first.)",2023-06-23
242,2,Swashbuckler's Whip,LCI,The Lost Caverns of Ixalan,263,normal,uncommon,en,0.3,EUR,24a85c52-e5b5-4d65-931c-eacc0cf0fb31,Artifact — Equipment,{1},1.0,[],[],"Equipped creature has reach, ""{2}, {T}: Tap target artifact or creature,"" and ""{8}, {T}: Discover 10."" (Exile cards from the top of your library until you exile a nonland card with mana value 10 or less. Cast it without paying its mana cost or put it into your hand. Put the rest on the bottom in a random order.)
Equip {1}",2023-11-17
928,2,Swell of Growth,BFZ,Battle for Zendikar,191,normal,common,en,0.3,EUR,b06da6fe-57bf-437e-8589-7e57a5881801,Instant,{1}{G},2.0,"[""G""]","[""G""]",Target creature gets +2/+2 until end of turn. You may put a land card from your hand onto the battlefield.,2015-10-02
929,1,Swift Spinner,EMN,Eldritch Moon,173,normal,common,en,0.3,EUR,264f78d8-d554-45f3-867e-19dba38e4644,Creature — Spider,{3}{G},4.0,"[""G""]","[""G""]","Flash (You may cast this spell any time you could cast an instant.)
Reach (This creature can block creatures with flying.)",2016-07-22
2169,1,Swooping Protector,SNC,Streets of New Capenna,33,normal,uncommon,en,0.3,EUR,8713498f-a467-4a11-9de2-53a1bbd0b18b,Creature — Bird Citizen,{3}{W},4.0,"[""W""]","[""W""]","Flash
Flying
This creature enters with a shield counter on it. (If it would be dealt damage or destroyed, remove a shield counter from it instead.)",2022-04-29
930,5,Swordwise Centaur,BNG,Born of the Gods,142,normal,common,en,0.3,EUR,1776ebd7-91fc-49e1-a978-f2012162d1cf,Creature — Centaur Warrior,{G}{G},2.0,"[""G""]","[""G""]",,2014-02-07
931,1,Sylvan Messenger,ORI,Magic Origins,199,normal,uncommon,en,0.3,EUR,95e0550c-d3ad-4bd4-a259-d597991079b1,Creature — Elf,{3}{G},4.0,"[""G""]","[""G""]","Trample (This creature can deal excess combat damage to the player or planeswalker it's attacking.)
When this creature enters, reveal the top four cards of your library. Put all Elf cards revealed this way into your hand and the rest on the bottom of your library in any order.",2015-07-17
560,2,Synapse Necromage,LCI,The Lost Caverns of Ixalan,125,normal,uncommon,en,0.3,EUR,efeb22a4-37bf-487a-9cf4-74de4cbbc0a3,Creature — Fungus Wizard,{2}{B},3.0,"[""B""]","[""B""]","When this creature dies, create two 1/1 black Fungus creature tokens with ""This token can't block.""",2023-11-17
632,1,Syndicate Infiltrator,SNC,Streets of New Capenna,226,normal,uncommon,en,0.3,EUR,bf86c5f2-0caf-48ca-b7ad-a1cdcd014539,Creature — Vampire Wizard,{2}{U}{B},4.0,"[""B"",""U""]","[""B"",""U""]","Flying
As long as there are five or more mana values among cards in your graveyard, this creature gets +2/+2.",2022-04-29
1031,1,"Syr Armont, the Redeemer",WOE,Wilds of Eldraine,214,normal,uncommon,en,0.3,EUR,85050609-baf0-430a-ab33-83a6ea6d4741,Legendary Creature — Human Knight,{3}{G}{W},5.0,"[""G"",""W""]","[""G"",""W""]","When Syr Armont enters, create a Monster Role token attached to another target creature you control. (If you control another Role on it, put that one into the graveyard. Enchanted creature gets +1/+1 and has trample.)
Enchanted creatures you control get +1/+1.",2023-09-08
633,1,"Szadek, Lord of Secrets",GK1,GRN Guild Kit,20,normal,rare,en,0.42,EUR,b4ac4fbb-cd0b-4baf-b9bf-7c625d420e9c,Legendary Creature — Vampire,{3}{U}{U}{B}{B},7.0,"[""B"",""U""]","[""B"",""U""]","Flying
If Szadek would deal combat damage to a player, instead put that many +1/+1 counters on Szadek and that player mills that many cards.",2018-11-02
1750,1,Taigam's Scheming,KTK,Khans of Tarkir,57,normal,common,en,0.3,EUR,87f4b533-7113-4b36-9c7a-e4cf798c88a9,Sorcery,{1}{U},2.0,"[""U""]","[""U""]","Surveil 5. (Look at the top five cards of your library, then put any number of them into your graveyard and the rest on top of your library in any order.)",2014-09-26
1751,1,Taigam's Strike,DTK,Dragons of Tarkir,81,normal,common,en,0.3,EUR,2ef5e279-14c4-4f91-b24d-c7098140efcd,Sorcery,{3}{U},4.0,"[""U""]","[""U""]","Target creature gets +2/+0 until end of turn and can't be blocked this turn.
Rebound (If you cast this spell from your hand, exile it as it resolves. At the beginning of your next upkeep, you may cast this card from exile without paying its mana cost.)",2015-03-27
2552,1,Tainted Treats,TMT,Teenage Mutant Ninja Turtles,170,normal,uncommon,en,0.3,EUR,fa684608-ecd3-43e2-99a1-71318f133e29,,,,,,,
932,1,Tajuru Pathwarden,OGW,Oath of the Gatewatch,145,normal,common,en,0.3,EUR,b073e75b-b432-41a5-a71e-d169fecf774f,Creature — Elf Warrior Ally,{4}{G},5.0,"[""G""]","[""G""]","Vigilance (Attacking doesn't cause this creature to tap.)
Trample (This creature can deal excess combat damage to the player or planeswalker it's attacking.)",2016-01-22
933,1,Tajuru Stalwart,BFZ,Battle for Zendikar,194,normal,common,en,0.3,EUR,f916220b-a942-41af-8949-aa384fa7857d,Creature — Elf Scout Ally,{2}{G},3.0,"[""G""]","[""G""]",Converge — This creature enters with a +1/+1 counter on it for each color of mana spent to cast it.,2015-10-02
934,1,Take Down,KLD,Kaladesh,170,normal,common,en,0.3,EUR,f8e702db-8c73-4947-9c13-5dcb50f4efab,Sorcery,{G},1.0,"[""G""]","[""G""]","Choose one —
• Take Down deals 4 damage to target creature with flying.
• Take Down deals 1 damage to each creature with flying.",2016-09-30
1752,1,Take Flight,BRO,The Brothers' War,65,normal,uncommon,en,0.3,EUR,46a2108e-e45e-4b21-a03b-5f644b6043be,Enchantment — Aura,{3}{U},4.0,"[""U""]","[""U""]","Enchant creature
Enchanted creature gets +1/+0 and has flying and ""Whenever this creature attacks, draw a card.""",2022-11-18
2170,1,Take Heart,GRN,Guilds of Ravnica,28,normal,common,en,0.3,EUR,b26f10d5-b826-45b0-abed-80d86e1335c9,Instant,{W},1.0,"[""W""]","[""W""]",Target creature gets +2/+2 until end of turn. You gain 1 life for each attacking creature you control.,2018-10-05
1753,1,Take Inventory,EMN,Eldritch Moon,76,normal,common,en,0.3,EUR,a3584150-4f09-4c15-b13e-707bd91b3004,Sorcery,{1}{U},2.0,"[""U""]","[""U""]","Draw a card, then draw cards equal to the number of cards named Take Inventory in your graveyard.",2016-07-22
1378,1,Take Out the Trash,BLB,Bloomburrow,156,normal,common,en,0.3,EUR,7a1c6f00-af4c-4d35-b682-6c0e759df9a5,Instant,{1}{R},2.0,"[""R""]","[""R""]","Take Out the Trash deals 3 damage to target creature or planeswalker. If you control a Raccoon, you may discard a card. If you do, draw a card.",2024-08-02
935,1,Take to the Streets,SNC,Streets of New Capenna,158,normal,uncommon,en,0.3,EUR,2b4a5122-6922-4ab5-aa43-94cf2d7f9c8a,Sorcery,{4}{G},5.0,"[""G""]","[""G""]",Creatures you control get +2/+2 until end of turn. Citizens you control get an additional +1/+1 and gain vigilance until end of turn.,2022-04-29
561,1,Taken by Nightmares,WOE,Wilds of Eldraine,112,normal,uncommon,en,0.3,EUR,f858d83d-a13e-4ffa-a91d-d695e5e5d71a,Instant,{2}{B}{B},4.0,"[""B""]","[""B""]","Exile target creature. If you control an enchantment, scry 2.",2023-09-08
1754,1,Tamiyo's Compleation,NEO,Kamigawa: Neon Dynasty,83,normal,common,en,0.3,EUR,aee62e43-6a82-4749-972b-e21802642abf,Enchantment — Aura,{3}{U},4.0,"[""U""]","[""U""]","Flash
Enchant artifact, creature, or planeswalker
When this Aura enters, tap enchanted permanent. If it's an Equipment, unattach it.
Enchanted permanent loses all abilities and doesn't untap during its controller's untap step.",2022-02-18
2171,1,Tandem Tactics,BBD,Battlebond,112,normal,common,en,0.3,EUR,6186835f-7e7f-4342-b981-f97f8f9f49df,Instant,{1}{W},2.0,"[""W""]","[""W""]",Up to two target creatures each get +1/+2 until end of turn. You gain 2 life.,2018-06-08
936,2,Tanglespan Lookout,WOE,Wilds of Eldraine,188,normal,uncommon,en,0.3,EUR,3bc5c32d-be0a-4a5f-a8c7-9767a895bc76,Creature — Satyr,{2}{G},3.0,"[""G""]","[""G""]","Whenever an Aura you control enters, draw a card.",2023-09-08
1755,1,Tattered Haunter,EMN,Eldritch Moon,77,normal,common,en,0.3,EUR,fd8ac8da-7497-4b07-af86-29bac1361c8e,Creature — Spirit,{1}{U},2.0,"[""U""]","[""U""]","Flying
This creature can block only creatures with flying.",2016-07-22
1379,1,Tattered Ratter,WOE,Wilds of Eldraine,152,normal,uncommon,en,0.3,EUR,30f505b4-d61c-4da8-ab45-37125260d556,Creature — Human Peasant,{1}{R},2.0,"[""R""]","[""R""]","Whenever a Rat you control becomes blocked, it gets +2/+0 until end of turn.",2023-09-08
562,1,Tavern Swindler,BBD,Battlebond,162,normal,uncommon,en,0.3,EUR,89b2fd2b-99b5-4262-a70a-93fd58699fb7,Creature — Human Rogue,{1}{B},2.0,"[""B""]","[""B""]","{T}, Pay 3 life: Flip a coin. If you win the flip, you gain 6 life.",2018-06-08
1380,1,Taxi Driver,SPM,Marvel's Spider-Man,97,normal,common,en,0.3,EUR,a80d3ed9-5e81-41b7-bb74-ab86cba841c8,Creature — Human Pilot,{1}{R},2.0,"[""R""]","[""R""]","{1}, {T}: Target creature gains haste until end of turn.",2025-09-26
1381,1,Tears of Valakut,OGW,Oath of the Gatewatch,118,normal,uncommon,en,0.3,EUR,db858823-ae8b-4da1-be6f-aee541e008ae,Instant,{1}{R},2.0,"[""R""]","[""R""]","This spell can't be countered.
Tears of Valakut deals 5 damage to target creature with flying.",2016-01-22
1756,1,Teller of Tales,CHK,Champions of Kamigawa,95,normal,common,en,0.3,EUR,c914db7d-c907-4d25-a180-f68b274a5cb7,Creature — Spirit,{3}{U}{U},5.0,"[""U""]","[""U""]","Flying
Whenever you cast a Spirit or Arcane spell, you may tap or untap target creature.",2004-10-01
1382,1,Tempered in Solitude,NEO,Kamigawa: Neon Dynasty,165,normal,uncommon,en,0.3,EUR,2cfd0693-6dba-4c0d-8c42-859d7bf38c40,Enchantment,{1}{R},2.0,"[""R""]","[""R""]","Whenever a creature you control attacks alone, exile the top card of your library. You may play that card this turn.",2022-02-18
2437,1,Temple Garden,ECL,Lorwyn Eclipsed,351,normal,rare,en,13.58,EUR,ec75b840-420d-4512-a74a-d70f19be0085,Land — Forest Plains // Land — Forest Plains,,,,"[""G"",""W""]","({T}: Add {G} or {W}.)
As this land enters, you may pay 2 life. If you don't, it enters tapped. // ({T}: Add {G} or {W}.)
As this land enters, you may pay 2 life. If you don't, it enters tapped.",2026-01-23
243,1,Temple of Enlightenment,BNG,Born of the Gods,163,normal,rare,en,0.59,EUR,c657a645-f454-4eaf-be0d-15c9989fa4ef,Land,,0.0,[],"[""U"",""W""]","This land enters tapped.
When this land enters, scry 1. (Look at the top card of your library. You may put that card on the bottom.)
{T}: Add {W} or {U}.",2014-02-07
2464,1,Temporal Cleansing,ECL,Lorwyn Eclipsed,78,normal,common,en,0.3,EUR,50ee7315-ec53-43d2-841e-8ec192b850f1,Sorcery,{3}{U},4.0,"[""U""]","[""U""]","Convoke (Your creatures can help cast this spell. Each creature you tap while casting this spell pays for {1} or one mana of that creature's color.)
The owner of target nonland permanent puts it into their library second from the top or on the bottom.",2026-01-23
937,1,Tenacious Hunter,HOU,Hour of Devastation,136,normal,uncommon,en,0.3,EUR,3eec0010-52ab-4bf2-b589-e7fd97c290fe,Creature — Crocodile,{2}{G}{G},4.0,"[""G""]","[""G""]","As long as a creature has a -1/-1 counter on it, this creature has vigilance and deathtouch.",2017-07-14
2496,1,Tend the Sprigs,ECL,Lorwyn Eclipsed,197,normal,common,en,0.3,EUR,388f6d9d-bb9a-4a3d-93c5-701db194863c,Sorcery,{2}{G},3.0,"[""G""]","[""G""]","Search your library for a basic land card, put it onto the battlefield tapped, then shuffle. Then if you control seven or more lands and/or Treefolk, create a 3/4 green Treefolk creature token with reach. (It can block creatures with flying.)",2026-01-23
2563,1,Tenderize,TMT,Teenage Mutant Ninja Turtles,133,normal,common,en,0.3,EUR,bc19807b-09e8-4923-abc3-d4bbe8cde5fc,,,,,,,
938,2,Tendril of the Mycotyrant,LCI,The Lost Caverns of Ixalan,215,normal,uncommon,en,0.3,EUR,afa464fe-978f-43de-ac35-79be4b12f0d9,Creature — Fungus Wizard,{1}{G},2.0,"[""G""]","[""G""]",{5}{G}{G}: Put seven +1/+1 counters on target noncreature land you control. It becomes a 0/0 Fungus creature with haste. It's still a land.,2023-11-17
1383,1,Tenement Crasher,RTR,Return to Ravnica,108,normal,common,en,0.3,EUR,44af9170-bd99-4fde-b673-62d988312b2d,Creature — Beast,{5}{R},6.0,"[""R""]","[""R""]",Haste,2012-10-05
2172,1,Tenth District Guard,GRN,Guilds of Ravnica,29,normal,common,en,0.3,EUR,829f959e-91cd-42ea-8644-ce828a304d01,Creature — Human Soldier,{1}{W},2.0,"[""W""]","[""W""]","When this creature enters, target creature gets +0/+1 until end of turn.",2018-10-05
2173,1,Terashi's Cry,CHK,Champions of Kamigawa,47,normal,common,en,0.3,EUR,7176139f-8a9a-4ee4-a56d-672fd09390e4,Sorcery — Arcane,{3}{W},4.0,"[""W""]","[""W""]",Tap up to three target creatures.,2004-10-01
617,1,Terminal Agony,MH2,Modern Horizons 2,215,normal,common,en,0.3,EUR,314e94ad-0e12-48bb-aae1-2c842943114a,Sorcery,{2}{B}{R},4.0,"[""B"",""R""]","[""B"",""R""]","Destroy target creature.
Madness {B}{R} (If you discard this card, discard it into exile. When you do, cast it for its madness cost or put it into your graveyard.)",2021-06-18
939,1,Terra Stomper,ORI,Magic Origins,288,normal,rare,en,0.42,EUR,652db782-cf79-4626-9eb2-ad214cb39c86,Creature — Beast,{3}{G}{G}{G},6.0,"[""G""]","[""G""]","This spell can't be countered.
Trample (This creature can deal excess combat damage to the player or planeswalker it's attacking.)",2015-07-17
244,1,Terrarion,EMN,Eldritch Moon,201,normal,common,en,0.3,EUR,72fae696-0db9-4a87-8a88-b4298da01a19,Artifact,{1},1.0,[],[],"This artifact enters tapped.
{2}, {T}, Sacrifice this artifact: Add two mana in any combination of colors.
When this artifact is put into a graveyard from the battlefield, draw a card.",2016-07-22
1384,1,Terror of the Fairgrounds,KLD,Kaladesh,137,normal,common,en,0.3,EUR,04623df9-8fa9-44cc-b528-c2c484626d1f,Creature — Gremlin,{3}{R},4.0,"[""R""]","[""R""]",,2016-09-30
2174,1,Tethmos High Priest,UMA,Ultimate Masters,40,normal,common,en,0.3,EUR,51baeea2-a922-4e98-8253-f395546c30c8,Creature — Cat Cleric,{2}{W},3.0,"[""W""]","[""W""]","Heroic — Whenever you cast a spell that targets this creature, return target creature card with mana value 2 or less from your graveyard to the battlefield.",2018-12-07
1757,1,Thassa's Bounty,THS,Theros,67,normal,common,en,0.3,EUR,3ac987ac-3f81-4704-b42c-651f44670641,Sorcery,{5}{U},6.0,"[""U""]","[""U""]",Draw three cards. Target player mills three cards.,2013-09-27
1758,1,Thassa's Devourer,JOU,Journey into Nyx,53,normal,common,en,0.3,EUR,d4ebd8c0-bb03-434d-b669-d9b35d07b2c6,Enchantment Creature — Elemental,{4}{U},5.0,"[""U""]","[""U""]","Constellation — Whenever this creature or another enchantment you control enters, target player mills two cards.",2014-05-02
1759,1,Thassa's Emissary,THS,Theros,68,normal,uncommon,en,0.3,EUR,f52b325b-3ea9-4a99-ae99-9d158560e45b,Enchantment Creature — Crab,{3}{U},4.0,"[""U""]","[""U""]","Bestow {5}{U} (If you cast this card for its bestow cost, it's an Aura spell with enchant creature. It becomes a creature again if it's not attached.)
Whenever this creature or enchanted creature deals combat damage to a player, draw a card.
Enchanted creature gets +3/+3.",2013-09-27
1760,1,Thassa's Rebuff,BNG,Born of the Gods,54,normal,uncommon,en,0.3,EUR,816a6ff7-cede-4346-b3e6-aee33aefac3a,Instant,{1}{U},2.0,"[""U""]","[""U""]","Counter target spell unless its controller pays {X}, where X is your devotion to blue. (Each {U} in the mana costs of permanents you control counts toward your devotion to blue.)",2014-02-07
2341,1,"The Boulder, Ready to Rumble",TLA,Avatar: The Last Airbender,168,normal,uncommon,en,0.3,EUR,ec27a466-5457-44c6-a842-1de7d3788d66,Legendary Creature — Human Warrior Performer,{3}{G},4.0,"[""G""]","[""G""]","Whenever The Boulder attacks, earthbend X, where X is the number of creatures you control with power 4 or greater. (Target land you control becomes a 0/0 creature with haste that's still a land. Put X +1/+1 counters on it. When it dies or is exiled, return it to the battlefield tapped.)",2025-11-21
245,1,The Chain Veil,M15,Magic 2015,215,normal,mythic,en,7.3,EUR,0415cc0e-979e-42cc-a56d-88d13153a7de,Legendary Artifact,{4},4.0,[],[],"At the beginning of your end step, if you didn't activate a loyalty ability of a planeswalker this turn, you lose 2 life.
{4}, {T}: For each planeswalker you control, you may activate one of its loyalty abilities once this turn as though none of its loyalty abilities have been activated this turn.",2014-07-18
2175,1,The Crystal's Chosen,FIN,Final Fantasy,14,normal,uncommon,en,0.3,EUR,d4df4373-0ee6-44e3-81c6-0881c070014c,Sorcery,{5}{W}{W},7.0,"[""W""]","[""W""]",Create four 1/1 colorless Hero creature tokens. Then put a +1/+1 counter on each creature you control.,2025-06-13
2307,1,"The Duke, Rebel Sentry",TLE,Avatar: The Last Airbender Eternal,76,normal,uncommon,en,0.59,EUR,cd9d91a8-7315-4355-af99-941f3cf7398c,Legendary Creature — Human Rebel Ally,{W},1.0,"[""W""]","[""W""]","The Duke enters with a +1/+1 counter on him.
{T}, Remove a counter from The Duke: Put a +1/+1 counter on another target creature you control. It gains hexproof until end of turn. (It can't be the target of spells or abilities your opponents control.)",2025-11-21
246,1,The One Ring,LTR,The Lord of the Rings: Tales of Middle-earth,451,normal,mythic,en,85.94,EUR,126ea71a-9a64-4d1e-a8ca-1efce3b8346f,Legendary Artifact,{4},4.0,[],[],"Indestructible
When The One Ring enters, if you cast it, you gain protection from everything until your next turn.
At the beginning of your upkeep, you lose 1 life for each burden counter on The One Ring.
{T}: Put a burden counter on The One Ring, then draw a card for each burden counter on The One Ring.",2023-06-23
2176,1,The Princess Takes Flight,WOE,Wilds of Eldraine,23,normal,uncommon,en,0.3,EUR,dad7bd06-22e4-40f8-bda9-bcdbb2d8f632,Enchantment — Saga,{2}{W},3.0,"[""W""]","[""W""]","(As this Saga enters and after your draw step, add a lore counter. Sacrifice after III.)
I — Exile up to one target creature.
II — Target creature you control gets +2/+2 and gains flying until end of turn.
III — Return the exiled card to the battlefield under its owner's control.",2023-09-08
1385,1,The Shattered States Era // Nameless Conqueror,NEO,Kamigawa: Neon Dynasty,162,normal,common,en,0.3,EUR,517392f6-d3fd-4c59-8317-2a3595ab7562,Enchantment — Saga // Enchantment Creature — Human Samurai,,5.0,,"[""R""]",,2022-02-18
247,1,The Shire,LTR,The Lord of the Rings: Tales of Middle-earth,345,normal,rare,en,3.86,EUR,248ed7a6-982a-4ff4-ba9b-3c1f47e7605c,Legendary Land,,0.0,[],"[""G""]","The Shire enters tapped unless you control a legendary creature.
{T}: Add {G}.
{1}{G}, {T}, Tap an untapped creature you control: Create a Food token.",2023-06-23
563,1,The Spot's Portal,SPM,Marvel's Spider-Man,68,normal,uncommon,en,0.3,EUR,67a8bf52-7562-4cdd-b970-106717a0aad6,Instant,{2}{B},3.0,"[""B""]","[""B""]",Put target creature on the bottom of its owner's library. You lose 2 life unless you control a Villain.,2025-09-26
564,1,The Witch's Vanity,WOE,Wilds of Eldraine,119,normal,uncommon,en,0.3,EUR,47ca4926-b5ac-405a-8b58-f8db6df400ff,Enchantment — Saga,{1}{B},2.0,"[""B""]","[""B""]","(As this Saga enters and after your draw step, add a lore counter. Sacrifice after III.)
I — Destroy target creature an opponent controls with mana value 2 or less.
II — Create a Food token. (It's an artifact with ""{2}, {T}, Sacrifice this token: You gain 3 life."")
III — Create a Wicked Role token attached to target creature you control.",2023-09-08
565,3,Thieving Sprite,MMA,Modern Masters,101,normal,common,en,0.3,EUR,244d864d-fc74-4147-aca6-d0498691b1a9,Creature — Faerie Rogue,{2}{B},3.0,"[""B""]","[""B""]","Flying
When this creature enters, target player reveals X cards from their hand, where X is the number of Faeries you control. You choose one of those cards. That player discards that card.",2013-06-07
1761,1,Third Path Savant,BRO,The Brothers' War,67,normal,common,en,0.3,EUR,793a51ab-59fb-424f-a315-3f63e8990322,Creature — Human Wizard,{2}{U},3.0,"[""U""]","[""U""]",{7}: Draw two cards.,2022-11-18
1762,4,Thirst for Knowledge,C18,Commander 2018,106,normal,uncommon,en,0.3,EUR,fb15affd-e407-4358-a3c2-8770d8d74726,Instant,{2}{U},3.0,"[""U""]","[""U""]",Draw three cards. Then discard two cards unless you discard an artifact card.,2018-08-10
248,1,Thopter,TRNA,Ravnica Allegiance Tokens,11,normal,common,en,0.3,EUR,8dd768c3-f278-41f8-b329-8403391d6326,Token Artifact Creature — Thopter,,0.0,[],[],Flying,2019-01-25
2177,1,Thopter Architect,BRO,The Brothers' War,29,normal,uncommon,en,0.3,EUR,61017325-cec0-46ac-aa32-5855e5904888,Creature — Human Artificer,{3}{W},4.0,"[""W""]","[""W""]","Whenever an artifact you control enters, target creature gains flying until end of turn.",2022-11-18
1386,1,Thopter Engineer,C18,Commander 2018,126,normal,uncommon,en,0.3,EUR,77b83dbe-77de-4446-96a5-6b4c4b6e8a27,Creature — Human Artificer,{2}{R},3.0,"[""R""]","[""R""]","When this creature enters, create a 1/1 colorless Thopter artifact creature token with flying.
Artifact creatures you control have haste. (They can attack and {T} as soon as they come under your control.)",2018-08-10
1763,1,Thopter Mechanic,BRO,The Brothers' War,68,normal,uncommon,en,0.3,EUR,7577b5c7-91ed-4201-bdfd-0919142124eb,Creature — Human Artificer,{1}{U},2.0,"[""U""]","[""U""]","Whenever you draw your second card each turn, put a +1/+1 counter on this creature.
When this creature dies, create a 1/1 colorless Thopter artifact creature token with flying.",2022-11-18
1387,1,Thorn-Thrash Viashino,PCA,Planechase Anthology,52,normal,common,en,0.3,EUR,ade3218d-f429-47dc-b282-6413f1ffb4c9,Creature — Lizard Warrior,{3}{R},4.0,"[""R""]","[""G"",""R""]","Devour 2 (As this creature enters, you may sacrifice any number of creatures. It enters with twice that many +1/+1 counters on it.)
{G}: This creature gains trample until end of turn.",2016-11-25
940,2,Thornhide Wolves,M19,Core Set 2019,204,normal,common,en,0.3,EUR,fc0f3812-bb6c-4d99-b505-9dfd84e3fd95,Creature — Wolf,{4}{G},5.0,"[""G""]","[""G""]",,2018-07-13
249,1,Thornwood Falls,ELD,Throne of Eldraine,313,normal,common,en,0.3,EUR,f5159db6-a87f-40eb-8c5c-821dfb67ff6d,Land,,0.0,[],"[""G"",""U""]","This land enters tapped.
When this land enters, you gain 1 life.
{T}: Add {G} or {U}.",2019-10-04
1764,1,Thoughtbind,CHK,Champions of Kamigawa,96,normal,common,en,0.3,EUR,7919cf41-67bb-4dc4-90de-cf3fa2096c2e,Instant,{2}{U},3.0,"[""U""]","[""U""]",Counter target spell with mana value 4 or less.,2004-10-01
566,2,Thoughtseize,IMA,Iconic Masters,110,normal,rare,en,8.59,EUR,310a1c46-8331-4a09-9fcb-d942f8102364,Sorcery,{B},1.0,"[""B""]","[""B""]",Target player reveals their hand. You choose a nonland card from it. That player discards that card. You lose 2 life.,2017-11-17
2441,1,Thoughtweft Charge,ECL,Lorwyn Eclipsed,198,normal,uncommon,en,0.3,EUR,19cfc015-b6d5-4918-99a7-990209e77441,Instant,{1}{G},2.0,"[""G""]","[""G""]","Target creature gets +3/+3 until end of turn. If a creature entered the battlefield under your control this turn, draw a card.",2026-01-23
2483,1,Thoughtweft Lieutenant,ECL,Lorwyn Eclipsed,246,normal,uncommon,en,0.3,EUR,2c54ec67-9317-455e-a045-fa4ed9cb676f,Creature — Kithkin Soldier,{G}{W},2.0,"[""G"",""W""]","[""G"",""W""]","Whenever this creature or another Kithkin you control enters, target creature you control gets +1/+1 and gains trample until end of turn.",2026-01-23
941,2,Thrashing Brontodon,PM20,Core Set 2020 Promos,197,normal,uncommon,en,0.3,EUR,94f967f0-7de1-4c1d-8502-232861591176,Creature — Dinosaur,{1}{G}{G},3.0,"[""G""]","[""G""]","{1}, Sacrifice this creature: Destroy target artifact or enchantment.",2019-07-12
250,1,Three Bowls of Porridge,WOE,Wilds of Eldraine,253,normal,uncommon,en,0.3,EUR,a508e040-d1e5-46aa-8404-1adc18f0f8bd,Artifact — Food,{2},2.0,[],[],"{2}, {T}: Choose one that hasn't been chosen —
• This artifact deals 2 damage to target creature.
• Tap target creature.
• Sacrifice this artifact. You gain 3 life.",2023-09-08
251,1,Three Tree Mascot,BLB,Bloomburrow,251,normal,common,en,0.3,EUR,aaced75b-6e07-457c-8ea2-f74d99710d15,Artifact Creature — Shapeshifter,{2},2.0,[],[],"Changeling (This card is every creature type.)
{1}: Add one mana of any color. Activate only once each turn.",2024-08-02
2344,1,Thriving Grove,TLE,Avatar: The Last Airbender Eternal,261,normal,common,en,0.3,EUR,4ba5e3b0-98df-40cc-96a3-0a87c3d39b99,Land,,0.0,[],"[""G""]","This land enters tapped. As it enters, choose a color other than green.
{T}: Add {G} or one mana of the chosen color.",2025-11-21
1388,2,Thriving Grubs,KLD,Kaladesh,138,normal,common,en,0.3,EUR,bbc3184a-eeda-4f22-92de-257c20cff6e2,Creature — Gremlin,{1}{R},2.0,"[""R""]","[""R""]","When this creature enters, you get {E}{E} (two energy counters).
Whenever this creature attacks, you may pay {E}{E}. If you do, put a +1/+1 counter on it.",2016-09-30
2296,1,Thriving Heath,TLE,Avatar: The Last Airbender Eternal,262,normal,common,en,0.3,EUR,202ae1e5-df13-4a6f-9202-6a2573809f73,Land,,0.0,[],"[""W""]","This land enters tapped. As it enters, choose a color other than white.
{T}: Add {W} or one mana of the chosen color.",2025-11-21
2349,1,Thriving Isle,TLE,Avatar: The Last Airbender Eternal,263,normal,common,en,0.3,EUR,94f93e5f-dba0-4079-8e6a-dd5d6fe6afa4,Land,,0.0,[],"[""U""]","This land enters tapped. As it enters, choose a color other than blue.
{T}: Add {U} or one mana of the chosen color.",2025-11-21
2311,1,Thriving Moor,TLE,Avatar: The Last Airbender Eternal,264,normal,common,en,0.3,EUR,528531e8-4574-4dd5-aa4e-d31ce0f4eb5c,Land,,0.0,[],"[""B""]","This land enters tapped. As it enters, choose a color other than black.
{T}: Add {B} or one mana of the chosen color.",2025-11-21
942,2,Thriving Rhino,KLD,Kaladesh,171,normal,common,en,0.3,EUR,5acf10ec-f2dd-4569-909b-ac52a9ed6adf,Creature — Rhino,{2}{G},3.0,"[""G""]","[""G""]","When this creature enters, you get {E}{E} (two energy counters).
Whenever this creature attacks, you may pay {E}{E}. If you do, put a +1/+1 counter on it.",2016-09-30
252,1,Throwing Knife,ORI,Magic Origins,241,normal,uncommon,en,0.3,EUR,5dfce9be-67a2-4e8a-a71f-e88f64067691,Artifact — Equipment,{2},2.0,[],[],"Equipped creature gets +2/+0.
Whenever equipped creature attacks, you may sacrifice this Equipment. If you do, this Equipment deals 2 damage to any target.
Equip {2} ({2}: Attach to target creature you control. Equip only as a sorcery.)",2015-07-17
1389,3,Thundering Giant,W17,Welcome Deck 2017,23,normal,common,en,0.3,EUR,ddbcc6e9-b5f4-4f20-9c15-b690b4f64304,Creature — Giant,{3}{R}{R},5.0,"[""R""]","[""R""]",Haste (This creature can attack and {T} as soon as it comes under your control.),2017-04-15
1390,1,Thunderous Might,BNG,Born of the Gods,114,normal,uncommon,en,0.3,EUR,d361851d-e2d4-4912-ba08-81913f6b6e08,Enchantment — Aura,{1}{R},2.0,"[""R""]","[""R""]","Enchant creature
Whenever enchanted creature attacks, it gets +X/+0 until end of turn, where X is your devotion to red. (Each {R} in the mana costs of permanents you control counts toward your devotion to red.)",2014-02-07
253,1,Thundersteel Colossus,NEO,Kamigawa: Neon Dynasty,261,normal,common,en,0.3,EUR,b7d49f9c-2dd3-4aed-9b78-e1bcad354a35,Artifact — Vehicle,{7},7.0,[],[],"Trample, haste
Crew 2 (Tap any number of creatures you control with total power 2 or more: This Vehicle becomes an artifact creature until end of turn.)",2022-02-18
2178,1,Thwip!,SPM,Marvel's Spider-Man,20,normal,common,en,0.3,EUR,b2dac88e-1204-4640-94ce-e1aff434ea06,Instant,{W},1.0,"[""W""]","[""W""]","Target creature gets +2/+2 and gains flying until end of turn. If it's a Spider, you gain 2 life.",2025-09-26
1765,2,Tidespout Tyrant,BBD,Battlebond,134,normal,rare,en,1.97,EUR,9a7c2716-35ab-411d-8456-267e09833358,Creature — Djinn,{5}{U}{U}{U},8.0,"[""U""]","[""U""]","Flying
Whenever you cast a spell, return target permanent to its owner's hand.",2018-06-08
1766,4,Tightening Coils,BFZ,Battle for Zendikar,86,normal,common,en,0.3,EUR,a014dd06-626d-4917-8981-e0064718b571,Enchantment — Aura,{1}{U},2.0,"[""U""]","[""U""]","Enchant creature
Enchanted creature gets -6/-0 and loses flying.",2015-10-02
943,2,Timberpack Wolf,A25,Masters 25,190,normal,common,en,0.3,EUR,5f3d1b54-ceef-425d-a349-80a49ac5d879,Creature — Wolf,{1}{G},2.0,"[""G""]","[""G""]",This creature gets +1/+1 for each other creature you control named Timberpack Wolf.,2018-03-16
944,1,Time to Feed,DDO,Duel Decks: Elspeth vs. Kiora,50,normal,common,en,0.3,EUR,32561f72-bb4d-44b2-9c90-9d1041cf3699,Sorcery,{2}{G},3.0,"[""G""]","[""G""]","Choose target creature an opponent controls. When that creature dies this turn, you gain 3 life. Target creature you control fights that creature. (Each deals damage equal to its power to the other.)",2015-02-27
2410,1,Timid Shieldbearer,ECL,Lorwyn Eclipsed,39,normal,common,en,0.3,EUR,1c672d38-a1a6-4912-a9a6-b11e7bf0cc67,Creature — Kithkin Soldier,{1}{W},2.0,"[""W""]","[""W""]",{4}{W}: Creatures you control get +1/+1 until end of turn.,2026-01-23
2450,1,Timid Shieldbearer,ECL,Lorwyn Eclipsed,39,normal,common,en,0.3,EUR,1c672d38-a1a6-4912-a9a6-b11e7bf0cc67,Creature — Kithkin Soldier,{1}{W},2.0,"[""W""]","[""W""]",{4}{W}: Creatures you control get +1/+1 until end of turn.,2026-01-23
1391,1,Tin Street Hooligan,GPT,Guildpact,78,normal,common,en,0.3,EUR,ad525bb3-15fd-4887-a3e7-0a036258dcc7,Creature — Goblin Rogue,{1}{R},2.0,"[""R""]","[""G"",""R""]","When this creature enters, if {G} was spent to cast it, destroy target artifact.",2006-02-03
2179,1,Tinker's Tote,LCI,The Lost Caverns of Ixalan,40,normal,common,en,0.3,EUR,8321857e-7977-46dd-8357-d732312e5261,Artifact,{2}{W},3.0,"[""W""]","[""W""]","When this artifact enters, create two 1/1 colorless Gnome artifact creature tokens.
{W}, Sacrifice this artifact: You gain 3 life.",2023-11-17
2180,3,Tireless Missionaries,M15,Magic 2015,39,normal,common,en,0.3,EUR,c47b7386-168f-4b8e-9a26-9da6d697a501,Creature — Human Cleric,{4}{W},5.0,"[""W""]","[""W""]","When this creature enters, you gain 3 life.",2014-07-18
945,6,Titanic Growth,M20,Core Set 2020,343,normal,common,en,0.3,EUR,0db41405-87a2-4a91-97f4-a8af2ffe8313,Instant,{1}{G},2.0,"[""G""]","[""G""]",Target creature gets +4/+4 until end of turn.,2019-07-12
946,2,Toadstool Admirer,WOE,Wilds of Eldraine,192,normal,common,en,0.3,EUR,f0a6349a-beff-4abd-b005-86d27c1e2957,Creature — Ouphe,{G},1.0,"[""G""]","[""G""]","Ward {2} (Whenever this creature becomes the target of a spell or ability an opponent controls, counter it unless that player pays {2}.)
{3}{G}: Put a +1/+1 counter on this creature.",2023-09-08
1767,4,Tolarian Scholar,M19,Core Set 2019,80,normal,common,en,0.3,EUR,2eda67da-02b5-4ecb-9038-10e026d454ec,Creature — Human Wizard,{2}{U},3.0,"[""U""]","[""U""]",,2018-07-13
1768,1,Tolarian Sentinel,TSP,Time Spiral,87,normal,common,en,0.3,EUR,2e97ec8b-6163-41ff-9e6f-af091a7c529e,Creature — Human Spellshaper,{3}{U},4.0,"[""U""]","[""U""]","Flying
{U}, {T}, Discard a card: Return target permanent you control to its owner's hand.",2006-10-06
947,1,Tomakul Honor Guard,BRO,The Brothers' War,195,normal,common,en,0.3,EUR,c7745439-f40b-4647-8bff-53751d511bbd,Creature — Human Soldier,{1}{G},2.0,"[""G""]","[""G""]","Ward {2} (Whenever this creature becomes the target of a spell or ability an opponent controls, counter it unless that player pays {2}.)",2022-11-18
1392,1,Tomakul Scrapsmith,BRO,The Brothers' War,153,normal,common,en,0.3,EUR,d462d30c-9060-46d6-b5b3-cac476ee2ce1,Creature — Human Artificer,{2}{R},3.0,"[""R""]","[""R""]","When this creature enters, mill three cards. You may put an artifact card from among the cards milled this way into your hand. If you don't, put a +1/+1 counter on this creature. (To mill a card, put the top card of your library into your graveyard.)",2022-11-18
2181,1,Topan Freeblade,IMA,Iconic Masters,37,normal,uncommon,en,0.3,EUR,3e953224-6ea0-4580-b2a2-c1ff133fb991,Creature — Human Soldier,{1}{W},2.0,"[""W""]","[""W""]","Vigilance (Attacking doesn't cause this creature to tap.)
Renown 1 (When this creature deals combat damage to a player, if it isn't renowned, put a +1/+1 counter on it and it becomes renowned.)",2017-11-17
2340,1,"Toph, the Blind Bandit",TLA,Avatar: The Last Airbender,198,normal,uncommon,en,0.3,EUR,ff68fa7b-8065-407b-a8b4-bfbb14f1c99c,Legendary Creature — Human Warrior Ally,{2}{G},3.0,"[""G""]","[""G""]","When Toph enters, earthbend 2. (Target land you control becomes a 0/0 creature with haste that's still a land. Put two +1/+1 counters on it. When it dies or is exiled, return it to the battlefield tapped.)
Toph's power is equal to the number of +1/+1 counters on lands you control.",2025-11-21
1393,1,Torch Breath,SNC,Streets of New Capenna,127,normal,uncommon,en,0.3,EUR,d9fbd4a8-c44c-42fc-b946-bdc7e20e1668,Instant,{X}{R},1.0,"[""R""]","[""R""]","This spell costs {2} less to cast if it targets a blue permanent.
This spell can't be countered.
Torch Breath deals X damage to target creature or planeswalker.",2022-04-29
1769,1,Torch Drake,GPT,Guildpact,38,normal,common,en,0.3,EUR,0beff896-df7a-42b3-aaca-0b9ca1b8cf0c,Creature — Drake,{3}{U},4.0,"[""U""]","[""R"",""U""]","Flying
{1}{R}: This creature gets +1/+0 until end of turn.",2006-02-03
1394,4,Torch Fiend,M15,Magic 2015,166,normal,common,en,0.3,EUR,3ea18c3f-0ca3-44ba-b8f5-87ce1797c58f,Creature — Devil,{1}{R},2.0,"[""R""]","[""R""]","{R}, Sacrifice this creature: Destroy target artifact.",2014-07-18
254,1,Torch Gauntlet,KLD,Kaladesh,237,normal,common,en,0.3,EUR,dfcf9a88-c5f8-4c26-a2ee-d2827e9a31d8,Artifact — Equipment,{2},2.0,[],[],"Equipped creature gets +2/+0.
Equip {2} ({2}: Attach to target creature you control. Equip only as a sorcery.)",2016-09-30
2182,2,Torii Watchward,SOK,Saviors of Kamigawa,30,normal,common,en,0.3,EUR,b8ec0916-f320-4fad-9ec5-99aeecfda0e3,Creature — Spirit,{4}{W},5.0,"[""W""]","[""W""]","Vigilance (Attacking doesn't cause this creature to tap.)
Soulshift 4 (When this creature dies, you may return target Spirit card with mana value 4 or less from your graveyard to your hand.)",2005-06-03
1395,2,Tormenting Voice,GNT,Game Night,43,normal,common,en,0.34,EUR,5abc82e3-465c-4c54-8e87-6cd6d99eaff2,Sorcery,{1}{R},2.0,"[""R""]","[""R""]","As an additional cost to cast this spell, discard a card.
Draw two cards.",2018-11-16
255,3,Tormod's Crypt,C14,Commander 2014,278,normal,uncommon,en,1.11,EUR,930d2796-9766-4d15-8999-26b668fe2cf6,Artifact,{0},0.0,[],[],"{T}, Sacrifice this artifact: Exile target player's graveyard.",2014-11-07
1770,1,Tortoise Formation,ALA,Shards of Alara,61,normal,common,en,0.3,EUR,59ff8324-42b8-4eeb-8d0b-ea679c984933,Instant,{3}{U},4.0,"[""U""]","[""U""]",Creatures you control gain shroud until end of turn. (They can't be the targets of spells or abilities.),2008-10-03
1771,2,Totally Lost,WAR,War of the Spark,74,normal,common,en,0.3,EUR,adffef78-f776-42d3-ab40-3347c8e5c88b,Instant,{4}{U},5.0,"[""U""]","[""U""]",Put target nonland permanent on top of its owner's library.,2019-05-03
256,1,Touch of the Void,BFZ,Battle for Zendikar,134,normal,common,en,0.3,EUR,006ead4a-dc57-4856-8e13-235ba55483e6,Sorcery,{2}{R},3.0,[],"[""R""]","Devoid (This card has no color.)
Touch of the Void deals 3 damage to any target. If a creature dealt damage this way would die this turn, exile it instead.",2015-10-02
257,1,Towashi Guide-Bot,NEO,Kamigawa: Neon Dynasty,262,normal,uncommon,en,0.3,EUR,da4ccf70-b661-46ea-bea9-4466a3a35562,Artifact Creature — Construct,{4},4.0,[],[],"When this creature enters, put a +1/+1 counter on target creature you control.
{4}, {T}: Draw a card. This ability costs {1} less to activate for each modified creature you control. (Equipment, Auras you control, and counters are modifications.)",2022-02-18
1772,1,Train of Thought,DDJ,Duel Decks: Izzet vs. Golgari,19,normal,common,en,0.3,EUR,a9c1c674-0742-45be-afd5-2dbcd6b499ae,Sorcery,{1}{U},2.0,"[""U""]","[""U""]","Replicate {1}{U} (When you cast this spell, copy it for each time you paid its replicate cost.)
Draw a card.",2012-09-07
2225,2,Tranquil Cove,C19,Commander 2019,284,normal,common,en,0.3,EUR,36c70a1d-c129-4c97-a190-6b3eaa83d48c,Land,,0.0,[],"[""U"",""W""]","This land enters tapped.
When this land enters, you gain 1 life.
{T}: Add {W} or {U}.",2019-08-23
258,1,Transmogrant Altar,BRO,The Brothers' War,124,normal,uncommon,en,0.3,EUR,ca28d210-a35d-491e-beda-76b95d09dc2d,Artifact,{3},3.0,[],"[""B""]","{B}, {T}, Sacrifice a creature: Add {C}{C}{C}.
{2}, {T}, Sacrifice a creature: Create a 3/3 colorless Zombie artifact creature token. Activate only as a sorcery.",2022-11-18
2183,1,Trapped in the Screen,DSK,Duskmourn: House of Horror,36,normal,common,en,0.3,EUR,1fe95bfb-8ca7-434f-a2e7-a6b2e699584e,Enchantment,{2}{W},3.0,"[""W""]","[""W""]","Ward {2} (Whenever this enchantment becomes the target of a spell or ability an opponent controls, counter it unless that player pays {2}.)
When this enchantment enters, exile target artifact, creature, or enchantment an opponent controls until this enchantment leaves the battlefield.",2024-09-27
259,2,Traveler's Amulet,RIX,Rivals of Ixalan,184,normal,common,en,0.3,EUR,393e2aa2-110e-4824-a9c9-5a76cb2bec23,Artifact,{1},1.0,[],[],"{1}, Sacrifice this artifact: Search your library for a basic land card, reveal it, put it into your hand, then shuffle.",2018-01-19
2184,4,Traveling Philosopher,THS,Theros,34,normal,common,en,0.3,EUR,edad0276-45d1-45e5-a6b1-1cd2a99b4f2c,Creature — Human Advisor,{1}{W},2.0,"[""W""]","[""W""]",,2013-09-27
1773,1,Treason of Isengard,LTR,The Lord of the Rings: Tales of Middle-earth,74,normal,common,en,0.3,EUR,71f97505-c961-4890-acd0-32a63919ac2a,Sorcery,{2}{U},3.0,"[""U""]","[""U""]","Put up to one target instant or sorcery card from your graveyard on top of your library.
Amass Orcs 2. (To amass Orcs 2, put two +1/+1 counters on an Army you control. It's also an Orc. If you don't control an Army, create a 0/0 black Orc Army creature token first.)",2023-06-23
260,6,Treasure,TC19,Commander 2019 Tokens,25,normal,common,en,0.3,EUR,e6fa7d35-9a7a-40fc-9b97-b479fc157ab0,Token Artifact — Treasure,,0.0,[],[],"{T}, Sacrifice this token: Add one mana of any color.",2019-08-01
948,1,Treefolk Warrior,TM15,Magic 2015 Tokens,11,normal,common,en,1.28,EUR,2569593a-d2f2-414c-9e61-2c34e8a5832d,Token Creature — Treefolk Warrior,,0.0,"[""G""]","[""G""]",This creature's power and toughness are each equal to the number of Forests you control.,2014-07-18
2280,1,Treetop Freedom Fighters,TLA,Avatar: The Last Airbender,156,normal,common,en,0.3,EUR,a9394200-7ffc-440f-8b5f-c08b7930133c,Creature — Human Rebel Ally,{2}{R},3.0,"[""R""]","[""R""]","Haste
When this creature enters, create a 1/1 white Ally creature token.",2025-11-21
567,1,Trench Stalker,BRO,The Brothers' War,116,normal,common,en,0.3,EUR,aa1b987a-a3b9-4cd1-85b0-e58df4130934,Creature — Beast Horror,{4}{B},5.0,"[""B""]","[""B""]","As long as you've drawn two or more cards this turn, this creature has deathtouch and lifelink.",2022-11-18
261,4,"Treno, Dark City",FIN,Final Fantasy,290,normal,common,en,0.3,EUR,f6285535-bc44-4274-a886-b14d7c7aaba8,Land — Town,,0.0,[],"[""B"",""U""]","This land enters tapped.
{T}: Add {U} or {B}.",2025-06-13
2497,1,Tributary Vaulter,ECL,Lorwyn Eclipsed,40,normal,common,en,0.3,EUR,a1db2c83-41d1-4cc6-b9a3-fed504b01127,Creature — Merfolk Warrior,{2}{W},3.0,"[""W""]","[""W""]","Flying
Whenever this creature becomes tapped, another target Merfolk you control gets +2/+0 until end of turn.",2026-01-23
2185,1,Triclopean Sight,LRW,Lorwyn,45,normal,common,en,0.34,EUR,444b5d72-ac5b-43d2-b5dc-0cc4bf63e43d,Enchantment — Aura,{1}{W},2.0,"[""W""]","[""W""]","Flash
Enchant creature
When this Aura enters, untap enchanted creature.
Enchanted creature gets +1/+1 and has vigilance.",2007-10-12
2186,4,Triplicate Spirits,M15,Magic 2015,40,normal,common,en,0.3,EUR,3d6498d3-bf1f-4bf1-a602-7c21fb44c106,Sorcery,{4}{W}{W},6.0,"[""W""]","[""W""]","Convoke (Your creatures can help cast this spell. Each creature you tap while casting this spell pays for {1} or one mana of that creature's color.)
Create three 1/1 white Spirit creature tokens with flying.",2014-07-18
1774,1,Triton Shorestalker,JOU,Journey into Nyx,56,normal,common,en,0.85,EUR,881c554e-2324-41e2-89f1-db9f4017bc31,Creature — Merfolk Rogue,{U},1.0,"[""U""]","[""U""]",This creature can't be blocked.,2014-05-02
1775,1,Triton Shorethief,THS,Theros,70,normal,common,en,0.3,EUR,d8f0fe22-dc89-4ad8-b5f6-6d91b61f1385,Creature — Merfolk Rogue,{U},1.0,"[""U""]","[""U""]",,2013-09-27
1776,1,Triton Tactics,DDT,Duel Decks: Merfolk vs. Goblins,23,normal,uncommon,en,0.3,EUR,da8134a6-7fd7-4f41-8127-dc32400fb04b,Instant,{U},1.0,"[""U""]","[""U""]","Up to two target creatures each get +0/+3 until end of turn. Untap those creatures. At this turn's next end of combat, tap each creature that was blocked by one of those creatures this turn and it doesn't untap during its controller's next untap step.",2017-10-24
1396,3,Triumphant Chomp,LCI,The Lost Caverns of Ixalan,170,normal,uncommon,en,0.3,EUR,06b28139-efa7-4818-a012-cf8150692b43,Sorcery,{R},1.0,"[""R""]","[""R""]","Triumphant Chomp deals damage to target creature equal to 2 or the greatest power among Dinosaurs you control, whichever is greater.",2023-11-17
1777,1,Trove Tracker,CMR,Commander Legends,104,normal,common,en,0.3,EUR,c3b74135-b8db-4485-a4b1-7aaa3ef28072,Creature — Human Pirate,{2}{U},3.0,"[""U""]","[""U""]","When this creature dies, draw a card.
Encore {5}{U}{U} ({5}{U}{U}, Exile this card from your graveyard: For each opponent, create a token copy that attacks that opponent this turn if able. They gain haste. Sacrifice them at the beginning of the next end step. Activate only as a sorcery.)",2020-11-20
262,1,True-Faith Censer,SOI,Shadows over Innistrad,267,normal,common,en,0.3,EUR,815eb91c-06fa-4362-803e-e9bf7d374856,Artifact — Equipment,{2},2.0,[],[],"Equipped creature gets +1/+1 and has vigilance.
As long as equipped creature is a Human, it gets an additional +1/+0.
Equip {2} ({2}: Attach to target creature you control. Equip only as a sorcery.)",2016-04-08
1397,2,Trumpet Blast,M19,Core Set 2019,165,normal,common,en,0.3,EUR,c676a5b0-bd46-46b3-b71b-a50b86c9b0bd,Instant,{2}{R},3.0,"[""R""]","[""R""]",Attacking creatures get +2/+0 until end of turn.,2018-07-13
2187,2,Trusty Packbeast,M19,Core Set 2019,41,normal,common,en,0.3,EUR,8320e35b-15b9-4f98-b9b8-9c951696408b,Creature — Beast,{2}{W},3.0,"[""W""]","[""W""]","When this creature enters, return target artifact card from your graveyard to your hand.",2018-07-13
2512,2,Tunnel Rats,TMT,Teenage Mutant Ninja Turtles,84,normal,common,en,0.3,EUR,70faf7d8-008a-454a-a21b-702aa661b8f9,,,,,,,
1778,1,Turn Aside,EMN,Eldritch Moon,78,normal,common,en,0.3,EUR,3b7573c2-484c-4b4e-9c26-0f005bd1daee,Instant,{U},1.0,"[""U""]","[""U""]",Counter target spell that targets a permanent you control.,2016-07-22
1398,1,Turn Inside Out,DSK,Duskmourn: House of Horror,160,normal,common,en,0.3,EUR,57e2a92c-06d3-4cb5-883d-cba428a7e98e,Instant,{R},1.0,"[""R""]","[""R""]","Target creature gets +3/+0 until end of turn. When it dies this turn, manifest dread. (Look at the top two cards of your library. Put one onto the battlefield face down as a 2/2 creature and the other into your graveyard. Turn it face up any time for its mana cost if it's a creature card.)",2024-09-27
1779,2,Turn to Frog,ORI,Magic Origins,81,normal,uncommon,en,0.3,EUR,f13c604f-b2a7-4370-b7e4-698d8e8647bb,Instant,{1}{U},2.0,"[""U""]","[""U""]","Until end of turn, target creature loses all abilities and becomes a blue Frog with base power and toughness 1/1.",2015-07-17
2566,1,Turtles in Time,TMT,Teenage Mutant Ninja Turtles,55,normal,mythic,en,2.58,EUR,bdb3efe7-7b12-4503-83e9-7977eb099db5,,,,,,,
2375,1,Tweeze,ECL,Lorwyn Eclipsed,162,normal,common,en,0.3,EUR,3ceab0e6-1bb8-487d-ab4b-2da8457b970a,Instant,{2}{R},3.0,"[""R""]","[""R""]","Tweeze deals 3 damage to any target. You may discard a card. If you do, draw a card.",2026-01-23
2188,1,Twilight Panther,RNA,Ravnica Allegiance,28,normal,common,en,0.3,EUR,5fb149cc-74ca-4bc3-8efc-10ce872b59fb,Creature — Cat Spirit,{W},1.0,"[""W""]","[""B"",""W""]",{B}: This creature gains deathtouch until end of turn.,2019-01-25
2403,1,Twinflame Travelers,ECL,Lorwyn Eclipsed,248,normal,uncommon,en,0.3,EUR,5fc9f409-3aef-4403-bf17-6e9a72ecfada,Creature — Elemental Sorcerer,{2}{U}{R},4.0,"[""R"",""U""]","[""R"",""U""]","Flying
If a triggered ability of another Elemental you control triggers, it triggers an additional time.",2026-01-23
568,1,Twins of Maurer Estate,UMA,Ultimate Masters,118,normal,common,en,0.3,EUR,f689e20a-2c24-44a3-9e1b-7717df3d1948,Creature — Vampire,{4}{B},5.0,"[""B""]","[""B""]","Madness {2}{B} (If you discard this card, discard it into exile. When you do, cast it for its madness cost or put it into your graveyard.)",2018-12-07
1399,1,Twinshot Sniper,NEO,Kamigawa: Neon Dynasty,168,normal,uncommon,en,0.3,EUR,08a86009-4637-4b6c-9d36-367151583668,Artifact Creature — Goblin Archer,{3}{R},4.0,"[""R""]","[""R""]","Reach
When this creature enters, it deals 2 damage to any target.
Channel — {1}{R}, Discard this card: It deals 2 damage to any target.",2022-02-18
569,1,Twisted Embrace,NEO,Kamigawa: Neon Dynasty,125,normal,common,en,0.3,EUR,e4c7919a-de62-46df-a937-593647473ef5,Enchantment — Aura,{2}{B}{B},4.0,"[""B""]","[""B""]","Enchant artifact or creature you control
When this Aura enters, destroy target creature or planeswalker an opponent controls.
As long as enchanted permanent is a creature, it gets +1/+1.",2022-02-18
570,1,Twisted Sewer-Witch,WOE,Wilds of Eldraine,114,normal,uncommon,en,0.3,EUR,d6e3ddf7-582d-4923-be30-8428e52237e4,Creature — Human Warlock,{3}{B}{B},5.0,"[""B""]","[""B""]","When this creature enters, create a 1/1 black Rat creature token with ""This creature can't block."" Then for each Rat you control, create a Wicked Role token attached to that Rat. (If you control another Role on it, put that one into the graveyard. Enchanted creature gets +1/+1. When this token is put into a graveyard, each opponent loses 1 life.)",2023-09-08
949,3,Twists and Turns // Mycoid Maze,LCI,The Lost Caverns of Ixalan,217,normal,uncommon,en,0.3,EUR,3cdf691e-96a5-45c7-9b94-6f04af81c8e4,Enchantment // Land — Cave,,1.0,,"[""G""]",,2023-11-17
1400,1,Two-Headed Cerberus,THS,Theros,146,normal,common,en,0.3,EUR,f8d2f75c-ef2a-4d30-86d1-c47307fc47ac,Creature — Dog,{1}{R}{R},3.0,"[""R""]","[""R""]",Double strike (This creature deals both first-strike and regular combat damage.),2013-09-27
1401,1,Two-Headed Hunter // Twice the Rage,WOE,Wilds of Eldraine,155,normal,uncommon,en,0.3,EUR,70c12e75-7e65-4706-b976-e47835910928,Creature — Giant // Instant — Adventure,{4}{R} // {1}{R},5.0,"[""R""]","[""R""]",,2023-09-08
571,1,"Tymaret, Chosen from Death",THB,Theros Beyond Death,263,normal,uncommon,en,0.3,EUR,1bcb02d3-dcf4-41a6-8b9a-f8ad477faea0,Legendary Enchantment Creature — Demigod,{B}{B},2.0,"[""B""]","[""B""]","Tymaret's toughness is equal to your devotion to black. (Each {B} in the mana costs of permanents you control counts toward your devotion to black.)
{1}{B}: Exile up to two target cards from graveyards. You gain 1 life for each creature card exiled this way.",2020-01-24
572,5,Typhoid Rats,FRF,Fate Reforged,89,normal,common,en,0.3,EUR,d13cb90b-50c3-46ef-83f8-812dfb7ff881,Creature — Rat,{B},1.0,"[""B""]","[""B""]",Deathtouch (Any amount of damage this deals to a creature is enough to destroy it.),2015-01-23
263,3,Tyrant's Machine,BBD,Battlebond,248,normal,common,en,0.3,EUR,2c697b0b-edba-491a-b40e-f88572a6e955,Artifact,{2},2.0,[],[],"{4}, {T}: Tap target creature.",2018-06-08
634,1,"Uchbenbak, the Great Mistake",LCI,The Lost Caverns of Ixalan,242,normal,uncommon,en,0.3,EUR,a062202c-f9fb-4dd6-989a-c3083644f1c0,Legendary Creature — Skeleton Horror,{3}{U}{B},5.0,"[""B"",""U""]","[""B"",""U""]","Vigilance, menace
Descend 8 — {4}{U}{B}: Return this card from your graveyard to the battlefield with a finality counter on it. Activate only if there are eight or more permanent cards in your graveyard and only as a sorcery. (If a creature with a finality counter on it would die, exile it instead.)",2023-11-17
573,2,Ulcerate,IMA,Iconic Masters,112,normal,uncommon,en,0.3,EUR,f78ab496-a19f-4c70-a56c-09a512d40c87,Instant,{B},1.0,"[""B""]","[""B""]",Target creature gets -3/-3 until end of turn. You lose 3 life.,2017-11-17
264,1,Ultima Weapon,FIN,Final Fantasy,563,normal,rare,en,6.44,EUR,b9162d08-a6ba-4e6e-b82c-9b092bd781dd,Legendary Artifact — Equipment,{7},7.0,[],[],"Whenever equipped creature attacks, destroy target creature an opponent controls.
Equipped creature gets +7/+7.
Equip {7}",2025-06-13
618,1,Ultimate Green Goblin,SPM,Marvel's Spider-Man,276,normal,rare,en,0.42,EUR,5e96fe19-9671-48b0-92fc-c46224c433c6,Legendary Creature — Goblin Villain,{1}{B/R}{B/R},3.0,"[""B"",""R""]","[""B"",""R""]","At the beginning of your upkeep, discard a card, then create a Treasure token.
Mayhem {2}{B/R} (You may cast this card from your graveyard for {2}{B/R} if you discarded it this turn. Timing rules still apply.)",2025-09-26
1780,1,"Ultimecia, Temporal Threat",FIN,Final Fantasy,556,normal,rare,en,1.11,EUR,b64e4475-f1c6-4d85-b42f-6d84d06855bb,Legendary Creature — Human Warlock,{4}{U}{U},6.0,"[""U""]","[""U""]","When Ultimecia enters, tap all creatures your opponents control.
Whenever a creature you control deals combat damage to a player, draw a card.",2025-06-13
950,2,Ulvenwald Captive // Ulvenwald Abomination,EMN,Eldritch Moon,175,normal,common,en,0.3,EUR,0dbaef61-fa39-4ea7-bc21-445401c373e7,Creature — Werewolf Horror // Creature — Eldrazi Werewolf,,2.0,,"[""G""]",,2016-07-22
265,1,Uncharted Haven,NEO,Kamigawa: Neon Dynasty,281,normal,common,en,0.3,EUR,1d4ad89a-3a00-4bf4-a357-4a8a089d4a82,Land,,0.0,[],[],"This land enters tapped. As it enters, choose a color.
{T}: Add one mana of the chosen color.",2022-02-18
2339,1,Uncle Iroh,TLA,Avatar: The Last Airbender,248,normal,uncommon,en,0.3,EUR,5c88672c-0eba-4e93-a0ec-30bbb1bb7661,Legendary Creature — Human Noble Ally,{1}{R/G}{R/G},3.0,"[""G"",""R""]","[""G"",""R""]","Firebending 1 (Whenever this creature attacks, add {R}. This mana lasts until end of combat.)
Lesson spells you cast cost {1} less to cast.",2025-11-21
1781,4,Uncomfortable Chill,M19,Core Set 2019,82,normal,common,en,0.3,EUR,8f12d70b-fff7-4d0c-982e-2fea70018a78,Instant,{2}{U},3.0,"[""U""]","[""U""]","Creatures your opponents control get -2/-0 until end of turn.
Draw a card.",2018-07-13
2189,2,Unconventional Tactics,HOU,Hour of Devastation,27,normal,uncommon,en,0.3,EUR,52db5673-ecd3-4e58-8dc9-b42c76f80186,Sorcery,{2}{W},3.0,"[""W""]","[""W""]","Target creature gets +3/+3 and gains flying until end of turn.
Whenever a Zombie you control enters, you may pay {W}. If you do, return this card from your graveyard to your hand.",2017-07-14
574,1,Undead Leotau,ALA,Shards of Alara,90,normal,common,en,0.3,EUR,7ab9a62a-5503-430d-8b67-061a46b5c22c,Creature — Zombie Cat,{5}{B},6.0,"[""B""]","[""B"",""R""]","{R}: This creature gets +1/-1 until end of turn.
Unearth {2}{B} ({2}{B}: Return this card from your graveyard to the battlefield. It gains haste. Exile it at the beginning of the next end step or if it would leave the battlefield. Unearth only as a sorcery.)",2008-10-03
575,4,Undercity Dire Rat,FIN,Final Fantasy,123,normal,common,en,0.3,EUR,274788f4-fbf3-4a15-bdc0-f513a2fde30d,Creature — Rat,{1}{B},2.0,"[""B""]","[""B""]","Rat Tail — When this creature dies, create a Treasure token. (It's an artifact with ""{T}, Sacrifice this token: Add one mana of any color."")",2025-06-13
951,1,Undercity Troll,IMA,Iconic Masters,188,normal,uncommon,en,0.3,EUR,2fe1ebf9-8378-444b-870a-5be12aa1f5fa,Creature — Troll,{1}{G},2.0,"[""G""]","[""G""]","Renown 1 (When this creature deals combat damage to a player, if it isn't renowned, put a +1/+1 counter on it and it becomes renowned.)
{2}{G}: Regenerate this creature. (The next time this creature would be destroyed this turn, instead tap it, remove it from combat, and heal all damage on it.)",2017-11-17
266,4,Underground River,CM2,Commander Anthology Volume II,275,normal,rare,en,3.0,EUR,9b411380-878e-4f96-b9db-85bb3dec55d1,Land,,0.0,[],"[""B"",""U""]","{T}: Add {C}.
{T}: Add {U} or {B}. This land deals 1 damage to you.",2018-06-08
952,3,Undergrowth Scavenger,M15,Magic 2015,204,normal,common,en,0.3,EUR,4f8dc77e-f003-4c25-8394-cda22e3ea039,Creature — Fungus Horror,{3}{G},4.0,"[""G""]","[""G""]",This creature enters with a number of +1/+1 counters on it equal to the number of creature cards in all graveyards.,2014-07-18
1782,1,Underwater Tunnel // Slimy Aquarium,DSK,Duskmourn: House of Horror,79,normal,common,en,0.3,EUR,2dd69f2d-8c9c-41fc-93ea-48fc7a6d5272,Enchantment — Room // Enchantment — Room,{U} // {3}{U},5.0,"[""U""]","[""U""]",,2024-09-27
1402,1,Undying Rage,UMA,Ultimate Masters,153,normal,common,en,0.3,EUR,06e987d8-b80e-49cd-9e9d-068027556b83,Enchantment — Aura,{2}{R},3.0,"[""R""]","[""R""]","Enchant creature
Enchanted creature gets +2/+2 and can't block.
When this Aura is put into a graveyard from the battlefield, return it to its owner's hand.",2018-12-07
1403,1,Unearthly Blizzard,CHK,Champions of Kamigawa,196,normal,common,en,0.3,EUR,d034ad87-fd28-4c23-b897-1d6343ce8282,Sorcery — Arcane,{2}{R},3.0,"[""R""]","[""R""]",Up to three target creatures can't block this turn.,2004-10-01
2362,1,Unexpected Assistance,ECL,Lorwyn Eclipsed,80,normal,common,en,0.3,EUR,7b540a5f-7f1b-421a-864f-5af469556fc6,Instant,{3}{U}{U},5.0,"[""U""]","[""U""]","Convoke (Your creatures can help cast this spell. Each creature you tap while casting this spell pays for {1} or one mana of that creature's color.)
Draw three cards, then discard a card.",2026-01-23
2426,1,Unexpected Assistance,ECL,Lorwyn Eclipsed,80,normal,common,en,0.3,EUR,7b540a5f-7f1b-421a-864f-5af469556fc6,Instant,{3}{U}{U},5.0,"[""U""]","[""U""]","Convoke (Your creatures can help cast this spell. Each creature you tap while casting this spell pays for {1} or one mana of that creature's color.)
Draw three cards, then discard a card.",2026-01-23
2408,1,Unforgiving Aim,ECL,Lorwyn Eclipsed,200,normal,common,en,0.3,EUR,0bef3905-24f8-419b-aeca-396adfc6d0dc,Instant,{2}{G},3.0,"[""G""]","[""G""]","Choose one —
• Destroy target creature with flying.
• Destroy target enchantment.
• Create a 2/2 black and green Elf creature token.",2026-01-23
1783,1,Unity of Purpose,OGW,Oath of the Gatewatch,66,normal,uncommon,en,0.3,EUR,6f87292c-0140-44d7-881e-2e8c9ff737a1,Instant,{3}{U},4.0,"[""U""]","[""U""]","Support 2. (Put a +1/+1 counter on each of up to two target creatures.)
Untap each creature you control with a +1/+1 counter on it.",2016-01-22
267,2,Unknown Event Shores,UNK,Unknown Event,CL01b,normal,common,en,0.0,EUR,a04ed862-b026-4630-8ef7-706dcb6e46d2,Land,,0.0,[],[],"When building your deck, choose white, blue, black, red, or green (Circle it to indicate your selection.)
{T}: Add one mana of the chosen color.
{1}, {T}: Add 1 mana of any color.",2023-05-06
1404,1,Unleash Shell,BRO,The Brothers' War,155,normal,common,en,0.3,EUR,1be13abf-b717-4122-ab2b-7e597a251d52,Instant,{3}{R}{R},5.0,"[""R""]","[""R""]",Unleash Shell deals 5 damage to target creature or planeswalker and 2 damage to that permanent's controller.,2022-11-18
1405,1,Unlucky Witness,SNC,Streets of New Capenna,128,normal,uncommon,en,0.3,EUR,ec6430c0-67c1-4793-b4be-8f47545c57d6,Creature — Human Citizen,{R},1.0,"[""R""]","[""R""]","When this creature dies, exile the top two cards of your library. Until your next end step, you may play one of those cards.",2022-04-29
576,4,Unmake the Graves,M15,Magic 2015,120,normal,common,en,0.3,EUR,d6fd00bb-b247-45b7-9cb2-0d65b92c0360,Instant,{4}{B},5.0,"[""B""]","[""B""]","Convoke (Your creatures can help cast this spell. Each creature you tap while casting this spell pays for {1} or one mana of that creature's color.)
Return up to two target creature cards from your graveyard to your hand.",2014-07-18
1784,1,Unnerving Grasp,DSK,Duskmourn: House of Horror,80,normal,uncommon,en,0.3,EUR,5602756d-76d2-4502-965f-36fc44596123,Sorcery,{2}{U},3.0,"[""U""]","[""U""]",Return up to one target nonland permanent to its owner's hand. Manifest dread. (Look at the top two cards of your library. Put one onto the battlefield face down as a 2/2 creature and the other into your graveyard. Turn it face up any time for its mana cost if it's a creature card.),2024-09-27
953,1,Unravel the Aether,BNG,Born of the Gods,143,normal,uncommon,en,0.3,EUR,5584c26f-62ac-4d0b-9142-5159f2a05734,Instant,{1}{G},2.0,"[""G""]","[""G""]",Choose target artifact or enchantment. Its owner shuffles it into their library.,2014-02-07
645,2,Unraveling Mummy,HOU,Hour of Devastation,147,normal,uncommon,en,0.3,EUR,fe3802f3-feb3-4dcd-a5ba-f493baf3d447,Creature — Zombie,{1}{W}{B},3.0,"[""B"",""W""]","[""B"",""W""]","{1}{W}: Target attacking Zombie gains lifelink until end of turn.
{1}{B}: Target attacking Zombie gains deathtouch until end of turn.",2017-07-14
2190,1,Unruly Mob,SOI,Shadows over Innistrad,47,normal,common,en,0.3,EUR,012d76b7-1445-4853-9e54-159154bbb144,Creature — Human,{1}{W},2.0,"[""W""]","[""W""]","Whenever another creature you control dies, put a +1/+1 counter on this creature.",2016-04-08
2191,1,Unsettling Twins,DSK,Duskmourn: House of Horror,38,normal,common,en,0.3,EUR,85da2e65-4e22-48b6-98ad-6969684d69e1,Creature — Human,{3}{W},4.0,"[""W""]","[""W""]","When this creature enters, manifest dread. (Look at the top two cards of your library. Put one onto the battlefield face down as a 2/2 creature and the other into your graveyard. Turn it face up any time for its mana cost if it's a creature card.)",2024-09-27
1407,2,Upriser Renegade,NEO,Kamigawa: Neon Dynasty,170,normal,uncommon,en,0.3,EUR,62d878c2-a340-4751-adaa-e50b0bb85423,Creature — Human Samurai,{1}{R},2.0,"[""R""]","[""R""]","This creature gets +2/+0 for each other modified creature you control. (Equipment, Auras you control, and counters are modifications.)",2022-02-18
1406,1,Upriser Renegade,NEO,Kamigawa: Neon Dynasty,324,normal,uncommon,en,0.3,EUR,52af0f2d-de2e-4554-ae32-c88bc7ba7c71,Creature — Human Samurai,{1}{R},2.0,"[""R""]","[""R""]","This creature gets +2/+0 for each other modified creature you control. (Equipment, Auras you control, and counters are modifications.)",2022-02-18
1785,1,"Urza, Powerstone Prodigy",BRO,The Brothers' War,69,normal,uncommon,en,0.3,EUR,445f897e-a059-4cd5-bfd2-302dc7a4c8e2,Legendary Creature — Human Artificer,{2}{U},3.0,"[""U""]","[""U""]","Vigilance
{1}, {T}: Draw a card, then discard a card.
Whenever you discard one or more artifact cards, create a tapped Powerstone token. This ability triggers only once each turn. (The token is an artifact with ""{T}: Add {C}. This mana can't be spent to cast a nonartifact spell."")",2022-11-18
2584,1,Utrom Scientists,TMT,Teenage Mutant Ninja Turtles,56,normal,common,en,0.3,EUR,6da89625-5278-49d4-813b-a1a631f114f5,,,,,,,
1408,1,Valakut Invoker,BFZ,Battle for Zendikar,159,normal,common,en,0.3,EUR,178c66b8-c577-49c6-9efc-7bab740e66b6,Creature — Human Shaman,{2}{R},3.0,"[""R""]","[""R""]",{8}: This creature deals 3 damage to any target.,2015-10-02
1409,1,Valakut Predator,BFZ,Battle for Zendikar,160,normal,common,en,0.3,EUR,88318272-8192-4d6d-a22a-eca87abb480d,Creature — Elemental,{2}{R},3.0,"[""R""]","[""R""]","Landfall — Whenever a land you control enters, this creature gets +2/+2 until end of turn.",2015-10-02
954,1,Valeron Wardens,ORI,Magic Origins,203,normal,uncommon,en,0.3,EUR,e693a7e7-d95e-4cd8-9524-ca5fc517189a,Creature — Human Monk,{2}{G},3.0,"[""G""]","[""G""]","Renown 2 (When this creature deals combat damage to a player, if it isn't renowned, put two +1/+1 counters on it and it becomes renowned.)
Whenever a creature you control becomes renowned, draw a card.",2015-07-17
955,1,Valgavoth's Onslaught,DSK,Duskmourn: House of Horror,204,normal,rare,en,0.42,EUR,7d4ba274-3c6f-4e12-ba2c-a81c3da3f7e2,Sorcery,{X}{X}{G},1.0,"[""G""]","[""G""]","Manifest dread X times, then put X +1/+1 counters on each of those creatures. (To manifest dread, look at the top two cards of your library, then put one onto the battlefield face down as a 2/2 creature and the other into your graveyard. Turn it face up any time for its mana cost if it's a creature card.)",2024-09-27
577,1,Vampire Noble,E02,Explorers of Ixalan,24,normal,common,en,0.3,EUR,19068744-60df-4099-8b1c-9784ba331362,Creature — Vampire Noble,{2}{B},3.0,"[""B""]","[""B""]",,2017-11-24
578,1,Vampire Scrivener,SNC,Streets of New Capenna,98,normal,uncommon,en,0.3,EUR,702315d7-dec9-49e8-a508-feacd47198dc,Creature — Vampire Warlock,{4}{B},5.0,"[""B""]","[""B""]","Flying
Whenever you gain life during your turn, put a +1/+1 counter on this creature.
Whenever you lose life during your turn, put a +1/+1 counter on this creature.",2022-04-29
2192,1,Vanguard of Brimaz,BNG,Born of the Gods,29,normal,uncommon,en,0.3,EUR,adb38717-97d5-4763-9e6c-46251df704ed,Creature — Cat Soldier,{W}{W},2.0,"[""W""]","[""W""]","Vigilance
Heroic — Whenever you cast a spell that targets this creature, create a 1/1 white Cat Soldier creature token with vigilance.",2014-02-07
1786,1,Vanish from Sight,DSK,Duskmourn: House of Horror,82,normal,common,en,0.3,EUR,5254988b-3113-42f7-b751-517ffb3b40f0,Instant,{3}{U},4.0,"[""U""]","[""U""]",Target nonland permanent's owner puts it on their choice of the top or bottom of their library. Surveil 1. (Look at the top card of your library. You may put it into your graveyard.),2024-09-27
2193,3,Vanquish the Foul,THS,Theros,35,normal,uncommon,en,0.3,EUR,8fdcec06-e33c-4737-b81e-b156d6e3fd77,Sorcery,{5}{W},6.0,"[""W""]","[""W""]",Destroy target creature with power 4 or greater. Scry 1. (Look at the top card of your library. You may put that card on the bottom.),2013-09-27
1787,1,Vaporkin,CN2,Conspiracy: Take the Crown,124,normal,common,en,0.3,EUR,2c074399-36e9-41f7-918e-5fae267e9da2,Creature — Elemental,{1}{U},2.0,"[""U""]","[""U""]","Flying
This creature can block only creatures with flying.",2016-08-26
956,2,Vastwood Gorger,ORI,Magic Origins,204,normal,common,en,0.3,EUR,72f53dc9-5397-49e1-97d4-3b0b6858f2b2,Creature — Wurm,{5}{G},6.0,"[""G""]","[""G""]",,2015-07-17
1788,2,Vectis Silencers,ALA,Shards of Alara,62,normal,common,en,0.3,EUR,c0198220-073f-4479-a1c4-1bd626891e28,Artifact Creature — Human Rogue,{2}{U},3.0,"[""U""]","[""B"",""U""]",{2}{B}: This creature gains deathtouch until end of turn. (Any amount of damage it deals to a creature is enough to destroy that creature.),2008-10-03
1789,1,Vedalken Mesmerist,GRN,Guilds of Ravnica,57,normal,common,en,0.3,EUR,5b5e0a12-2589-473b-90e4-1ee5acc055a2,Creature — Vedalken Wizard,{1}{U},2.0,"[""U""]","[""U""]","Whenever this creature attacks, target creature an opponent controls gets -2/-0 until end of turn.",2018-10-05
957,2,Venerable Kumo,CHK,Champions of Kamigawa,248,normal,common,en,0.3,EUR,308566ed-18cc-4e3b-b5ab-d5b17795f2f1,Creature — Spirit,{4}{G},5.0,"[""G""]","[""G""]","Reach (This creature can block creatures with flying.)
Soulshift 4 (When this creature dies, you may return target Spirit card with mana value 4 or less from your graveyard to your hand.)",2004-10-01
958,1,Venom Sliver,M15,Magic 2015,205,normal,uncommon,en,2.4,EUR,8db38bd9-bf58-41ca-84b9-f3582670143e,Creature — Sliver,{1}{G},2.0,"[""G""]","[""G""]",Sliver creatures you control have deathtouch. (Any amount of damage a creature with deathtouch deals to a creature is enough to destroy it.),2014-07-18
959,1,Venomsac Lagac,DFT,Aetherdrift,185,normal,common,en,0.3,EUR,9142b1c9-09d7-42e4-8138-6c15d31f2470,Creature — Lizard Mount,{1}{G},2.0,"[""G""]","[""G""]","Deathtouch
Whenever this creature attacks while saddled, it gets +0/+3 until end of turn.
Saddle 2 (Tap any number of other creatures you control with total power 2 or more: This Mount becomes saddled until end of turn. Saddle only as a sorcery.)",2025-02-14
960,5,Verdant Haven,M15,Magic 2015,206,normal,common,en,0.3,EUR,beec869b-fe2c-4f30-ae36-9ce5bdc555e1,Enchantment — Aura,{2}{G},3.0,"[""G""]","[""G""]","Enchant land
When this Aura enters, you gain 2 life.
Whenever enchanted land is tapped for mana, its controller adds an additional one mana of any color.",2014-07-18
1032,1,Vernadi Shieldmate,GRN,Guilds of Ravnica,219,normal,common,en,0.3,EUR,efddad21-553e-4947-80d2-833b42c45f77,Creature — Human Soldier,{1}{G/W},2.0,"[""G"",""W""]","[""G"",""W""]",Vigilance,2018-10-05
2194,1,Vessel of Ephemera,SOI,Shadows over Innistrad,48,normal,common,en,0.3,EUR,f4051020-688c-473a-9a08-b62f0fd75675,Enchantment,{1}{W},2.0,"[""W""]","[""W""]","{2}{W}, Sacrifice this enchantment: Create two 1/1 white Spirit creature tokens with flying.",2016-04-08
1410,1,Vessel of Volatility,SOI,Shadows over Innistrad,189,normal,common,en,0.3,EUR,81647b86-2c84-4a14-8d5a-919f7a5b8bc7,Enchantment,{1}{R},2.0,"[""R""]","[""R""]","{1}{R}, Sacrifice this enchantment: Add {R}{R}{R}{R}.",2016-04-08
268,2,Vestige of Emrakul,BFZ,Battle for Zendikar,136,normal,common,en,0.3,EUR,a5d84986-64a1-4bd1-a4f6-3eb147aca357,Creature — Eldrazi Drone,{3}{R},4.0,[],"[""R""]","Devoid (This card has no color.)
Trample",2015-10-02
269,1,Veteran's Sidearm,ORI,Magic Origins,242,normal,common,en,0.3,EUR,9c1b3e7d-0fd8-4324-be7b-382e75ae9c17,Artifact — Equipment,{2},2.0,[],[],"Equipped creature gets +1/+1.
Equip {1} ({1}: Attach to target creature you control. Equip only as a sorcery.)",2015-07-17
1411,1,Viashino Skeleton,ALA,Shards of Alara,118,normal,common,en,0.3,EUR,b9451a62-31a4-4aaf-beef-2bf149f25ae3,Creature — Lizard Skeleton,{3}{R},4.0,"[""R""]","[""B"",""R""]","{1}{B}, Discard a card: Regenerate this creature.",2008-10-03
1412,1,Vicious Clown,DSK,Duskmourn: House of Horror,163,normal,common,en,0.3,EUR,12649f73-9d29-4eed-bc89-cc0d1a8969e3,Creature — Human Clown,{2}{R},3.0,"[""R""]","[""R""]","Whenever another creature you control with power 2 or less enters, this creature gets +2/+0 until end of turn.",2024-09-27
2195,1,Victory's Herald,CM2,Commander Anthology Volume II,38,normal,rare,en,0.42,EUR,33366563-6cb8-46f6-82c9-d7541a52af33,Creature — Angel,{3}{W}{W}{W},6.0,"[""W""]","[""W""]","Flying
Whenever this creature attacks, attacking creatures gain flying and lifelink until end of turn.",2018-06-08
579,1,Vile Manifestation,HOU,Hour of Devastation,80,normal,uncommon,en,0.3,EUR,7160bc31-bdfa-4654-9d69-95ee2a5fe870,Creature — Horror,{1}{B},2.0,"[""B""]","[""B""]","This creature gets +1/+0 for each card with cycling in your graveyard.
Cycling {2} ({2}, Discard this card: Draw a card.)",2017-07-14
580,1,Vile Rebirth,M14,Magic 2014,121,normal,common,en,0.3,EUR,3fd46f2b-1458-44b1-9c65-960b261b81a5,Instant,{B},1.0,"[""B""]","[""B""]",Exile target creature card from a graveyard. Create a 2/2 black Zombie creature token.,2013-07-19
581,1,Villainous Ogre,CHK,Champions of Kamigawa,148,normal,common,en,0.3,EUR,0277c1ba-eae4-442b-8b80-20869ba20568,Creature — Ogre Warrior,{2}{B},3.0,"[""B""]","[""B""]","This creature can't block.
As long as you control a Demon, this creature has ""{B}: Regenerate this creature.""",2004-10-01
961,1,Vine Snare,ORI,Magic Origins,205,normal,common,en,0.3,EUR,d2241f71-4319-49bf-905a-b6b774ffcb27,Instant,{2}{G},3.0,"[""G""]","[""G""]",Prevent all combat damage that would be dealt this turn by creatures with power 4 or less.,2015-07-17
2402,1,Vinebred Brawler,ECL,Lorwyn Eclipsed,201,normal,uncommon,en,0.3,EUR,63c573fe-e74c-48ca-ad05-92f37dc466f1,Creature — Elf Berserker,{2}{G},3.0,"[""G""]","[""G""]","This creature must be blocked if able.
Whenever this creature attacks, another target Elf you control gets +2/+1 until end of turn.",2026-01-23
962,1,Vines of the Recluse,E01,Archenemy: Nicol Bolas,78,normal,common,en,0.3,EUR,6a59419a-9b49-4dcd-b510-6faaf355664d,Instant,{G},1.0,"[""G""]","[""G""]",Target creature gets +1/+2 and gains reach until end of turn. Untap it. (A creature with reach can block creatures with flying.),2017-06-16
963,4,Vineweft,M15,Magic 2015,207,normal,common,en,0.3,EUR,4578f064-e9f8-4e87-8f46-7536af6c144e,Enchantment — Aura,{G},1.0,"[""G""]","[""G""]","Enchant creature
Enchanted creature gets +1/+1.
{4}{G}: Return this card from your graveyard to your hand.",2014-07-18
582,1,Virus Beetle,NEO,Kamigawa: Neon Dynasty,128,normal,common,en,0.3,EUR,488ee202-0d28-4cc0-8a7d-644d9878e952,Artifact Creature — Insect,{1}{B},2.0,"[""B""]","[""B""]","When this creature enters, each opponent discards a card.",2022-02-18
583,1,Visage of Dread // Dread Osseosaur,LCI,The Lost Caverns of Ixalan,129,normal,uncommon,en,0.3,EUR,3d4b61c6-3e88-49f5-9e16-aa8a59653327,Artifact // Creature — Dinosaur Skeleton Horror,,2.0,,"[""B""]",,2023-11-17
584,1,Viscera Dragger,ALA,Shards of Alara,92,normal,common,en,0.3,EUR,6d6d2d84-7141-4485-8379-b3c71af47cd1,Creature — Zombie Ogre Warrior,{3}{B},4.0,"[""B""]","[""B""]","Cycling {2} ({2}, Discard this card: Draw a card.)
Unearth {1}{B} ({1}{B}: Return this card from your graveyard to the battlefield. It gains haste. Exile it at the beginning of the next end step or if it would leave the battlefield. Unearth only as a sorcery.)",2008-10-03
270,1,Visions of Brutality,OGW,Oath of the Gatewatch,81,normal,uncommon,en,0.3,EUR,ec9ed374-54ad-4b81-b071-0b4668feb282,Enchantment — Aura,{1}{B},2.0,[],"[""B""]","Devoid (This card has no color.)
Enchant creature
Enchanted creature can't block.
Whenever enchanted creature deals damage, its controller loses that much life.",2016-01-22
1413,2,Vithian Stinger,MM3,Modern Masters 2017,115,normal,uncommon,en,0.3,EUR,dbca500a-f349-4873-a2d5-f8dfbd957a3d,Creature — Human Shaman,{2}{R},3.0,"[""R""]","[""R""]","{T}: This creature deals 1 damage to any target.
Unearth {1}{R} ({1}{R}: Return this card from your graveyard to the battlefield. It gains haste. Exile it at the beginning of the next end step or if it would leave the battlefield. Unearth only as a sorcery.)",2017-03-17
1790,1,Vizier of the Anointed,HOU,Hour of Devastation,55,normal,uncommon,en,0.3,EUR,68ef426c-b396-4767-b360-435f67207022,Creature — Human Cleric,{3}{U},4.0,"[""U""]","[""U""]","When this creature enters, you may search your library for a creature card with eternalize or embalm, put that card into your graveyard, then shuffle.
Whenever you activate an eternalize or embalm ability, draw a card.",2017-07-14
646,2,Vizkopa Vampire,RNA,Ravnica Allegiance,220,normal,common,en,0.3,EUR,61245466-694f-4a80-b556-4e7f876aedca,Creature — Vampire,{2}{W/B},3.0,"[""B"",""W""]","[""B"",""W""]",Lifelink,2019-01-25
1791,2,Vodalian Arcanist,DOM,Dominaria,73,normal,common,en,0.3,EUR,5c7795fb-2995-4dff-bc1b-7809bfbb1657,Creature — Merfolk Wizard,{1}{U},2.0,"[""U""]","[""U""]",{T}: Add {C}. Spend this mana only to cast an instant or sorcery spell.,2018-04-27
964,1,Voice of the Vermin,SNC,Streets of New Capenna,163,normal,uncommon,en,0.3,EUR,bfe4e0eb-23a5-46a5-b719-5a6f9a1fc4ce,Creature — Human Citizen,{3}{G},4.0,"[""G""]","[""G""]","This creature enters with a shield counter on it. (If it would be dealt damage or destroyed, remove a shield counter from it instead.)
Whenever this creature attacks, target creature you control has base power and toughness 4/4 until end of turn.",2022-04-29
1792,4,Void Snare,M15,Magic 2015,82,normal,common,en,0.3,EUR,94efe426-0fb2-4a24-9b50-914e48105b57,Sorcery,{U},1.0,"[""U""]","[""U""]",Return target nonland permanent to its owner's hand.,2014-07-18
1414,1,Volatile Wanderglyph,LCI,The Lost Caverns of Ixalan,172,normal,common,en,0.3,EUR,2101921a-d26f-4a00-a0db-1b418f2e6b01,Artifact Creature — Golem,{1}{R},2.0,"[""R""]","[""R""]","Whenever this creature becomes tapped, you may discard a card. If you do, draw a card.",2023-11-17
1415,2,Volcanic Geyser,E01,Archenemy: Nicol Bolas,61,normal,uncommon,en,0.3,EUR,987d2f35-8293-4bca-88b1-02b5b96d37f2,Instant,{X}{R}{R},2.0,"[""R""]","[""R""]",Volcanic Geyser deals X damage to any target.,2017-06-16
1416,1,Volcanic Rambler,ORI,Magic Origins,167,normal,common,en,0.3,EUR,7fc075ee-16e9-4cf5-bbb0-7b3b4b9eb3f4,Creature — Elemental,{5}{R},6.0,"[""R""]","[""R""]",{2}{R}: This creature deals 1 damage to target player or planeswalker.,2015-07-17
1417,2,Volcanic Submersion,ALA,Shards of Alara,121,normal,common,en,0.3,EUR,0ec1f1fa-41c9-4bc0-9171-902cd456aa73,Sorcery,{4}{R},5.0,"[""R""]","[""R""]","Destroy target artifact or land.
Cycling {2} ({2}, Discard this card: Draw a card.)",2008-10-03
1418,1,Volcanic Upheaval,BFZ,Battle for Zendikar,161,normal,common,en,0.3,EUR,8d90bd68-0521-4db3-b590-a4e007da9f2e,Instant,{3}{R},4.0,"[""R""]","[""R""]",Destroy target land.,2015-10-02
271,1,Voltaic Servant,DOM,Dominaria,236,normal,common,en,0.3,EUR,28564ac6-8b9b-4b99-9630-8fb3158d354c,Artifact Creature — Construct,{2},2.0,[],[],"At the beginning of your end step, untap target artifact.",2018-04-27
585,2,Voracious Fell Beast,LTR,The Lord of the Rings: Tales of Middle-earth,113,normal,uncommon,en,0.3,EUR,d9b7d7f8-503d-4660-9a18-6a8e2fcaa25f,Creature — Drake Beast,{4}{B}{B},6.0,"[""B""]","[""B""]","Flying
When this creature enters, each opponent sacrifices a creature of their choice. Create a Food token for each creature sacrificed this way. (It's an artifact with ""{2}, {T}, Sacrifice this token: You gain 3 life."")",2023-06-23
586,1,Voracious Null,BFZ,Battle for Zendikar,125,normal,common,en,0.3,EUR,74364056-f4ee-46d3-834d-a5157ec312b9,Creature — Zombie,{2}{B},3.0,"[""B""]","[""B""]","{1}{B}, Sacrifice another creature: Put two +1/+1 counters on this creature. Activate only as a sorcery.",2015-10-02
587,1,Voracious Vermin,WOE,Wilds of Eldraine,116,normal,common,en,0.42,EUR,8059be65-3c73-49bb-a3b6-c346ce2f9fa4,Creature — Rat,{2}{B},3.0,"[""B""]","[""B""]","When this creature enters, create a 1/1 black Rat creature token with ""This token can't block.""
Whenever another creature you control dies, put a +1/+1 counter on this creature.",2023-09-08
1793,3,Voyage's End,THS,Theros,73,normal,common,en,0.3,EUR,3992ae67-ad0b-40be-a97d-d7fb36754918,Instant,{1}{U},2.0,"[""U""]","[""U""]",Return target creature to its owner's hand. Scry 1. (Look at the top card of your library. You may put that card on the bottom.),2013-09-27
965,4,Voyaging Satyr,CN2,Conspiracy: Take the Crown,195,normal,common,en,0.3,EUR,180773da-dadc-414a-92c6-f4e13c753718,Creature — Satyr Druid,{1}{G},2.0,"[""G""]","[""G""]",{T}: Untap target land.,2016-08-26
966,2,Vulpine Goliath,THS,Theros,183,normal,common,en,0.3,EUR,cdacb147-35ce-4751-961e-576b5f958048,Creature — Fox,{4}{G}{G},6.0,"[""G""]","[""G""]",Trample,2013-09-27
635,1,"Vulture, Scheming Scavenger",SPM,Marvel's Spider-Man,158,normal,uncommon,en,0.3,EUR,e29281be-e722-4149-93a0-6dd3f0f64253,Legendary Creature — Human Artificer Villain,{5}{U/B},6.0,"[""B"",""U""]","[""B"",""U""]","Flying
Whenever Vulture attacks, other Villains you control gain flying until end of turn.",2025-09-26
588,1,Vulturous Aven,DTK,Dragons of Tarkir,126,normal,common,en,0.3,EUR,b2fb0cc9-aebd-4bbf-8735-add3b753c118,Creature — Bird Shaman,{3}{B},4.0,"[""B""]","[""B""]","Flying
Exploit (When this creature enters, you may sacrifice a creature.)
When this creature exploits a creature, you draw two cards and you lose 2 life.",2015-03-27
589,1,Walking Corpse,M20,Core Set 2020,327,normal,common,en,0.3,EUR,f44e94f0-5f64-4991-aa45-c2b05879be40,Creature — Zombie,{1}{B},2.0,"[""B""]","[""B""]",,2019-07-12
272,1,Walking Skyscraper,NEO,Kamigawa: Neon Dynasty,263,normal,uncommon,en,0.3,EUR,958af4ba-f29e-47ef-995e-3985982c75ad,Artifact Creature — Construct,{8},8.0,[],[],"This spell costs {1} less to cast for each modified creature you control. (Equipment, Auras you control, and counters are modifications.)
Trample
This creature has hexproof as long as it's untapped. (It can't be the target of spells or abilities your opponents control.)",2022-02-18
967,1,Wall Crawl,SPM,Marvel's Spider-Man,121,normal,uncommon,en,0.3,EUR,97a2a1ab-57ec-4210-9412-765ae4f02db0,Enchantment,{3}{G},4.0,"[""G""]","[""G""]","When this enchantment enters, create a 2/1 green Spider creature token with reach, then you gain 1 life for each Spider you control.
Spiders you control get +1/+1 and can't be blocked by creatures with defender.",2025-09-26
1419,5,Wall of Fire,M15,Magic 2015,167,normal,common,en,0.3,EUR,6f8ac968-3d00-40d8-80b5-e6fe08025de2,Creature — Wall,{1}{R}{R},3.0,"[""R""]","[""R""]","Defender (This creature can't attack.)
{R}: This creature gets +1/+0 until end of turn.",2014-07-18
1794,2,Wall of Frost,MM3,Modern Masters 2017,56,normal,uncommon,en,0.3,EUR,b5ab28ee-f70d-441b-bb4e-8e781f26e2bc,Creature — Wall,{1}{U}{U},3.0,"[""U""]","[""U""]","Defender
Whenever this creature blocks a creature, that creature doesn't untap during its controller's next untap step.",2017-03-17
1795,3,Wall of Mist,GRN,Guilds of Ravnica,58,normal,common,en,0.3,EUR,62a37646-8f7c-40fc-851d-e3fdd205b012,Creature — Wall,{1}{U},2.0,"[""U""]","[""U""]",Defender,2018-10-05
968,2,Wall of Mulch,M15,Magic 2015,208,normal,uncommon,en,0.3,EUR,a76ec859-59a6-45b2-bbd8-6f89453fe3ec,Creature — Wall,{1}{G},2.0,"[""G""]","[""G""]","Defender (This creature can't attack.)
{G}, Sacrifice a Wall: Draw a card.",2014-07-18
969,1,Wall of Vines,M19,Core Set 2019,210,normal,common,en,0.3,EUR,7327e768-d90d-4677-b4dd-10837ffe8be2,Creature — Plant Wall,{G},1.0,"[""G""]","[""G""]","Defender (This creature can't attack.)
Reach (This creature can block creatures with flying.)",2018-07-13
2383,1,Wanderbrine Trapper,ECL,Lorwyn Eclipsed,42,normal,uncommon,en,0.3,EUR,f4c134ed-adbf-4e88-80e0-75c176ce94c3,Creature — Merfolk Scout,{W},1.0,"[""W""]","[""W""]","{1}, {T}, Tap another untapped creature you control: Tap target creature an opponent controls.",2026-01-23
2453,1,Wanderbrine Trapper,ECL,Lorwyn Eclipsed,42,normal,uncommon,en,0.3,EUR,f4c134ed-adbf-4e88-80e0-75c176ce94c3,Creature — Merfolk Scout,{W},1.0,"[""W""]","[""W""]","{1}, {T}, Tap another untapped creature you control: Tap target creature an opponent controls.",2026-01-23
2196,1,Wanderer's Intervention,NEO,Kamigawa: Neon Dynasty,41,normal,common,en,0.3,EUR,43708ec9-a85a-4244-86b4-67b30b41d854,Instant,{1}{W},2.0,"[""W""]","[""W""]",Wanderer's Intervention deals 4 damage to target attacking or blocking creature.,2022-02-18
1796,1,Wandering Ones,CHK,Champions of Kamigawa,100,normal,common,en,0.3,EUR,8f973d6b-4a34-4b0e-b092-ead05bf2e535,Creature — Spirit,{U},1.0,"[""U""]","[""U""]",,2004-10-01
970,2,Wandering Wolf,BBD,Battlebond,216,normal,common,en,0.3,EUR,96d4361f-a889-4031-8b95-27dbef3922f3,Creature — Wolf,{1}{G},2.0,"[""G""]","[""G""]",Creatures with power less than this creature's power can't block it.,2018-06-08
2394,1,Wanderwine Distracter,ECL,Lorwyn Eclipsed,82,normal,common,en,0.3,EUR,cbf593a7-d4ae-4771-926a-3c1b2c8c901a,Creature — Merfolk Wizard,{3}{U},4.0,"[""U""]","[""U""]","Whenever this creature becomes tapped, target creature an opponent controls gets -3/-0 until end of turn.",2026-01-23
1447,1,War Flare,FRF,Fate Reforged,158,normal,common,en,0.3,EUR,243f33d8-ec20-4376-99c2-a12098773dee,Instant,{2}{R}{W},4.0,"[""R"",""W""]","[""R"",""W""]",Creatures you control get +2/+1 until end of turn. Untap those creatures.,2015-01-23
971,1,War Historian,MOM,March of the Machine,214,normal,common,en,0.3,EUR,0007efdf-417d-48a7-b119-3a2fda3e1158,Creature — Human Monk,{2}{G},3.0,"[""G""]","[""G""]","Reach
This creature has indestructible as long as it attacked a battle this turn.",2023-04-21
273,1,War Horn,ORI,Magic Origins,243,normal,uncommon,en,0.3,EUR,45c17671-7c4a-4114-b2b7-d34af4e2f8c1,Artifact,{3},3.0,[],[],Attacking creatures you control get +1/+0.,2015-07-17
1797,1,War-Wing Siren,JOU,Journey into Nyx,57,normal,common,en,0.3,EUR,8d88c942-3a69-4975-a08d-80405a549beb,Creature — Siren Soldier,{2}{U},3.0,"[""U""]","[""U""]","Flying
Heroic — Whenever you cast a spell that targets this creature, put a +1/+1 counter on this creature.",2014-05-02
590,3,Warchanter of Mogis,BNG,Born of the Gods,85,normal,common,en,0.3,EUR,757948b3-8cb2-4709-9bbf-031c2bf6d4c5,Creature — Minotaur Shaman,{3}{B}{B},5.0,"[""B""]","[""B""]","Inspired — Whenever this creature becomes untapped, target creature you control gains intimidate until end of turn. (A creature with intimidate can't be blocked except by artifact creatures and/or creatures that share a color with it.)",2014-02-07
274,1,Warden of Geometries,OGW,Oath of the Gatewatch,11,normal,common,en,0.3,EUR,c7f517b9-ac10-4710-8ef1-ced1253d5ecf,Creature — Eldrazi Drone,{4},4.0,[],[],"Vigilance
{T}: Add {C}. ({C} represents colorless mana.)",2016-01-22
591,1,Warehouse Tabby,WOE,Wilds of Eldraine,117,normal,common,en,0.3,EUR,d500ad81-9659-4a00-8f99-8be7c23587e8,Creature — Cat,{B},1.0,"[""B""]","[""B""]","Whenever an enchantment you control is put into a graveyard from the battlefield, create a 1/1 black Rat creature token with ""This token can't block.""
{1}{B}: This creature gains deathtouch until end of turn.",2023-09-08
1420,1,Warhost's Frenzy,DMU,Dominaria United,151,normal,uncommon,en,0.3,EUR,a83d571b-ad91-43f5-8498-115cede4867d,Instant,{2}{R},3.0,"[""R""]","[""B"",""R""]","Kicker {B} (You may pay an additional {B} as you cast this spell.)
Creatures you control get +2/+0 until end of turn. If this spell was kicked, whenever a creature you control dies this turn, draw a card.",2022-09-09
2197,1,Warlord's Elite,BRO,The Brothers' War,32,normal,common,en,0.3,EUR,1873cc9e-30b6-498e-b008-9d11a8bbf9b9,Creature — Human Soldier,{2}{W},3.0,"[""W""]","[""W""]","As an additional cost to cast this spell, tap two untapped artifacts, creatures, and/or lands you control.",2022-11-18
1421,1,Warlord's Fury,DOM,Dominaria,151,normal,common,en,0.3,EUR,0ebd63cf-7e8c-4c8d-844d-98535d5f3039,Sorcery,{R},1.0,"[""R""]","[""R""]","Creatures you control gain first strike until end of turn.
Draw a card.",2018-04-27
972,1,Warm Welcome,SNC,Streets of New Capenna,164,normal,common,en,0.3,EUR,bad9e58e-c9a3-4a0d-9a59-71c20a3275b6,Instant,{2}{G},3.0,"[""G""]","[""G""]",Look at the top five cards of your library. You may reveal a creature card from among them and put it into your hand. Put the rest on the bottom of your library in a random order. Create a 1/1 green and white Citizen creature token.,2022-04-29
2473,1,Warren Torchmaster,ECL,Lorwyn Eclipsed,163,normal,uncommon,en,0.3,EUR,8f067a14-6667-4acf-b33d-e1149188a84d,Creature — Goblin Warrior,{1}{R},2.0,"[""R""]","[""R""]","At the beginning of combat on your turn, you may blight 1. When you do, target creature gains haste until end of turn. (To blight 1, put a -1/-1 counter on a creature you control.)",2026-01-23
2521,1,Warrior,TTDM,Tarkir: Dragonstorm Tokens,13,normal,common,en,,EUR,7edc0515-a130-45a7-aa09-0e23bba41587,,,,,,,
1422,3,Warrior's Sword,FIN,Final Fantasy,169,normal,common,en,0.3,EUR,cb98a7dd-542e-4448-b3bb-ff5d67a36535,Artifact — Equipment,{3}{R},4.0,"[""R""]","[""R""]","Job select (When this Equipment enters, create a 1/1 colorless Hero creature token, then attach this to it.)
Equipped creature gets +3/+2 and is a Warrior in addition to its other types.
Equip {5} ({5}: Attach to target creature you control. Equip only as a sorcery.)",2025-06-13
973,1,Wary Watchdog,DSK,Duskmourn: House of Horror,206,normal,common,en,0.3,EUR,25ed97f2-b47e-49b7-9b1a-694c4bbeca3b,Creature — Dog,{1}{G},2.0,"[""G""]","[""G""]","When this creature enters or dies, surveil 1. (Look at the top card of your library. You may put it into your graveyard.)",2024-09-27
974,1,Wasteful Harvest,BRO,The Brothers' War,196,normal,common,en,0.3,EUR,00a0c819-36d1-442b-bec5-e6df58a122c0,Instant,{2}{G},3.0,"[""G""]","[""G""]","Mill five cards. You may put a permanent card from among the cards milled this way into your hand. (To mill a card, put the top card of your library into your graveyard.)",2022-11-18
975,1,Watcher in the Web,SOI,Shadows over Innistrad,239,normal,common,en,0.3,EUR,be1ee2d4-5992-4081-9907-4bc26750aff0,Creature — Spider,{4}{G},5.0,"[""G""]","[""G""]","Reach (This creature can block creatures with flying.)
This creature can block an additional seven creatures each combat.",2016-04-08
2281,1,Water Tribe Captain,TLA,Avatar: The Last Airbender,41,normal,common,en,0.3,EUR,0a0cdf97-1927-47c6-8ef1-29969e3567ee,Creature — Human Soldier Ally,{2}{W},3.0,"[""W""]","[""W""]",{5}: Creatures you control get +1/+1 until end of turn.,2025-11-21
2333,1,Waterbending Lesson,TLA,Avatar: The Last Airbender,80,normal,common,en,0.3,EUR,4f81e3b5-a0a9-4764-8c2d-b499ce1740b4,Sorcery — Lesson,{3}{U},4.0,"[""U""]","[""U""]","Draw three cards. Then discard a card unless you waterbend {2}. (While paying a waterbend cost, you can tap your artifacts and creatures to help. Each one pays for {1}.)",2025-11-21
275,4,Waterfront District,SNC,Streets of New Capenna,357,normal,common,en,0.3,EUR,aa8e3add-48d4-4330-9a5c-28f3f4defaf8,Land,,0.0,[],"[""B"",""U""]","This land enters tapped.
{T}: Add {U} or {B}.
{2}{U}{B}, {T}, Sacrifice this land: Draw a card.",2022-04-29
2198,1,Wax-Wane Witness,BLB,Bloomburrow,39,normal,common,en,0.3,EUR,d90ea719-5320-46c6-a347-161853a14776,Creature — Bat Cleric,{3}{W},4.0,"[""W""]","[""W""]","Flying, vigilance
Whenever you gain or lose life during your turn, this creature gets +1/+0 until end of turn.",2024-08-02
976,1,Waxing Moon,EMN,Eldritch Moon,177,normal,common,en,0.3,EUR,617f9f3a-61a1-4c73-8efe-3d74fe362901,Instant,{1}{G},2.0,"[""G""]","[""G""]",Transform up to one target Werewolf you control. Creatures you control gain trample until end of turn.,2016-07-22
1423,2,Wayward Giant,KLD,Kaladesh,139,normal,common,en,0.3,EUR,db01e574-7a96-472c-8e5a-bbd503280c71,Creature — Giant,{4}{R},5.0,"[""R""]","[""R""]",Menace,2016-09-30
1798,2,Weakstone's Subjugation,BRO,The Brothers' War,72,normal,common,en,0.3,EUR,ef93ac79-8575-40f8-a222-63c2ffb30f60,Enchantment — Aura,{U},1.0,"[""U""]","[""U""]","Enchant artifact or creature
When this Aura enters, you may pay {3}. If you do, tap enchanted permanent.
Enchanted permanent doesn't untap during its controller's untap step.",2022-11-18
977,1,Webspinner Cuff,NEO,Kamigawa: Neon Dynasty,214,normal,uncommon,en,0.3,EUR,e73cc6a7-0a18-488c-b52a-787da95a2e6b,Artifact Creature — Equipment Spider,{2}{G},3.0,"[""G""]","[""G""]","Reach
Equipped creature gets +1/+4 and has reach.
Reconfigure {4} ({4}: Attach to target creature you control; or unattach from a creature. Reconfigure only as a sorcery. While attached, this isn't a creature.)",2022-02-18
592,3,Weight of the Underworld,ORI,Magic Origins,126,normal,common,en,0.3,EUR,e2f31943-e26c-4bd2-bdbd-d980836f99b9,Enchantment — Aura,{3}{B},4.0,"[""B""]","[""B""]","Enchant creature
Enchanted creature gets -3/-2.",2015-07-17
978,1,Welcome to Sweettooth,WOE,Wilds of Eldraine,198,normal,uncommon,en,0.3,EUR,8e629a31-2e06-4f95-9628-34670dcf68b9,Enchantment — Saga,{1}{G},2.0,"[""G""]","[""G""]","(As this Saga enters and after your draw step, add a lore counter. Sacrifice after III.)
I — Create a 1/1 white Human creature token.
II — Create a Food token.
III — Put X +1/+1 counters on target creature you control, where X is one plus the number of Foods you control.",2023-09-08
276,1,Weldfast Monitor,KLD,Kaladesh,238,normal,common,en,0.3,EUR,75720c1b-8b04-4e45-ab47-018c04576e83,Artifact Creature — Lizard,{3},3.0,[],"[""R""]",{R}: This creature gains menace until end of turn.,2016-09-30
1424,2,Welding Sparks,DDU,Duel Decks: Elves vs. Inventors,49,normal,common,en,0.3,EUR,8e6bbaa4-b2c8-4e95-92b3-4d2e713e1a8d,Instant,{2}{R},3.0,"[""R""]","[""R""]","Welding Sparks deals X damage to target creature, where X is 3 plus the number of artifacts you control.",2018-04-06
2199,1,Welkin Guide,EMA,Eternal Masters,36,normal,common,en,0.3,EUR,ee5c82bd-9946-4121-94f6-70442dab9f54,Creature — Bird Cleric,{4}{W},5.0,"[""W""]","[""W""]","Flying
When this creature enters, target creature gets +2/+2 and gains flying until end of turn.",2016-06-10
1799,4,Welkin Tern,GS1,Global Series Jiang Yanggu & Mu Yanling,5,normal,common,en,0.3,EUR,aa9b56b7-73f1-47fd-834b-37408482cebc,Creature — Bird,{1}{U},2.0,"[""U""]","[""U""]","Flying (This creature can't be blocked except by creatures with flying or reach.)
This creature can block only creatures with flying.",2018-06-22
2200,1,Westfold Rider,LTR,The Lord of the Rings: Tales of Middle-earth,37,normal,common,en,0.3,EUR,71ed2e4b-c732-472a-a589-f1f53086d9ee,Creature — Human Knight,{1}{W},2.0,"[""W""]","[""W""]",Sacrifice this creature: Destroy target artifact or enchantment. Activate only as a sorcery.,2023-06-23
593,1,Whack,SNC,Streets of New Capenna,99,normal,uncommon,en,0.3,EUR,c862769d-f8bd-4cb6-b2b2-816179795f8b,Sorcery,{3}{B},4.0,"[""B""]","[""B""]","This spell costs {3} less to cast if it targets a white creature.
Target creature gets -4/-4 until end of turn.",2022-04-29
277,1,Whirlermaker,KLD,Kaladesh,239,normal,uncommon,en,0.3,EUR,ff1a1246-d5a0-43dc-825a-062a3bb4def9,Artifact,{3},3.0,[],[],"{4}, {T}: Create a 1/1 colorless Thopter artifact creature token with flying.",2016-09-30
1800,1,Whirlpool Whelm,CMD,Commander 2011,69,normal,common,en,0.85,EUR,2ae39210-1556-41cc-a362-209fc4c3c032,Instant,{1}{U},2.0,"[""U""]","[""U""]","Clash with an opponent, then return target creature to its owner's hand. If you win, you may put that creature on top of its owner's library instead. (Each clashing player reveals the top card of their library, then puts that card on their choice of the top or bottom. A player wins if their card had a greater mana value.)",2011-06-17
2334,1,Whirlwind Technique,TLE,Avatar: The Last Airbender Eternal,100,normal,uncommon,en,0.59,EUR,d05c852c-09d2-40ad-afed-4c781fde4e72,Instant — Lesson,{4}{U}{U},6.0,"[""U""]","[""U""]","Target player draws two cards, then discards a card.
Airbend up to two target creatures. (To airbend a creature, exile it. While it's exiled, its owner may cast it for {2} rather than its mana cost.)",2025-11-21
2201,2,White Auracite,FIN,Final Fantasy,579,foil,common,en,0.85,EUR,b8921d64-fdd3-4cdd-9687-983c8d6e0f72,Artifact,{2}{W}{W},4.0,"[""W""]","[""W""]","When this artifact enters, exile target nonland permanent an opponent controls until this artifact leaves the battlefield.
{T}: Add {W}.",2025-06-13
2202,1,White Mage's Staff,FIN,Final Fantasy,42,normal,common,en,0.3,EUR,30db372e-0b4c-4e16-9667-bf3fda666f72,Artifact — Equipment,{1}{W},2.0,"[""W""]","[""W""]","Job select (When this Equipment enters, create a 1/1 colorless Hero creature token, then attach this to it.)
Equipped creature gets +1/+1, has ""Whenever this creature attacks, you gain 1 life,"" and is a Cleric in addition to its other types.
Equip {3} ({3}: Attach to target creature you control. Equip only as a sorcery.)",2025-06-13
594,1,Wicked Akuba,CHK,Champions of Kamigawa,150,normal,common,en,0.3,EUR,c3172965-6057-472f-9712-1dd23d25d1a7,Creature — Spirit,{B}{B},2.0,"[""B""]","[""B""]",{B}: Target player dealt damage by this creature this turn loses 1 life.,2004-10-01
595,1,Wicked Visitor,WOE,Wilds of Eldraine,118,normal,common,en,0.3,EUR,e26ec4b8-0012-48c4-9ccb-0f062df0c250,Creature — Nightmare,{1}{B},2.0,"[""B""]","[""B""]","Whenever an enchantment you control is put into a graveyard from the battlefield, each opponent loses 1 life.",2023-09-08
278,1,Wicker Witch,SOI,Shadows over Innistrad,268,normal,common,en,0.3,EUR,ae115587-012d-40ff-a20d-270fabf2f8c6,Artifact Creature — Scarecrow,{3},3.0,[],[],,2016-04-08
1425,2,Wild Celebrants,THS,Theros,147,normal,common,en,0.3,EUR,e7ab4e29-44c7-431a-ba11-b2f4f9c75ab1,Creature — Satyr,{3}{R}{R},5.0,"[""R""]","[""R""]","When this creature enters, you may destroy target artifact.",2013-09-27
979,1,Wild Instincts,ORI,Magic Origins,206,normal,common,en,0.3,EUR,58fafd9d-777f-4d88-ad93-63af6d7ef274,Sorcery,{3}{G},4.0,"[""G""]","[""G""]",Target creature you control gets +2/+2 until end of turn. It fights target creature an opponent controls. (Each deals damage equal to its power to the other.),2015-07-17
2547,1,Wild Ride,TDM,Tarkir: Dragonstorm,132,normal,common,en,0.3,EUR,abc8c6f5-6135-428e-8476-1751f82623f9,,,,,,,
980,1,Wild Wanderer,KLD,Kaladesh,173,normal,common,en,0.3,EUR,0d20e020-30e1-4deb-8dfc-4c5fe056193d,Creature — Elf Druid,{3}{G},4.0,"[""G""]","[""G""]","When this creature enters, you may search your library for a basic land card, put it onto the battlefield tapped, then shuffle.",2016-09-30
981,1,Wildsize,IMA,Iconic Masters,191,normal,common,en,0.3,EUR,9b80bc77-eee4-4384-904a-b746be5987ac,Instant,{2}{G},3.0,"[""G""]","[""G""]","Target creature gets +2/+2 and gains trample until end of turn.
Draw a card.",2017-11-17
2445,1,Wildvine Pummeler,ECL,Lorwyn Eclipsed,203,normal,common,en,0.3,EUR,11bad5c7-fe9a-4d89-a531-8d4f03d5a0e4,Creature — Giant Berserker,{6}{G},7.0,"[""G""]","[""G""]","Vivid — This spell costs {1} less to cast for each color among permanents you control.
Reach, trample",2026-01-23
279,3,Will-Forged Golem,M15,Magic 2015,239,normal,common,en,0.3,EUR,0175bafa-dc9f-464c-8f9e-dd4131732652,Artifact Creature — Golem,{6},6.0,[],[],Convoke (Your creatures can help cast this spell. Each creature you tap while casting this spell pays for {1} or one mana of that creature's color.),2014-07-18
1801,1,Wind Drake,KLD,Kaladesh,70,normal,common,en,0.3,EUR,5e227a63-abea-494e-9d66-6ff0a3da14ca,Creature — Drake,{2}{U},3.0,"[""U""]","[""U""]",Flying,2016-09-30
280,1,Wind-Scarred Crag,ELD,Throne of Eldraine,308,normal,common,en,0.3,EUR,75f5875e-487f-4586-95f3-3627050a6744,Land,,0.0,[],"[""R"",""W""]","This land enters tapped.
When this land enters, you gain 1 life.
{T}: Add {R} or {W}.",2019-10-04
982,1,Windstorm,GVL,Duel Decks Anthology: Garruk vs. Liliana,25,normal,uncommon,en,0.3,EUR,43baa030-c455-4922-bd42-d36181dbb319,Instant,{X}{G},1.0,"[""G""]","[""G""]",Windstorm deals X damage to each creature with flying.,2014-12-05
1802,1,Wings of Velis Vel,MM2,Modern Masters 2015,70,normal,common,en,0.34,EUR,cc5f287b-beaa-4b51-8db7-91982e2c0bb0,Kindred Instant — Shapeshifter,{1}{U},2.0,"[""U""]","[""U""]","Changeling (This card is every creature type.)
Until end of turn, target creature has base power and toughness 4/4, gains all creature types, and gains flying.",2015-05-22
1803,1,Wingshield Agent,SNC,Streets of New Capenna,64,normal,uncommon,en,0.3,EUR,b9ec36ec-1a9c-41db-b304-c23286a4d182,Creature — Human Soldier,{2}{U},3.0,"[""U""]","[""U""]","This creature enters with a shield counter on it. (If it would be dealt damage or destroyed, remove a shield counter from it instead.)
Whenever this creature attacks, up to one other target creature gains flying until end of turn.",2022-04-29
2203,2,Wingsteed Rider,UMA,Ultimate Masters,43,normal,common,en,0.3,EUR,9b189050-522b-4b8a-b4e6-1f5158ebe519,Creature — Human Knight,{1}{W}{W},3.0,"[""W""]","[""W""]","Flying
Heroic — Whenever you cast a spell that targets this creature, put a +1/+1 counter on this creature.",2018-12-07
596,1,Winter's Intervention,DSK,Duskmourn: House of Horror,123,normal,common,en,0.3,EUR,b33d38fa-bbcf-4bcc-93a8-adbfd9c93faa,Instant,{1}{B},2.0,"[""B""]","[""B""]",Winter's Intervention deals 2 damage to target creature. You gain 2 life.,2024-09-27
1804,2,Wishcoin Crab,GRN,Guilds of Ravnica,60,normal,common,en,0.3,EUR,6580d6a2-ee21-4442-9842-18c65a172f49,Creature — Crab,{3}{U},4.0,"[""U""]","[""U""]",,2018-10-05
597,3,Witch's Familiar,M15,Magic 2015,123,normal,common,en,0.3,EUR,8c9f3b3b-de16-4ae5-844e-1373e0f84469,Creature — Frog,{2}{B},3.0,"[""B""]","[""B""]",,2014-07-18
598,1,"Witch-king, Bringer of Ruin",LTR,The Lord of the Rings: Tales of Middle-earth,391,normal,rare,en,17.18,EUR,5c0305f6-a0c6-4197-9aa6-789fa855cb17,Legendary Creature — Wraith Noble,{4}{B}{B},6.0,"[""B""]","[""B""]","Flying
Whenever Witch-king attacks, defending player sacrifices a creature with the least power among creatures they control.",2023-06-23
2204,1,Withstand,GPT,Guildpact,21,normal,common,en,0.3,EUR,bb458f79-13dd-4446-be75-463f19548867,Instant,{2}{W},3.0,"[""W""]","[""W""]","Prevent the next 3 damage that would be dealt to any target this turn.
Draw a card.",2006-02-03
608,1,Wolf,TELD,Throne of Eldraine Tokens,14,normal,common,en,1.11,EUR,88452ed7-1065-41c3-94a6-dc41108c45c1,Token Creature — Wolf,,0.0,"[""B"",""G""]","[""B"",""G""]","When this creature dies, put a loyalty counter on each Garruk you control.",2019-10-04
983,1,Wolfkin Bond,M20,Core Set 2020,203,normal,common,en,0.3,EUR,2c419a2b-4389-49bc-91f1-a613ffcbfa0b,Enchantment — Aura,{4}{G},5.0,"[""G""]","[""G""]","Enchant creature
When this Aura enters, create a 2/2 green Wolf creature token.
Enchanted creature gets +2/+2.",2019-07-12
984,1,Woodcutter's Grit,EMN,Eldritch Moon,179,normal,common,en,0.3,EUR,cc329134-4b71-4c33-8cfb-c3867a733115,Instant,{2}{G},3.0,"[""G""]","[""G""]",Target creature you control gets +3/+3 and gains hexproof until end of turn. (It can't be the target of spells or abilities your opponents control.),2016-07-22
985,1,Woodland Patrol,EMN,Eldritch Moon,180,normal,common,en,0.3,EUR,7a134bd1-3c5a-467e-bad1-65548b33faa5,Creature — Human Scout,{2}{G},3.0,"[""G""]","[""G""]",Vigilance,2016-07-22
281,1,Woodweaver's Puzzleknot,KLD,Kaladesh,240,normal,common,en,0.3,EUR,899d7420-f16d-4910-adf7-6deff47ecf1e,Artifact,{2},2.0,[],"[""G""]","When this artifact enters, you gain 3 life and get {E}{E}{E} (three energy counters).
{2}{G}, Sacrifice this artifact: You gain 3 life and get {E}{E}{E}.",2016-09-30
282,1,Workshop Assistant,KLD,Kaladesh,241,normal,common,en,0.3,EUR,509a1a3a-d9a6-4903-95f6-dae6b330f4ea,Artifact Creature — Construct,{3},3.0,[],[],"When this creature dies, return another target artifact card from your graveyard to your hand.",2016-09-30
986,4,Wose Pathfinder,LTR,The Lord of the Rings: Tales of Middle-earth,190,normal,common,en,0.3,EUR,6589b339-9067-4e9b-bfdb-c49f8b3ef2d4,Creature — Human Shaman,{1}{G},2.0,"[""G""]","[""G""]","{T}: Add one mana of any color.
{6}{G}, {T}: Another target creature gets +3/+3 and gains trample until end of turn.",2023-06-23
283,1,Wreck Remover,DFT,Aetherdrift,247,normal,common,en,0.3,EUR,e3151960-cc0c-47b5-b476-295d7a17ae14,Artifact Creature — Construct,{4},4.0,[],[],"Whenever this creature enters or attacks, exile up to one target card from a graveyard. You gain 1 life.
Cycling {2} ({2}, Discard this card: Draw a card.)",2025-02-14
599,1,Wretched Doll,DFT,Aetherdrift,111,normal,uncommon,en,0.3,EUR,4983177d-fbf4-47fa-997f-9d08294870f2,Artifact Creature — Toy,{1}{B},2.0,"[""B""]","[""B""]","{B}, {T}: Surveil 1. (Look at the top card of your library. You may put that card into your graveyard.)",2025-02-14
987,1,Wurm,TC19,Commander 2019 Tokens,21,normal,common,en,0.68,EUR,52df7443-9af7-4cab-a69a-2ffd04b48815,Token Creature — Wurm,,0.0,"[""G""]","[""G""]",,2019-08-01
636,1,"Xande, Dark Mage",FIN,Final Fantasy,561,normal,rare,en,0.42,EUR,1caed9a8-b73b-470e-b9d8-8c3b7cac3eee,Legendary Creature — Human Wizard,{2}{U}{B},4.0,"[""B"",""U""]","[""B"",""U""]","Menace (This creature can't be blocked except by two or more creatures.)
Xande gets +1/+1 for each noncreature, nonland card in your graveyard.",2025-06-13
600,1,Xathrid Slyblade,M15,Magic 2015,124,normal,uncommon,en,0.3,EUR,909a9252-1e97-4e85-9648-66050f301f8a,Creature — Human Assassin,{2}{B},3.0,"[""B""]","[""B""]","Hexproof (This creature can't be the target of spells or abilities your opponents control.)
{3}{B}: Until end of turn, this creature loses hexproof and gains first strike and deathtouch. (It deals combat damage before creatures without first strike. Any amount of damage it deals to a creature is enough to destroy it.)",2014-07-18
1004,1,"Xenagos, the Reveler",THS,Theros,209,normal,mythic,en,1.97,EUR,3aecfe99-9c4b-4087-84ee-fb208fd22820,Legendary Planeswalker — Xenagos,{2}{R}{G},4.0,"[""G"",""R""]","[""G"",""R""]","+1: Add X mana in any combination of {R} and/or {G}, where X is the number of creatures you control.
0: Create a 2/2 red and green Satyr creature token with haste.
−6: Exile the top seven cards of your library. You may put any number of creature and/or land cards from among them onto the battlefield.",2013-09-27
1426,1,Yamabushi's Flame,CHK,Champions of Kamigawa,198,normal,common,en,0.3,EUR,1a9bacba-55c4-4b92-bdd9-01b6035ed1b2,Instant,{2}{R},3.0,"[""R""]","[""R""]","Yamabushi's Flame deals 3 damage to any target. If a creature dealt damage this way would die this turn, exile it instead.",2004-10-01
284,2,Yavimaya Coast,C19,Commander 2019,287,normal,rare,en,0.51,EUR,2f68a254-e104-42c6-954c-390a8b8f9558,Land,,0.0,[],"[""G"",""U""]","{T}: Add {C}.
{T}: Add {G} or {U}. This land deals 1 damage to you.",2019-08-23
988,1,Yavimaya Sapherd,DOM,Dominaria,189,normal,common,en,0.3,EUR,5ef6b657-7273-4abe-92f4-e1e4cda78f96,Creature — Fungus,{2}{G},3.0,"[""G""]","[""G""]","When this creature enters, create a 1/1 green Saproling creature token.",2018-04-27
989,1,Yeva's Forcemage,ORI,Magic Origins,208,normal,common,en,0.3,EUR,50b9fdbf-d7c3-43f7-ad4c-54a6d37440c1,Creature — Elf Shaman,{2}{G},3.0,"[""G""]","[""G""]","When this creature enters, target creature gets +2/+2 until end of turn.",2015-07-17
2205,3,Yoked Ox,M20,Core Set 2020,41,normal,common,en,0.3,EUR,a73f186b-c897-4a98-bc25-8e4aa348d8c9,Creature — Ox,{W},1.0,"[""W""]","[""W""]",,2019-07-12
2206,1,Yoked Plowbeast,ALA,Shards of Alara,31,normal,common,en,0.3,EUR,ddbbc7dc-efdf-46e8-bf19-0daa4034f6ec,Creature — Beast,{5}{W}{W},7.0,"[""W""]","[""W""]","Cycling {2} ({2}, Discard this card: Draw a card.)",2008-10-03
1033,1,Yotian Dissident,BRO,The Brothers' War,227,normal,uncommon,en,0.3,EUR,1eb02f00-c188-4193-a049-d26f7643e5da,Creature — Human Artificer,{G}{W},2.0,"[""G"",""W""]","[""G"",""W""]","Whenever an artifact you control enters, put a +1/+1 counter on target creature you control.",2022-11-18
285,2,Yotian Soldier,BBD,Battlebond,249,normal,common,en,0.3,EUR,9e71190b-c96c-4aea-9696-780c69eff395,Artifact Creature — Soldier,{3},3.0,[],[],Vigilance,2018-06-08
1817,3,Yotian Tactician,BRO,The Brothers' War,228,normal,uncommon,en,0.3,EUR,760c0369-c2e4-4bd7-a301-9f707f5f48a8,Creature — Human Soldier,{2}{W}{U},4.0,"[""U"",""W""]","[""U"",""W""]",Other Soldiers you control get +1/+1.,2022-11-18
2207,1,You Cannot Pass!,LTR,The Lord of the Rings: Tales of Middle-earth,38,normal,uncommon,en,0.3,EUR,116d4030-acd2-4aa2-8254-aaaff1264459,Instant,{W},1.0,"[""W""]","[""W""]",Destroy target creature that blocked or was blocked by a legendary creature this turn.,2023-06-23
1805,1,"Zahid, Djinn of the Lamp",GNT,Game Night,26,normal,rare,en,0.42,EUR,469e18c7-d023-4293-85e4-1aaf336f5d8c,Legendary Creature — Djinn,{4}{U}{U},6.0,"[""U""]","[""U""]","You may pay {3}{U} and tap an untapped artifact you control rather than pay this spell's mana cost.
Flying",2018-11-16
1005,1,Zendikar Incarnate,C18,Commander 2018,195,normal,uncommon,en,0.3,EUR,8d883c60-1512-4bcc-8a0c-3db5acce63e5,Creature — Elemental,{2}{R}{G},4.0,"[""G"",""R""]","[""G"",""R""]",Zendikar Incarnate's power is equal to the number of lands you control.,2018-08-10
1006,1,Zhur-Taa Ancient,DGM,Dragon's Maze,119,normal,rare,en,0.85,EUR,2076308f-0f4e-4b31-9e75-c2965942e7d1,Creature — Beast,{3}{R}{G},5.0,"[""G"",""R""]","[""G"",""R""]","Whenever a player taps a land for mana, that player adds one mana of any type that land produced.",2013-05-03
1007,1,Zhur-Taa Druid,GK2,RNA Guild Kit,101,normal,common,en,0.68,EUR,6801d19b-06c5-44d3-b3c2-9b76d1b07eb9,Creature — Human Druid,{R}{G},2.0,"[""G"",""R""]","[""G"",""R""]","{T}: Add {G}.
Whenever you tap this creature for mana, it deals 1 damage to each opponent.",2019-02-15
601,3,Zof Shade,M15,Magic 2015,125,normal,common,en,0.3,EUR,98b39bdf-445c-40a8-8999-1e8fbbda4ae9,Creature — Shade,{3}{B},4.0,"[""B""]","[""B""]",{2}{B}: This creature gets +2/+2 until end of turn.,2014-07-18
2586,2,"Zog, Triceraton Castaway",TMT,Teenage Mutant Ninja Turtles,111,normal,common,en,0.3,EUR,a83a70ba-448e-45f3-b23b-6f38af54811f,,,,,,,
2234,3,Zombie,TC19,Commander 2019 Tokens,10,normal,common,en,0.3,EUR,59bad855-ff86-4f98-bf18-0982c7aea9c5,Token Creature — Zombie,,0.0,"[""B""]","[""B""]",,2019-08-01
2291,1,Zuko's Exile,TLA,Avatar: The Last Airbender,3,normal,common,en,0.3,EUR,9090b055-3406-4fed-a8c6-3f6353a9600e,Instant — Lesson,{5},5.0,[],[],"Exile target artifact, creature, or enchantment. Its controller creates a Clue token. (It's an artifact with ""{2}, Sacrifice this token: Draw a card."")",2025-11-21
2317,1,"Zuko, Seeking Honor",TLE,Avatar: The Last Airbender Eternal,150,normal,uncommon,en,0.3,EUR,365fa3f6-a210-4342-9413-fcb7812ff4f4,Legendary Creature — Human Noble,{2}{B/R},3.0,"[""B"",""R""]","[""B"",""R""]","Firebending 1 (Whenever this creature attacks, add {R}. This mana lasts until end of combat.)
Whenever you cast a noncreature spell, Zuko gains first strike until end of turn.
Whenever Zuko deals combat damage to a player, put a +1/+1 counter on him.",2025-11-21
